Day of sim.,Day of year,Year,Slurry mass,Frozen mass,Slurry depth,Air T,Wall T,Floor T,Slurry T
,,,(Mg = 1000 kg),(Mg = 1000 kg),(m),(deg. C),(deg. C),(deg. C),(deg. C)
day,doy,year,slurry_mass,frozen_mass,slurry_depth,air_temp,wall_temp,floor_temp,slurry_temp
   1,  1,   1, 2264.30,    0.00,    3.00,    0.13,    0.78,    2.42,   14.89
   2,  2,   1, 2272.73,    0.00,    3.01,    0.63,    0.38,    1.90,   14.70
   3,  3,   1, 2281.16,    0.00,    3.02,   -0.76,   -0.06,    1.06,   14.49
   4,  4,   1, 2289.58,    0.00,    3.03,   -0.13,   -0.45,    0.26,   14.29
   5,  5,   1, 2298.01,    0.00,    3.04,   -0.56,   -0.35,   -0.14,   14.09
   6,  6,   1, 2306.44,    0.00,    3.06,   -1.87,   -1.21,   -0.54,   13.88
   7,  7,   1, 2314.87,    0.00,    3.07,   -0.74,   -1.31,   -0.81,   13.67
   8,  8,   1, 2323.30,    0.00,    3.08,   -0.19,   -0.46,   -0.70,   13.47
   9,  9,   1, 2331.73,    0.00,    3.09,   -2.27,   -1.23,   -1.13,   13.27
  10, 10,   1, 2340.15,    0.00,    3.10,   -1.53,   -1.90,   -1.32,   13.07
  11, 11,   1, 2348.58,    0.00,    3.11,   -1.90,   -1.71,   -1.33,   12.87
  12, 12,   1, 2357.01,    0.00,    3.12,   -3.19,   -2.55,   -1.82,   12.66
  13, 13,   1, 2365.44,    0.00,    3.13,   -3.35,   -3.27,   -2.45,   12.45
  14, 14,   1, 2373.87,    0.00,    3.15,   -4.47,   -3.91,   -2.89,   12.23
  15, 15,   1, 2382.29,    0.00,    3.16,  -10.20,   -7.34,   -4.62,   11.98
  16, 16,   1, 2390.72,    0.00,    3.17,   -3.91,   -7.06,   -5.02,   11.73
  17, 17,   1, 2399.15,    0.00,    3.18,   -3.05,   -3.48,   -5.00,   11.52
  18, 18,   1, 2407.58,    0.00,    3.19,   -1.67,   -2.36,   -4.66,   11.33
  19, 19,   1, 2416.01,    0.00,    3.20,   -1.51,   -1.59,   -4.07,   11.15
  20, 20,   1, 2424.44,    0.00,    3.21,    0.34,   -0.58,   -1.96,   10.99
  21, 21,   1, 2432.86,    0.00,    3.22,    2.02,    1.18,   -0.77,   10.85
  22, 22,   1, 2441.29,    0.00,    3.23,    1.96,    1.99,    0.23,   10.73
  23, 23,   1, 2449.72,    0.00,    3.25,    3.00,    2.48,    1.16,   10.62
  24, 24,   1, 2458.15,    0.00,    3.26,   -1.90,    0.55,    1.08,   10.49
  25, 25,   1, 2466.58,    0.00,    3.27,   -0.95,   -1.43,    0.83,   10.35
  26, 26,   1, 2475.00,    0.00,    3.28,   -3.49,   -2.22,   -0.28,   10.19
  27, 27,   1, 2483.43,    0.00,    3.29,   -7.17,   -5.33,   -2.10,   10.00
  28, 28,   1, 2491.86,    0.00,    3.30,   -4.99,   -6.08,   -3.70,    9.80
  29, 29,   1, 2500.29,    0.00,    3.31,   -4.31,   -4.65,   -4.18,    9.62
  30, 30,   1, 2508.72,    0.00,    3.32,  -12.10,   -8.21,   -6.41,    9.40
  31, 31,   1, 2517.15,    0.00,    3.33,  -14.30,  -13.20,   -8.57,    9.12
  32, 32,   1, 2525.57,    0.00,    3.35,  -11.20,  -12.75,   -9.38,    8.86
  33, 33,   1, 2534.00,    0.00,    3.36,   -7.32,   -9.26,   -9.85,    8.63
  34, 34,   1, 2542.43,    0.00,    3.37,   -7.08,   -7.20,  -10.40,    8.42
  35, 35,   1, 2550.86,    0.00,    3.38,   -9.35,   -8.22,   -9.85,    8.21
  36, 36,   1, 2559.29,    0.00,    3.39,  -10.90,  -10.12,   -9.17,    7.98
  37, 37,   1, 2567.71,    0.00,    3.40,  -10.50,  -10.70,   -9.03,    7.76
  38, 38,   1, 2576.14,    0.00,    3.41,  -14.30,  -12.40,  -10.43,    7.51
  39, 39,   1, 2584.57,    0.00,    3.42,  -12.80,  -13.55,  -11.57,    7.26
  40, 40,   1, 2593.00,    0.00,    3.44,  -17.20,  -15.00,  -13.14,    7.00
  41, 41,   1, 2601.43,    0.00,    3.45,  -15.40,  -16.30,  -14.04,    6.72
  42, 42,   1, 2609.86,    0.00,    3.46,  -14.20,  -14.80,  -14.78,    6.45
  43, 43,   1, 2618.28,    0.00,    3.47,  -11.40,  -12.80,  -14.20,    6.22
  44, 44,   1, 2626.71,    0.00,    3.48,   -9.19,  -10.29,  -13.48,    6.01
  45, 45,   1, 2635.14,    0.00,    3.49,   -4.32,   -6.75,  -10.90,    5.85
  46, 46,   1, 2643.57,    0.00,    3.50,  -10.40,   -7.36,   -9.90,    5.69
  47, 47,   1, 2652.00,    0.00,    3.51,   -9.96,  -10.18,   -9.05,    5.50
  48, 48,   1, 2660.42,    0.00,    3.52,   -4.58,   -7.27,   -7.69,    5.35
  49, 49,   1, 2668.85,    0.00,    3.54,   -4.90,   -4.74,   -6.83,    5.23
  50, 50,   1, 2677.28,    0.00,    3.55,    0.31,   -2.30,   -5.91,    5.13
  51, 51,   1, 2685.71,    0.00,    3.56,    2.10,    1.20,   -3.41,    5.07
  52, 52,   1, 2694.14,    0.00,    3.57,    3.37,    2.74,   -0.74,    5.04
  53, 53,   1, 2702.57,    0.00,    3.58,    2.15,    2.76,    0.61,    5.00
  54, 54,   1, 2710.99,    0.00,    3.59,    2.42,    2.29,    2.07,    4.97
  55, 55,   1, 2719.42,    0.00,    3.60,    5.28,    3.85,    3.06,    4.96
  56, 56,   1, 2727.85,    0.00,    3.61,    8.64,    6.96,    4.37,    4.98
  57, 57,   1, 2736.28,    0.00,    3.63,    5.76,    7.20,    4.85,    5.00
  58, 58,   1, 2744.71,    0.00,    3.64,    2.15,    3.96,    4.85,    5.00
  59, 59,   1, 2753.13,    0.00,    3.65,    3.62,    2.89,    5.09,    4.99
  60, 60,   1, 2761.56,    0.00,    3.66,    3.07,    3.35,    4.65,    4.99
  61, 61,   1, 2770.00,    0.00,    3.67,    3.08,    3.08,    3.54,    4.98
  62, 62,   1, 2776.38,    0.00,    3.68,    2.35,    2.72,    2.85,    4.97
  63, 63,   1, 2782.77,    0.00,    3.69,   -1.00,    0.68,    2.22,    4.94
  64, 64,   1, 2789.16,    0.00,    3.70,   -3.36,   -2.18,    0.83,    4.87
  65, 65,   1, 2795.54,    0.00,    3.70,    1.65,   -0.85,    0.54,    4.82
  66, 66,   1, 2801.93,    0.00,    3.71,   -0.44,    0.60,   -0.16,    4.78
  67, 67,   1, 2808.32,    0.00,    3.72,   -0.88,   -0.66,   -0.81,    4.73
  68, 68,   1, 2814.70,    0.00,    3.73,   -1.76,   -1.32,   -0.96,    4.67
  69, 69,   1, 2821.09,    0.00,    3.74,   -5.37,   -3.56,   -1.36,    4.58
  70, 70,   1, 2827.48,    0.00,    3.75,   -1.65,   -3.51,   -2.02,    4.50
  71, 71,   1, 2833.86,    0.00,    3.75,    1.73,    0.04,   -1.58,    4.45
  72, 72,   1, 2840.25,    0.00,    3.76,    3.08,    2.41,   -0.79,    4.42
  73, 73,   1, 2846.64,    0.00,    3.77,    1.80,    2.44,   -0.08,    4.40
  74, 74,   1, 2853.02,    0.00,    3.78,    1.88,    1.84,    1.37,    4.38
  75, 75,   1, 2859.41,    0.00,    3.79,    0.96,    1.42,    1.89,    4.36
  76, 76,   1, 2865.79,    0.00,    3.80,   -0.37,    0.30,    1.47,    4.32
  77, 77,   1, 2872.18,    0.00,    3.81,   -1.41,   -0.89,    0.57,    4.28
  78, 78,   1, 2878.57,    0.00,    3.81,   -2.34,   -1.87,   -0.26,    4.22
  79, 79,   1, 2884.95,    0.00,    3.82,    2.65,    0.16,   -0.10,    4.19
  80, 80,   1, 2891.34,    0.00,    3.83,    3.33,    2.99,    0.37,    4.19
  81, 81,   1, 2897.73,    0.00,    3.84,    4.03,    3.68,    1.25,    4.19
  82, 82,   1, 2904.11,    0.00,    3.85,    6.68,    5.36,    2.87,    4.21
  83, 83,   1, 2910.50,    0.00,    3.86,    7.06,    6.87,    4.75,    4.25
  84, 84,   1, 2916.89,    0.00,    3.86,    6.62,    6.84,    5.54,    4.30
  85, 85,   1, 2923.27,    0.00,    3.87,    6.45,    6.54,    6.17,    4.34
  86, 86,   1, 2929.66,    0.00,    3.88,    7.14,    6.80,    6.79,    4.38
  87, 87,   1, 2936.05,    0.00,    3.89,    4.45,    5.80,    6.34,    4.41
  88, 88,   1, 2942.43,    0.00,    3.90,    8.21,    6.33,    6.57,    4.43
  89, 89,   1, 2948.82,    0.00,    3.91,   10.80,    9.51,    7.41,    4.49
  90, 90,   1, 2955.20,    0.00,    3.92,    5.88,    8.34,    7.30,    4.54
  91, 91,   1, 2961.59,    0.00,    3.92,    3.55,    4.72,    6.58,    4.56
  92, 92,   1, 2967.98,    0.00,    3.93,    3.70,    3.63,    6.43,    4.58
  93, 93,   1, 2974.36,    0.00,    3.94,    5.08,    4.39,    5.80,    4.60
  94, 94,   1, 2980.75,    0.00,    3.95,    6.60,    5.84,    4.96,    4.63
  95, 95,   1, 2987.14,    0.00,    3.96,    2.11,    4.36,    4.21,    4.65
  96, 96,   1, 2993.52,    0.00,    3.97,    3.40,    2.76,    4.18,    4.65
  97, 97,   1, 2999.91,    0.00,    3.97,    3.07,    3.24,    4.05,    4.65
  98, 98,   1, 3006.30,    0.00,    3.98,    1.28,    2.18,    3.29,    4.65
  99, 99,   1, 3012.68,    0.00,    3.99,    4.12,    2.70,    2.80,    4.65
 100,100,   1, 3019.07,    0.00,    4.00,    4.18,    4.15,    3.21,    4.66
 101,101,   1, 1132.15,    0.00,    1.50,    3.23,    3.71,    3.18,    4.67
 102,102,   1, 1139.70,    0.00,    1.51,    2.96,    3.10,    3.15,    4.66
 103,103,   1, 1147.25,    0.00,    1.52,    2.29,    2.63,    3.36,    4.64
 104,104,   1, 1154.79,    0.00,    1.53,    1.39,    1.84,    2.81,    4.63
 105,105,   1, 1162.34,    0.00,    1.54,    2.40,    1.90,    2.45,    4.63
 106,106,   1, 1169.89,    0.00,    1.55,    4.49,    3.45,    2.71,    4.66
 107,107,   1, 1177.44,    0.00,    1.56,    6.48,    5.49,    3.41,    4.75
 108,108,   1, 1184.98,    0.00,    1.57,    6.48,    6.48,    4.25,    4.85
 109,109,   1, 1192.53,    0.00,    1.58,    6.22,    6.35,    5.21,    4.96
 110,110,   1, 1200.08,    0.00,    1.59,    7.10,    6.66,    6.15,    5.07
 111,111,   1, 1207.63,    0.00,    1.60,    7.52,    7.31,    6.76,    5.19
 112,112,   1, 1215.18,    0.00,    1.61,    1.53,    4.53,    5.77,    5.21
 113,113,   1, 1222.72,    0.00,    1.62,    3.52,    2.53,    5.18,    5.20
 114,114,   1, 1230.27,    0.00,    1.63,    1.88,    2.70,    4.31,    5.19
 115,115,   1, 1237.82,    0.00,    1.64,    0.99,    1.43,    3.09,    5.14
 116,116,   1, 1245.37,    0.00,    1.65,    1.74,    1.36,    1.93,    5.08
 117,117,   1, 1252.91,    0.00,    1.66,    2.71,    2.23,    2.17,    5.06
 118,118,   1, 1260.46,    0.00,    1.67,    3.22,    2.97,    2.11,    5.06
 119,119,   1, 1268.01,    0.00,    1.68,    3.48,    3.35,    2.43,    5.06
 120,120,   1, 1275.56,    0.00,    1.69,    3.42,    3.45,    2.91,    5.08
 121,121,   1, 1283.10,    0.00,    1.70,    3.76,    3.59,    3.32,    5.10
 122,122,   1, 1290.65,    0.00,    1.71,    6.16,    4.96,    4.01,    5.14
 123,123,   1, 1298.20,    0.00,    1.72,    5.55,    5.86,    4.47,    5.20
 124,124,   1, 1305.75,    0.00,    1.73,    6.52,    6.04,    5.08,    5.27
 125,125,   1, 1313.29,    0.00,    1.74,    3.37,    4.95,    5.07,    5.30
 126,126,   1, 1320.84,    0.00,    1.75,    3.10,    3.24,    4.94,    5.28
 127,127,   1, 1328.39,    0.00,    1.76,    3.17,    3.14,    4.34,    5.26
 128,128,   1, 1335.94,    0.00,    1.77,    6.07,    4.62,    4.45,    5.30
 129,129,   1, 1343.56,    0.00,    1.78,    5.90,    5.99,    4.32,    5.36
 130,130,   1, 1351.18,    0.00,    1.79,   12.50,    9.20,    6.15,    5.46
 131,131,   1, 1358.81,    0.00,    1.80,   15.40,   13.95,    8.61,    5.67
 132,132,   1, 1366.43,    0.00,    1.81,   15.60,   15.50,   11.09,    5.93
 133,133,   1, 1374.05,    0.00,    1.82,   17.60,   16.60,   13.40,    6.23
 134,134,   1, 1381.67,    0.00,    1.83,   13.00,   15.30,   14.82,    6.48
 135,135,   1, 1389.29,    0.00,    1.84,    9.62,   11.31,   14.24,    6.64
 136,136,   1, 1396.91,    0.00,    1.85,   10.90,   10.26,   13.34,    6.76
 137,137,   1, 1404.53,    0.00,    1.86,   10.90,   10.90,   12.40,    6.89
 138,138,   1, 1412.16,    0.00,    1.87,   11.50,   11.20,   11.18,    7.03
 139,139,   1, 1419.78,    0.00,    1.88,   12.50,   12.00,   11.08,    7.20
 140,140,   1, 1427.40,    0.00,    1.89,   12.50,   12.50,   11.66,    7.38
 141,141,   1, 1435.02,    0.00,    1.90,    9.93,   11.22,   11.47,    7.52
 142,142,   1, 1442.64,    0.00,    1.91,   11.20,   10.57,   11.53,    7.64
 143,143,   1, 1450.26,    0.00,    1.92,    8.07,    9.64,   10.84,    7.73
 144,144,   1, 1457.89,    0.00,    1.93,    8.70,    8.39,   10.08,    7.78
 145,145,   1, 1465.51,    0.00,    1.94,   11.80,   10.25,    9.94,    7.87
 146,146,   1, 1473.13,    0.00,    1.95,    9.02,   10.41,    9.76,    7.95
 147,147,   1, 1480.75,    0.00,    1.96,    6.45,    7.74,    8.81,    7.96
 148,148,   1, 1488.37,    0.00,    1.97,   11.30,    8.88,    9.45,    8.02
 149,149,   1, 1495.99,    0.00,    1.98,   12.10,   11.70,   10.13,    8.17
 150,150,   1, 1503.62,    0.00,    1.99,   13.60,   12.85,   10.49,    8.34
 151,151,   1, 1511.24,    0.00,    2.00,   13.60,   13.60,   11.41,    8.49
 152,152,   1, 1518.86,    0.00,    2.01,   13.00,   13.30,   12.72,    8.64
 153,153,   1, 1526.48,    0.00,    2.02,   14.90,   13.95,   13.44,    8.81
 154,154,   1, 1534.10,    0.00,    2.03,   15.40,   15.15,   14.10,    9.00
 155,155,   1, 1541.72,    0.00,    2.04,   15.90,   15.65,   14.56,    9.20
 156,156,   1, 1549.35,    0.00,    2.05,   18.00,   16.95,   15.44,    9.42
 157,157,   1, 1556.97,    0.00,    2.06,   18.80,   18.40,   16.60,    9.66
 158,158,   1, 1564.59,    0.00,    2.07,   19.10,   18.95,   17.44,    9.90
 159,159,   1, 1572.21,    0.00,    2.08,   17.40,   18.25,   17.84,   10.10
 160,160,   1, 1579.83,    0.00,    2.09,   17.30,   17.35,   18.12,   10.29
 161,161,   1, 1587.45,    0.00,    2.10,   18.40,   17.85,   18.20,   10.50
 162,162,   1, 1595.08,    0.00,    2.11,   19.40,   18.90,   18.32,   10.73
 163,163,   1, 1602.70,    0.00,    2.12,   15.70,   17.55,   17.64,   10.91
 164,164,   1, 1610.32,    0.00,    2.13,   14.90,   15.30,   17.14,   11.06
 165,165,   1, 1617.94,    0.00,    2.14,   15.40,   15.15,   16.76,   11.20
 166,166,   1, 1625.56,    0.00,    2.15,   13.00,   14.20,   15.68,   11.29
 167,167,   1, 1633.18,    0.00,    2.16,   18.30,   15.65,   15.46,   11.41
 168,168,   1, 1640.81,    0.00,    2.17,   16.40,   17.35,   15.60,   11.56
 169,169,   1, 1648.43,    0.00,    2.18,   13.30,   14.85,   15.28,   11.64
 170,170,   1, 1656.05,    0.00,    2.19,   17.60,   15.45,   15.72,   11.75
 171,171,   1, 1663.67,    0.00,    2.20,   20.40,   19.00,   17.20,   11.95
 172,172,   1, 1671.29,    0.00,    2.21,   20.60,   20.50,   17.66,   12.17
 173,173,   1, 1678.91,    0.00,    2.22,   19.30,   19.95,   18.24,   12.37
 174,174,   1, 1686.54,    0.00,    2.23,   17.60,   18.45,   19.10,   12.56
 175,175,   1, 1694.16,    0.00,    2.24,   19.10,   18.35,   19.40,   12.74
 176,176,   1, 1701.78,    0.00,    2.25,   22.50,   20.80,   19.82,   12.95
 177,177,   1, 1709.40,    0.00,    2.26,   23.50,   23.00,   20.40,   13.19
 178,178,   1, 1717.02,    0.00,    2.27,   23.10,   23.30,   21.16,   13.43
 179,179,   1, 1724.64,    0.00,    2.28,   23.20,   23.15,   22.28,   13.67
 180,180,   1, 1732.26,    0.00,    2.30,   22.70,   22.95,   23.00,   13.89
 181,181,   1, 1739.89,    0.00,    2.31,   19.80,   21.25,   22.46,   14.08
 182,182,   1, 1747.51,    0.00,    2.32,   15.60,   17.70,   20.88,   14.19
 183,183,   1, 1755.13,    0.00,    2.33,   15.70,   15.65,   19.40,   14.27
 184,184,   1, 1762.75,    0.00,    2.34,   15.50,   15.60,   17.86,   14.35
 185,185,   1, 1770.37,    0.00,    2.35,   15.40,   15.45,   16.40,   14.43
 186,186,   1, 1777.99,    0.00,    2.36,   13.60,   14.50,   15.16,   14.48
 187,187,   1, 1785.62,    0.00,    2.37,   14.50,   14.05,   14.94,   14.49
 188,188,   1, 1793.24,    0.00,    2.38,   14.30,   14.40,   14.66,   14.52
 189,189,   1, 1800.86,    0.00,    2.39,   14.70,   14.50,   14.50,   14.56
 190,190,   1, 1808.48,    0.00,    2.40,   11.90,   13.30,   13.80,   14.58
 191,191,   1, 1816.10,    0.00,    2.41,   14.60,   13.25,   14.00,   14.62
 192,192,   1, 1823.72,    0.00,    2.42,   12.90,   13.75,   13.68,   14.65
 193,193,   1, 1831.35,    0.00,    2.43,   14.20,   13.55,   13.66,   14.66
 194,194,   1, 1838.97,    0.00,    2.44,   13.30,   13.75,   13.38,   14.69
 195,195,   1, 1846.59,    0.00,    2.45,   13.50,   13.40,   13.70,   14.71
 196,196,   1, 1854.21,    0.00,    2.46,   16.00,   14.75,   13.98,   14.75
 197,197,   1, 1861.83,    0.00,    2.47,   16.20,   16.10,   14.64,   14.81
 198,198,   1, 1869.45,    0.00,    2.48,   17.30,   16.75,   15.26,   14.87
 199,199,   1, 1877.08,    0.00,    2.49,   20.00,   18.65,   16.60,   14.98
 200,200,   1, 1884.70,    0.00,    2.50,   19.50,   19.75,   17.80,   15.11
 201,201,   1, 1892.32,    0.00,    2.51,   20.50,   20.00,   18.70,   15.23
 202,202,   1, 1899.94,    0.00,    2.52,   19.50,   20.00,   19.36,   15.34
 203,203,   1, 1907.56,    0.00,    2.53,   13.90,   16.70,   18.68,   15.40
 204,204,   1, 1915.18,    0.00,    2.54,   14.30,   14.10,   17.54,   15.43
 205,205,   1, 1922.81,    0.00,    2.55,   12.80,   13.55,   16.20,   15.46
 206,206,   1, 1930.43,    0.00,    2.56,   14.40,   13.60,   14.98,   15.49
 207,207,   1, 1938.05,    0.00,    2.57,   15.20,   14.80,   14.12,   15.52
 208,208,   1, 1945.67,    0.00,    2.58,   17.20,   16.20,   14.78,   15.58
 209,209,   1, 1953.29,    0.00,    2.59,   18.80,   18.00,   15.68,   15.66
 210,210,   1, 1960.91,    0.00,    2.60,   16.10,   17.45,   16.34,   15.71
 211,211,   1, 1968.54,    0.00,    2.61,   15.60,   15.85,   16.58,   15.75
 212,212,   1, 1976.16,    0.00,    2.62,   16.00,   15.80,   16.74,   15.78
 213,213,   1, 1983.78,    0.00,    2.63,   16.90,   16.45,   16.68,   15.82
 214,214,   1, 1991.40,    0.00,    2.64,   18.10,   17.50,   16.54,   15.89
 215,215,   1, 1999.02,    0.00,    2.65,   19.10,   18.60,   17.14,   15.97
 216,216,   1, 2006.64,    0.00,    2.66,   17.50,   18.30,   17.52,   16.04
 217,217,   1, 2014.27,    0.00,    2.67,   15.90,   16.70,   17.50,   16.09
 218,218,   1, 2021.89,    0.00,    2.68,   15.60,   15.75,   17.24,   16.13
 219,219,   1, 2029.51,    0.00,    2.69,   19.70,   17.65,   17.56,   16.19
 220,220,   1, 2037.13,    0.00,    2.70,   21.70,   20.70,   18.08,   16.29
 221,221,   1, 2044.75,    0.00,    2.71,   22.70,   22.20,   19.12,   16.42
 222,222,   1, 2052.37,    0.00,    2.72,   18.30,   20.50,   19.60,   16.52
 223,223,   1, 2059.99,    0.00,    2.73,   15.80,   17.05,   19.64,   16.58
 224,224,   1, 2067.62,    0.00,    2.74,   14.90,   15.35,   18.68,   16.62
 225,225,   1, 2075.24,    0.00,    2.75,   19.20,   17.05,   18.18,   16.68
 226,226,   1, 2082.86,    0.00,    2.76,   18.60,   18.90,   17.36,   16.75
 227,227,   1, 2090.48,    0.00,    2.77,   20.30,   19.45,   17.76,   16.82
 228,228,   1, 2098.10,    0.00,    2.78,   21.90,   21.10,   18.98,   16.92
 229,229,   1, 2105.72,    0.00,    2.79,   20.30,   21.10,   20.06,   17.02
 230,230,   1, 2113.35,    0.00,    2.80,   19.90,   20.10,   20.20,   17.11
 231,231,   1, 1955.79,    0.00,    2.59,   20.80,   20.35,   20.64,   17.20
 232,232,   1, 1798.23,    0.00,    2.38,   20.90,   20.85,   20.76,   17.30
 233,233,   1, 1640.68,    0.00,    2.17,   19.40,   20.15,   20.26,   17.40
 234,234,   1, 1483.12,    0.00,    1.97,   19.80,   19.60,   20.16,   17.48
 235,235,   1, 1325.56,    0.00,    1.76,   20.60,   20.20,   20.30,   17.58
 236,236,   1, 1168.00,    0.00,    1.55,   18.30,   19.45,   19.80,   17.66
 237,237,   1, 1010.45,    0.00,    1.34,   15.90,   17.10,   18.80,   17.70
 238,238,   1,  852.89,    0.00,    1.13,   13.20,   14.55,   17.56,   17.69
 239,239,   1,  864.21,    0.00,    1.15,   13.00,   13.10,   16.20,   17.64
 240,240,   1,  875.53,    0.00,    1.16,   12.40,   12.70,   14.56,   17.56
 241,241,   1,  886.85,    0.00,    1.18,   12.10,   12.25,   13.32,   17.45
 242,242,   1,  898.17,    0.00,    1.19,   12.40,   12.25,   12.62,   17.32
 243,243,   1,  909.50,    0.00,    1.21,   13.70,   13.05,   12.72,   17.21
 244,244,   1,  920.82,    0.00,    1.22,   10.80,   12.25,   12.28,   17.09
 245,245,   1,  932.14,    0.00,    1.24,   13.40,   12.10,   12.48,   17.00
 246,246,   1,  943.46,    0.00,    1.25,   11.50,   12.45,   12.36,   16.91
 247,247,   1,  954.78,    0.00,    1.27,   15.90,   13.70,   13.06,   16.83
 248,248,   1,  966.10,    0.00,    1.28,   15.60,   15.75,   13.44,   16.81
 249,249,   1,  977.42,    0.00,    1.30,   14.40,   15.00,   14.16,   16.79
 250,250,   1,  988.75,    0.00,    1.31,   12.70,   13.55,   14.02,   16.76
 251,251,   1, 1000.07,    0.00,    1.33,   12.20,   12.45,   14.16,   16.70
 252,252,   1, 1011.39,    0.00,    1.34,   14.10,   13.15,   13.80,   16.66
 253,253,   1, 1022.71,    0.00,    1.36,   13.00,   13.55,   13.28,   16.59
 254,254,   1, 1034.03,    0.00,    1.37,   10.50,   11.75,   12.50,   16.50
 255,255,   1, 1045.35,    0.00,    1.38,   10.90,   10.70,   12.14,   16.41
 256,256,   1, 1056.67,    0.00,    1.40,   13.20,   12.05,   12.34,   16.32
 257,257,   1, 1067.99,    0.00,    1.41,   12.90,   13.05,   12.10,   16.25
 258,258,   1, 1079.32,    0.00,    1.43,   14.70,   13.80,   12.44,   16.22
 259,259,   1, 1090.64,    0.00,    1.44,   13.70,   14.20,   13.08,   16.17
 260,260,   1, 1101.96,    0.00,    1.46,   12.90,   13.30,   13.48,   16.10
 261,261,   1, 1113.28,    0.00,    1.47,    9.51,   11.21,   12.74,   16.01
 262,262,   1, 1124.60,    0.00,    1.49,   11.10,   10.31,   12.38,   15.92
 263,263,   1, 1135.92,    0.00,    1.50,    8.37,    9.74,   11.12,   15.82
 264,264,   1, 1147.25,    0.00,    1.52,    8.07,    8.22,    9.99,   15.66
 265,265,   1, 1158.57,    0.00,    1.53,   13.40,   10.74,   10.09,   15.55
 266,266,   1, 1169.89,    0.00,    1.55,   13.40,   13.40,   10.87,   15.51
 267,267,   1, 1181.21,    0.00,    1.56,   12.90,   13.15,   11.23,   15.48
 268,268,   1, 1192.53,    0.00,    1.58,   14.40,   13.65,   12.43,   15.46
 269,269,   1, 1203.85,    0.00,    1.59,   12.20,   13.30,   13.26,   15.44
 270,270,   1, 1215.17,    0.00,    1.61,   14.30,   13.25,   13.44,   15.41
 271,271,   1, 1226.50,    0.00,    1.62,   12.70,   13.50,   13.30,   15.37
 272,272,   1, 1237.82,    0.00,    1.64,   12.20,   12.45,   13.16,   15.31
 273,273,   1, 1249.14,    0.00,    1.65,   12.90,   12.55,   12.86,   15.25
 274,274,   1, 1260.46,    0.00,    1.67,   13.20,   13.05,   13.06,   15.21
 275,275,   1, 1271.78,    0.00,    1.68,   11.70,   12.45,   12.54,   15.16
 276,276,   1, 1283.10,    0.00,    1.70,   13.10,   12.40,   12.62,   15.12
 277,277,   1, 1294.42,    0.00,    1.71,   12.70,   12.90,   12.72,   15.08
 278,278,   1, 1305.75,    0.00,    1.73,   13.70,   13.20,   12.88,   15.04
 279,279,   1, 1317.07,    0.00,    1.74,   14.10,   13.90,   13.06,   15.03
 280,280,   1, 1328.39,    0.00,    1.76,   12.90,   13.50,   13.30,   15.01
 281,281,   1, 1339.71,    0.00,    1.77,   13.10,   13.00,   13.30,   14.97
 282,282,   1, 1351.03,    0.00,    1.79,   12.10,   12.60,   13.18,   14.94
 283,283,   1, 1362.35,    0.00,    1.80,   10.30,   11.20,   12.50,   14.88
 284,284,   1, 1373.68,    0.00,    1.82,    8.55,    9.43,   11.39,   14.78
 285,285,   1, 1385.00,    0.00,    1.83,    7.65,    8.10,   10.34,   14.66
 286,286,   1, 1396.32,    0.00,    1.85,    7.19,    7.42,    9.16,   14.52
 287,287,   1, 1407.64,    0.00,    1.86,    6.15,    6.67,    7.97,   14.37
 288,288,   1, 1418.96,    0.00,    1.88,    6.31,    6.23,    7.17,   14.21
 289,289,   1, 1430.28,    0.00,    1.89,    6.52,    6.42,    6.76,   14.06
 290,290,   1, 1441.60,    0.00,    1.91,    5.62,    6.07,    6.36,   13.90
 291,291,   1, 1452.93,    0.00,    1.92,    6.54,    6.08,    6.23,   13.75
 292,292,   1, 1464.25,    0.00,    1.94,    2.31,    4.43,    5.46,   13.58
 293,293,   1, 1475.57,    0.00,    1.95,    1.62,    1.97,    4.52,   13.36
 294,294,   1, 1486.89,    0.00,    1.97,    0.80,    1.21,    3.38,   13.14
 295,295,   1, 1498.21,    0.00,    1.98,    8.47,    4.64,    3.95,   12.96
 296,296,   1, 1509.53,    0.00,    2.00,   10.60,    9.54,    4.76,   12.88
 297,297,   1, 1520.85,    0.00,    2.01,    3.65,    7.13,    5.03,   12.75
 298,298,   1, 1532.18,    0.00,    2.03,    0.89,    2.27,    4.88,   12.56
 299,299,   1, 1543.50,    0.00,    2.04,    7.93,    4.41,    6.31,   12.40
 300,300,   1, 1554.82,    0.00,    2.06,   10.50,    9.22,    6.71,   12.33
 301,301,   1, 1566.14,    0.00,    2.07,    9.36,    9.93,    6.47,   12.27
 302,302,   1, 1577.46,    0.00,    2.09,    7.71,    8.54,    7.28,   12.20
 303,303,   1, 1588.37,    0.00,    2.10,    5.48,    6.60,    8.20,   12.10
 304,304,   1, 1599.27,    0.00,    2.12,    1.63,    3.56,    6.94,   11.96
 305,305,   1, 1610.17,    0.00,    2.13,    5.27,    3.45,    5.89,   11.81
 306,306,   1, 1621.07,    0.00,    2.15,    9.44,    7.36,    5.91,   11.72
 307,307,   1, 1631.97,    0.00,    2.16,   12.80,   11.12,    6.92,   11.69
 308,308,   1, 1642.88,    0.00,    2.18,    9.79,   11.30,    7.79,   11.67
 309,309,   1, 1653.78,    0.00,    2.19,    5.61,    7.70,    8.58,   11.61
 310,310,   1, 1664.68,    0.00,    2.21,    7.16,    6.39,    8.96,   11.53
 311,311,   1, 1675.58,    0.00,    2.22,    7.95,    7.56,    8.66,   11.47
 312,312,   1, 1686.48,    0.00,    2.23,    7.95,    7.95,    7.69,   11.41
 313,313,   1, 1697.39,    0.00,    2.25,    6.25,    7.10,    6.98,   11.34
 314,314,   1, 1708.29,    0.00,    2.26,    5.05,    5.65,    6.87,   11.24
 315,315,   1, 1719.19,    0.00,    2.28,    3.98,    4.52,    6.24,   11.13
 316,316,   1, 1730.09,    0.00,    2.29,    6.07,    5.03,    5.86,   11.03
 317,317,   1, 1741.00,    0.00,    2.31,    5.30,    5.69,    5.33,   10.93
 318,318,   1, 1751.90,    0.00,    2.32,    6.58,    5.94,    5.40,   10.84
 319,319,   1, 1762.80,    0.00,    2.34,    7.00,    6.79,    5.79,   10.77
 320,320,   1, 1773.70,    0.00,    2.35,    7.63,    7.32,    6.52,   10.70
 321,321,   1, 1784.60,    0.00,    2.36,    9.99,    8.81,    7.30,   10.66
 322,322,   1, 1795.51,    0.00,    2.38,    8.66,    9.33,    7.97,   10.64
 323,323,   1, 1806.41,    0.00,    2.39,   11.50,   10.08,    8.96,   10.62
 324,324,   1, 1817.31,    0.00,    2.41,    5.96,    8.73,    8.75,   10.59
 325,325,   1, 1828.21,    0.00,    2.42,   -0.44,    2.76,    7.13,   10.48
 326,326,   1, 1839.11,    0.00,    2.44,    1.90,    0.73,    5.52,   10.33
 327,327,   1, 1850.02,    0.00,    2.45,    5.53,    3.72,    4.89,   10.23
 328,328,   1, 1860.92,    0.00,    2.47,    2.80,    4.17,    3.15,   10.13
 329,329,   1, 1871.82,    0.00,    2.48,    2.16,    2.48,    2.39,   10.01
 330,330,   1, 1882.72,    0.00,    2.49,    7.45,    4.81,    3.97,    9.92
 331,331,   1, 1893.63,    0.00,    2.51,    5.18,    6.32,    4.62,    9.85
 332,332,   1, 1904.53,    0.00,    2.52,   -1.01,    2.09,    3.32,    9.73
 333,333,   1, 1915.43,    0.00,    2.54,    0.30,   -0.36,    2.82,    9.58
 334,334,   1, 1926.33,    0.00,    2.55,   -1.28,   -0.49,    2.13,    9.42
 335,335,   1, 1937.23,    0.00,    2.57,   -0.82,   -1.05,    0.47,    9.26
 336,336,   1, 1948.14,    0.00,    2.58,    1.63,    0.41,   -0.24,    9.12
 337,337,   1, 1959.04,    0.00,    2.60,    1.42,    1.53,    0.25,    8.99
 338,338,   1, 1969.94,    0.00,    2.61,    2.42,    1.92,    0.67,    8.87
 339,339,   1, 1980.84,    0.00,    2.62,    3.24,    2.83,    1.58,    8.77
 340,340,   1, 1991.74,    0.00,    2.64,    5.76,    4.50,    2.89,    8.70
 341,341,   1, 2002.65,    0.00,    2.65,    7.10,    6.43,    3.99,    8.65
 342,342,   1, 2013.55,    0.00,    2.67,    4.73,    5.92,    4.65,    8.60
 343,343,   1, 2024.45,    0.00,    2.68,    2.77,    3.75,    4.72,    8.53
 344,344,   1, 2035.35,    0.00,    2.70,    1.98,    2.38,    4.47,    8.44
 345,345,   1, 2046.26,    0.00,    2.71,    1.87,    1.93,    3.69,    8.35
 346,346,   1, 2057.16,    0.00,    2.73,    1.66,    1.77,    2.60,    8.25
 347,347,   1, 2068.06,    0.00,    2.74,    4.28,    2.97,    2.51,    8.17
 348,348,   1, 2078.96,    0.00,    2.75,    2.65,    3.47,    2.49,    8.09
 349,349,   1, 2089.87,    0.00,    2.77,    0.75,    1.70,    2.24,    8.00
 350,350,   1, 2100.77,    0.00,    2.78,    5.41,    3.08,    2.95,    7.92
 351,351,   1, 2111.67,    0.00,    2.80,    4.84,    5.13,    3.59,    7.88
 352,352,   1, 2122.57,    0.00,    2.81,    3.28,    4.06,    3.39,    7.82
 353,353,   1, 2133.48,    0.00,    2.83,    4.60,    3.94,    3.78,    7.76
 354,354,   1, 2144.38,    0.00,    2.84,    6.02,    5.31,    4.83,    7.72
 355,355,   1, 2155.28,    0.00,    2.86,    5.60,    5.81,    4.87,    7.69
 356,356,   1, 2166.18,    0.00,    2.87,    6.16,    5.88,    5.13,    7.66
 357,357,   1, 2177.08,    0.00,    2.88,    4.42,    5.29,    5.36,    7.63
 358,358,   1, 2187.99,    0.00,    2.90,    2.92,    3.67,    5.02,    7.57
 359,359,   1, 2198.89,    0.00,    2.91,   -1.91,    0.51,    3.44,    7.48
 360,360,   1, 2209.79,    0.00,    2.93,   -0.83,   -1.37,    2.15,    7.37
 361,361,   1, 2220.69,    0.00,    2.94,   -3.49,   -2.16,    0.22,    7.24
 362,362,   1, 2231.59,    0.00,    2.96,    3.25,   -0.12,   -0.01,    7.14
 363,363,   1, 2242.50,    0.00,    2.97,    3.42,    3.34,    0.09,    7.08
 364,364,   1, 2253.40,    0.00,    2.99,    3.88,    3.65,    1.25,    7.02
 365,365,   1, 2264.30,    0.00,    3.00,    1.42,    2.65,    1.70,    6.95
 366,  1,   2, 2264.30,    0.00,    3.00,    0.13,    0.78,    2.42,    6.87
 367,  2,   2, 2272.73,    0.00,    3.01,    0.63,    0.38,    1.90,    6.78
 368,  3,   2, 2281.16,    0.00,    3.02,   -0.76,   -0.06,    1.06,    6.69
 369,  4,   2, 2289.58,    0.00,    3.03,   -0.13,   -0.45,    0.26,    6.60
 370,  5,   2, 2298.01,    0.00,    3.04,   -0.56,   -0.35,   -0.14,    6.50
 371,  6,   2, 2306.44,    0.00,    3.06,   -1.87,   -1.21,   -0.54,    6.40
 372,  7,   2, 2314.87,    0.00,    3.07,   -0.74,   -1.31,   -0.81,    6.30
 373,  8,   2, 2323.30,    0.00,    3.08,   -0.19,   -0.46,   -0.70,    6.20
 374,  9,   2, 2331.73,    0.00,    3.09,   -2.27,   -1.23,   -1.13,    6.10
 375, 10,   2, 2340.15,    0.00,    3.10,   -1.53,   -1.90,   -1.32,    6.00
 376, 11,   2, 2348.58,    0.00,    3.11,   -1.90,   -1.71,   -1.33,    5.89
 377, 12,   2, 2357.01,    0.00,    3.12,   -3.19,   -2.55,   -1.82,    5.78
 378, 13,   2, 2365.44,    0.00,    3.13,   -3.35,   -3.27,   -2.45,    5.66
 379, 14,   2, 2373.87,    0.00,    3.15,   -4.47,   -3.91,   -2.89,    5.54
 380, 15,   2, 2382.29,    0.00,    3.16,  -10.20,   -7.34,   -4.62,    5.37
 381, 16,   2, 2390.72,    0.00,    3.17,   -3.91,   -7.06,   -5.02,    5.22
 382, 17,   2, 2399.15,    0.00,    3.18,   -3.05,   -3.48,   -5.00,    5.10
 383, 18,   2, 2407.58,    0.00,    3.19,   -1.67,   -2.36,   -4.66,    4.99
 384, 19,   2, 2416.01,    0.00,    3.20,   -1.51,   -1.59,   -4.07,    4.90
 385, 20,   2, 2424.44,    0.00,    3.21,    0.34,   -0.58,   -1.96,    4.82
 386, 21,   2, 2432.86,    0.00,    3.22,    2.02,    1.18,   -0.77,    4.76
 387, 22,   2, 2441.29,    0.00,    3.23,    1.96,    1.99,    0.23,    4.72
 388, 23,   2, 2449.72,    0.00,    3.25,    3.00,    2.48,    1.16,    4.69
 389, 24,   2, 2458.15,    0.00,    3.26,   -1.90,    0.55,    1.08,    4.64
 390, 25,   2, 2466.58,    0.00,    3.27,   -0.95,   -1.43,    0.83,    4.57
 391, 26,   2, 2475.00,    0.00,    3.28,   -3.49,   -2.22,   -0.28,    4.49
 392, 27,   2, 2483.43,    0.00,    3.29,   -7.17,   -5.33,   -2.10,    4.37
 393, 28,   2, 2491.86,    0.00,    3.30,   -4.99,   -6.08,   -3.70,    4.25
 394, 29,   2, 2500.29,    0.00,    3.31,   -4.31,   -4.65,   -4.18,    4.14
 395, 30,   2, 2508.72,    0.00,    3.32,  -12.10,   -8.21,   -6.41,    3.99
 396, 31,   2, 2517.15,    0.00,    3.33,  -14.30,  -13.20,   -8.57,    3.78
 397, 32,   2, 2525.57,    0.00,    3.35,  -11.20,  -12.75,   -9.38,    3.59
 398, 33,   2, 2534.00,    0.00,    3.36,   -7.32,   -9.26,   -9.85,    3.43
 399, 34,   2, 2542.43,    0.00,    3.37,   -7.08,   -7.20,  -10.40,    3.29
 400, 35,   2, 2550.86,    0.00,    3.38,   -9.35,   -8.22,   -9.85,    3.14
 401, 36,   2, 2559.29,    0.00,    3.39,  -10.90,  -10.12,   -9.17,    2.97
 402, 37,   2, 2567.71,    0.00,    3.40,  -10.50,  -10.70,   -9.03,    2.81
 403, 38,   2, 2576.14,    0.00,    3.41,  -14.30,  -12.40,  -10.43,    2.63
 404, 39,   2, 2584.57,    0.00,    3.42,  -12.80,  -13.55,  -11.57,    2.44
 405, 40,   2, 2593.00,    0.00,    3.44,  -17.20,  -15.00,  -13.14,    2.23
 406, 41,   2, 2601.43,    0.00,    3.45,  -15.40,  -16.30,  -14.04,    2.02
 407, 42,   2, 2609.86,    0.00,    3.46,  -14.20,  -14.80,  -14.78,    1.81
 408, 43,   2, 2618.28,    0.00,    3.47,  -11.40,  -12.80,  -14.20,    1.63
 409, 44,   2, 2626.71,    0.00,    3.48,   -9.19,  -10.29,  -13.48,    1.48
 410, 45,   2, 2635.14,    0.00,    3.49,   -4.32,   -6.75,  -10.90,    1.38
 411, 46,   2, 2643.57,    0.00,    3.50,  -10.40,   -7.36,   -9.90,    1.27
 412, 47,   2, 2652.00,    0.00,    3.51,   -9.96,  -10.18,   -9.05,    1.14
 413, 48,   2, 2660.42,    0.00,    3.52,   -4.58,   -7.27,   -7.69,    1.04
 414, 49,   2, 2668.85,    0.00,    3.54,   -4.90,   -4.74,   -6.83,    0.97
 415, 50,   2, 2677.28,    0.00,    3.55,    0.31,   -2.30,   -5.91,    0.92
 416, 51,   2, 2685.71,    0.00,    3.56,    2.10,    1.20,   -3.41,    0.92
 417, 52,   2, 2694.14,    0.00,    3.57,    3.37,    2.74,   -0.74,    0.93
 418, 53,   2, 2702.57,    0.00,    3.58,    2.15,    2.76,    0.61,    0.95
 419, 54,   2, 2710.99,    0.00,    3.59,    2.42,    2.29,    2.07,    0.97
 420, 55,   2, 2719.42,    0.00,    3.60,    5.28,    3.85,    3.06,    1.00
 421, 56,   2, 2727.85,    0.00,    3.61,    8.64,    6.96,    4.37,    1.07
 422, 57,   2, 2736.28,    0.00,    3.63,    5.76,    7.20,    4.85,    1.14
 423, 58,   2, 2744.71,    0.00,    3.64,    2.15,    3.96,    4.85,    1.19
 424, 59,   2, 2753.13,    0.00,    3.65,    3.62,    2.89,    5.09,    1.22
 425, 60,   2, 2761.56,    0.00,    3.66,    3.07,    3.35,    4.65,    1.26
 426, 61,   2, 2770.00,    0.00,    3.67,    3.08,    3.08,    3.54,    1.30
 427, 62,   2, 2776.38,    0.00,    3.68,    2.35,    2.72,    2.85,    1.33
 428, 63,   2, 2782.77,    0.00,    3.69,   -1.00,    0.68,    2.22,    1.34
 429, 64,   2, 2789.16,    0.00,    3.70,   -3.36,   -2.18,    0.83,    1.32
 430, 65,   2, 2795.54,    0.00,    3.70,    1.65,   -0.85,    0.54,    1.31
 431, 66,   2, 2801.93,    0.00,    3.71,   -0.44,    0.60,   -0.16,    1.31
 432, 67,   2, 2808.32,    0.00,    3.72,   -0.88,   -0.66,   -0.81,    1.30
 433, 68,   2, 2814.70,    0.00,    3.73,   -1.76,   -1.32,   -0.96,    1.28
 434, 69,   2, 2821.09,    0.00,    3.74,   -5.37,   -3.56,   -1.36,    1.23
 435, 70,   2, 2827.48,    0.00,    3.75,   -1.65,   -3.51,   -2.02,    1.18
 436, 71,   2, 2833.86,    0.00,    3.75,    1.73,    0.04,   -1.58,    1.17
 437, 72,   2, 2840.25,    0.00,    3.76,    3.08,    2.41,   -0.79,    1.18
 438, 73,   2, 2846.64,    0.00,    3.77,    1.80,    2.44,   -0.08,    1.20
 439, 74,   2, 2853.02,    0.00,    3.78,    1.88,    1.84,    1.37,    1.21
 440, 75,   2, 2859.41,    0.00,    3.79,    0.96,    1.42,    1.89,    1.23
 441, 76,   2, 2865.79,    0.00,    3.80,   -0.37,    0.30,    1.47,    1.23
 442, 77,   2, 2872.18,    0.00,    3.81,   -1.41,   -0.89,    0.57,    1.22
 443, 78,   2, 2878.57,    0.00,    3.81,   -2.34,   -1.87,   -0.26,    1.20
 444, 79,   2, 2884.95,    0.00,    3.82,    2.65,    0.16,   -0.10,    1.21
 445, 80,   2, 2891.34,    0.00,    3.83,    3.33,    2.99,    0.37,    1.23
 446, 81,   2, 2897.73,    0.00,    3.84,    4.03,    3.68,    1.25,    1.27
 447, 82,   2, 2904.11,    0.00,    3.85,    6.68,    5.36,    2.87,    1.33
 448, 83,   2, 2910.50,    0.00,    3.86,    7.06,    6.87,    4.75,    1.40
 449, 84,   2, 2916.89,    0.00,    3.86,    6.62,    6.84,    5.54,    1.47
 450, 85,   2, 2923.27,    0.00,    3.87,    6.45,    6.54,    6.17,    1.55
 451, 86,   2, 2929.66,    0.00,    3.88,    7.14,    6.80,    6.79,    1.62
 452, 87,   2, 2936.05,    0.00,    3.89,    4.45,    5.80,    6.34,    1.68
 453, 88,   2, 2942.43,    0.00,    3.90,    8.21,    6.33,    6.57,    1.74
 454, 89,   2, 2948.82,    0.00,    3.91,   10.80,    9.51,    7.41,    1.83
 455, 90,   2, 2955.20,    0.00,    3.92,    5.88,    8.34,    7.30,    1.91
 456, 91,   2, 2961.59,    0.00,    3.92,    3.55,    4.72,    6.58,    1.96
 457, 92,   2, 2967.98,    0.00,    3.93,    3.70,    3.63,    6.43,    2.00
 458, 93,   2, 2974.36,    0.00,    3.94,    5.08,    4.39,    5.80,    2.05
 459, 94,   2, 2980.75,    0.00,    3.95,    6.60,    5.84,    4.96,    2.11
 460, 95,   2, 2987.14,    0.00,    3.96,    2.11,    4.36,    4.21,    2.15
 461, 96,   2, 2993.52,    0.00,    3.97,    3.40,    2.76,    4.18,    2.18
 462, 97,   2, 2999.91,    0.00,    3.97,    3.07,    3.24,    4.05,    2.21
 463, 98,   2, 3006.30,    0.00,    3.98,    1.28,    2.18,    3.29,    2.24
 464, 99,   2, 3012.68,    0.00,    3.99,    4.12,    2.70,    2.80,    2.26
 465,100,   2, 3019.07,    0.00,    4.00,    4.18,    4.15,    3.21,    2.30
 466,101,   2, 1132.15,    0.00,    1.50,    3.23,    3.71,    3.18,    2.36
 467,102,   2, 1139.70,    0.00,    1.51,    2.96,    3.10,    3.15,    2.41
 468,103,   2, 1147.25,    0.00,    1.52,    2.29,    2.63,    3.36,    2.45
 469,104,   2, 1154.79,    0.00,    1.53,    1.39,    1.84,    2.81,    2.49
 470,105,   2, 1162.34,    0.00,    1.54,    2.40,    1.90,    2.45,    2.55
 471,106,   2, 1169.89,    0.00,    1.55,    4.49,    3.45,    2.71,    2.64
 472,107,   2, 1177.44,    0.00,    1.56,    6.48,    5.49,    3.41,    2.77
 473,108,   2, 1184.98,    0.00,    1.57,    6.48,    6.48,    4.25,    2.93
 474,109,   2, 1192.53,    0.00,    1.58,    6.22,    6.35,    5.21,    3.09
 475,110,   2, 1200.08,    0.00,    1.59,    7.10,    6.66,    6.15,    3.25
 476,111,   2, 1207.63,    0.00,    1.60,    7.52,    7.31,    6.76,    3.41
 477,112,   2, 1215.18,    0.00,    1.61,    1.53,    4.53,    5.77,    3.48
 478,113,   2, 1222.72,    0.00,    1.62,    3.52,    2.53,    5.18,    3.51
 479,114,   2, 1230.27,    0.00,    1.63,    1.88,    2.70,    4.31,    3.54
 480,115,   2, 1237.82,    0.00,    1.64,    0.99,    1.43,    3.09,    3.53
 481,116,   2, 1245.37,    0.00,    1.65,    1.74,    1.36,    1.93,    3.52
 482,117,   2, 1252.91,    0.00,    1.66,    2.71,    2.23,    2.17,    3.53
 483,118,   2, 1260.46,    0.00,    1.67,    3.22,    2.97,    2.11,    3.57
 484,119,   2, 1268.01,    0.00,    1.68,    3.48,    3.35,    2.43,    3.61
 485,120,   2, 1275.56,    0.00,    1.69,    3.42,    3.45,    2.91,    3.66
 486,121,   2, 1283.10,    0.00,    1.70,    3.76,    3.59,    3.32,    3.71
 487,122,   2, 1290.65,    0.00,    1.71,    6.16,    4.96,    4.01,    3.79
 488,123,   2, 1298.20,    0.00,    1.72,    5.55,    5.86,    4.47,    3.89
 489,124,   2, 1305.75,    0.00,    1.73,    6.52,    6.04,    5.08,    3.98
 490,125,   2, 1313.29,    0.00,    1.74,    3.37,    4.95,    5.07,    4.04
 491,126,   2, 1320.84,    0.00,    1.75,    3.10,    3.24,    4.94,    4.05
 492,127,   2, 1328.39,    0.00,    1.76,    3.17,    3.14,    4.34,    4.06
 493,128,   2, 1335.94,    0.00,    1.77,    6.07,    4.62,    4.45,    4.13
 494,129,   2, 1343.56,    0.00,    1.78,    5.90,    5.99,    4.32,    4.21
 495,130,   2, 1351.18,    0.00,    1.79,   12.50,    9.20,    6.15,    4.34
 496,131,   2, 1358.81,    0.00,    1.80,   15.40,   13.95,    8.61,    4.57
 497,132,   2, 1366.43,    0.00,    1.81,   15.60,   15.50,   11.09,    4.86
 498,133,   2, 1374.05,    0.00,    1.82,   17.60,   16.60,   13.40,    5.18
 499,134,   2, 1381.67,    0.00,    1.83,   13.00,   15.30,   14.82,    5.46
 500,135,   2, 1389.29,    0.00,    1.84,    9.62,   11.31,   14.24,    5.64
 501,136,   2, 1396.91,    0.00,    1.85,   10.90,   10.26,   13.34,    5.78
 502,137,   2, 1404.53,    0.00,    1.86,   10.90,   10.90,   12.40,    5.94
 503,138,   2, 1412.16,    0.00,    1.87,   11.50,   11.20,   11.18,    6.10
 504,139,   2, 1419.78,    0.00,    1.88,   12.50,   12.00,   11.08,    6.29
 505,140,   2, 1427.40,    0.00,    1.89,   12.50,   12.50,   11.66,    6.48
 506,141,   2, 1435.02,    0.00,    1.90,    9.93,   11.22,   11.47,    6.64
 507,142,   2, 1442.64,    0.00,    1.91,   11.20,   10.57,   11.53,    6.79
 508,143,   2, 1450.26,    0.00,    1.92,    8.07,    9.64,   10.84,    6.89
 509,144,   2, 1457.89,    0.00,    1.93,    8.70,    8.39,   10.08,    6.96
 510,145,   2, 1465.51,    0.00,    1.94,   11.80,   10.25,    9.94,    7.07
 511,146,   2, 1473.13,    0.00,    1.95,    9.02,   10.41,    9.76,    7.16
 512,147,   2, 1480.75,    0.00,    1.96,    6.45,    7.74,    8.81,    7.19
 513,148,   2, 1488.37,    0.00,    1.97,   11.30,    8.88,    9.45,    7.27
 514,149,   2, 1495.99,    0.00,    1.98,   12.10,   11.70,   10.13,    7.43
 515,150,   2, 1503.62,    0.00,    1.99,   13.60,   12.85,   10.49,    7.61
 516,151,   2, 1511.24,    0.00,    2.00,   13.60,   13.60,   11.41,    7.79
 517,152,   2, 1518.86,    0.00,    2.01,   13.00,   13.30,   12.72,    7.95
 518,153,   2, 1526.48,    0.00,    2.02,   14.90,   13.95,   13.44,    8.14
 519,154,   2, 1534.10,    0.00,    2.03,   15.40,   15.15,   14.10,    8.34
 520,155,   2, 1541.72,    0.00,    2.04,   15.90,   15.65,   14.56,    8.55
 521,156,   2, 1549.35,    0.00,    2.05,   18.00,   16.95,   15.44,    8.78
 522,157,   2, 1556.97,    0.00,    2.06,   18.80,   18.40,   16.60,    9.04
 523,158,   2, 1564.59,    0.00,    2.07,   19.10,   18.95,   17.44,    9.29
 524,159,   2, 1572.21,    0.00,    2.08,   17.40,   18.25,   17.84,    9.50
 525,160,   2, 1579.83,    0.00,    2.09,   17.30,   17.35,   18.12,    9.70
 526,161,   2, 1587.45,    0.00,    2.10,   18.40,   17.85,   18.20,    9.92
 527,162,   2, 1595.08,    0.00,    2.11,   19.40,   18.90,   18.32,   10.16
 528,163,   2, 1602.70,    0.00,    2.12,   15.70,   17.55,   17.64,   10.35
 529,164,   2, 1610.32,    0.00,    2.13,   14.90,   15.30,   17.14,   10.51
 530,165,   2, 1617.94,    0.00,    2.14,   15.40,   15.15,   16.76,   10.67
 531,166,   2, 1625.56,    0.00,    2.15,   13.00,   14.20,   15.68,   10.77
 532,167,   2, 1633.18,    0.00,    2.16,   18.30,   15.65,   15.46,   10.90
 533,168,   2, 1640.81,    0.00,    2.17,   16.40,   17.35,   15.60,   11.05
 534,169,   2, 1648.43,    0.00,    2.18,   13.30,   14.85,   15.28,   11.14
 535,170,   2, 1656.05,    0.00,    2.19,   17.60,   15.45,   15.72,   11.27
 536,171,   2, 1663.67,    0.00,    2.20,   20.40,   19.00,   17.20,   11.48
 537,172,   2, 1671.29,    0.00,    2.21,   20.60,   20.50,   17.66,   11.70
 538,173,   2, 1678.91,    0.00,    2.22,   19.30,   19.95,   18.24,   11.92
 539,174,   2, 1686.54,    0.00,    2.23,   17.60,   18.45,   19.10,   12.11
 540,175,   2, 1694.16,    0.00,    2.24,   19.10,   18.35,   19.40,   12.29
 541,176,   2, 1701.78,    0.00,    2.25,   22.50,   20.80,   19.82,   12.52
 542,177,   2, 1709.40,    0.00,    2.26,   23.50,   23.00,   20.40,   12.77
 543,178,   2, 1717.02,    0.00,    2.27,   23.10,   23.30,   21.16,   13.02
 544,179,   2, 1724.64,    0.00,    2.28,   23.20,   23.15,   22.28,   13.26
 545,180,   2, 1732.26,    0.00,    2.30,   22.70,   22.95,   23.00,   13.49
 546,181,   2, 1739.89,    0.00,    2.31,   19.80,   21.25,   22.46,   13.68
 547,182,   2, 1747.51,    0.00,    2.32,   15.60,   17.70,   20.88,   13.80
 548,183,   2, 1755.13,    0.00,    2.33,   15.70,   15.65,   19.40,   13.89
 549,184,   2, 1762.75,    0.00,    2.34,   15.50,   15.60,   17.86,   13.98
 550,185,   2, 1770.37,    0.00,    2.35,   15.40,   15.45,   16.40,   14.06
 551,186,   2, 1777.99,    0.00,    2.36,   13.60,   14.50,   15.16,   14.12
 552,187,   2, 1785.62,    0.00,    2.37,   14.50,   14.05,   14.94,   14.14
 553,188,   2, 1793.24,    0.00,    2.38,   14.30,   14.40,   14.66,   14.17
 554,189,   2, 1800.86,    0.00,    2.39,   14.70,   14.50,   14.50,   14.21
 555,190,   2, 1808.48,    0.00,    2.40,   11.90,   13.30,   13.80,   14.25
 556,191,   2, 1816.10,    0.00,    2.41,   14.60,   13.25,   14.00,   14.29
 557,192,   2, 1823.72,    0.00,    2.42,   12.90,   13.75,   13.68,   14.32
 558,193,   2, 1831.35,    0.00,    2.43,   14.20,   13.55,   13.66,   14.34
 559,194,   2, 1838.97,    0.00,    2.44,   13.30,   13.75,   13.38,   14.37
 560,195,   2, 1846.59,    0.00,    2.45,   13.50,   13.40,   13.70,   14.40
 561,196,   2, 1854.21,    0.00,    2.46,   16.00,   14.75,   13.98,   14.45
 562,197,   2, 1861.83,    0.00,    2.47,   16.20,   16.10,   14.64,   14.51
 563,198,   2, 1869.45,    0.00,    2.48,   17.30,   16.75,   15.26,   14.58
 564,199,   2, 1877.08,    0.00,    2.49,   20.00,   18.65,   16.60,   14.70
 565,200,   2, 1884.70,    0.00,    2.50,   19.50,   19.75,   17.80,   14.82
 566,201,   2, 1892.32,    0.00,    2.51,   20.50,   20.00,   18.70,   14.95
 567,202,   2, 1899.94,    0.00,    2.52,   19.50,   20.00,   19.36,   15.07
 568,203,   2, 1907.56,    0.00,    2.53,   13.90,   16.70,   18.68,   15.13
 569,204,   2, 1915.18,    0.00,    2.54,   14.30,   14.10,   17.54,   15.17
 570,205,   2, 1922.81,    0.00,    2.55,   12.80,   13.55,   16.20,   15.20
 571,206,   2, 1930.43,    0.00,    2.56,   14.40,   13.60,   14.98,   15.23
 572,207,   2, 1938.05,    0.00,    2.57,   15.20,   14.80,   14.12,   15.27
 573,208,   2, 1945.67,    0.00,    2.58,   17.20,   16.20,   14.78,   15.33
 574,209,   2, 1953.29,    0.00,    2.59,   18.80,   18.00,   15.68,   15.41
 575,210,   2, 1960.91,    0.00,    2.60,   16.10,   17.45,   16.34,   15.47
 576,211,   2, 1968.54,    0.00,    2.61,   15.60,   15.85,   16.58,   15.51
 577,212,   2, 1976.16,    0.00,    2.62,   16.00,   15.80,   16.74,   15.55
 578,213,   2, 1983.78,    0.00,    2.63,   16.90,   16.45,   16.68,   15.60
 579,214,   2, 1991.40,    0.00,    2.64,   18.10,   17.50,   16.54,   15.67
 580,215,   2, 1999.02,    0.00,    2.65,   19.10,   18.60,   17.14,   15.75
 581,216,   2, 2006.64,    0.00,    2.66,   17.50,   18.30,   17.52,   15.82
 582,217,   2, 2014.27,    0.00,    2.67,   15.90,   16.70,   17.50,   15.88
 583,218,   2, 2021.89,    0.00,    2.68,   15.60,   15.75,   17.24,   15.92
 584,219,   2, 2029.51,    0.00,    2.69,   19.70,   17.65,   17.56,   15.98
 585,220,   2, 2037.13,    0.00,    2.70,   21.70,   20.70,   18.08,   16.08
 586,221,   2, 2044.75,    0.00,    2.71,   22.70,   22.20,   19.12,   16.21
 587,222,   2, 2052.37,    0.00,    2.72,   18.30,   20.50,   19.60,   16.32
 588,223,   2, 2059.99,    0.00,    2.73,   15.80,   17.05,   19.64,   16.39
 589,224,   2, 2067.62,    0.00,    2.74,   14.90,   15.35,   18.68,   16.43
 590,225,   2, 2075.24,    0.00,    2.75,   19.20,   17.05,   18.18,   16.49
 591,226,   2, 2082.86,    0.00,    2.76,   18.60,   18.90,   17.36,   16.56
 592,227,   2, 2090.48,    0.00,    2.77,   20.30,   19.45,   17.76,   16.64
 593,228,   2, 2098.10,    0.00,    2.78,   21.90,   21.10,   18.98,   16.74
 594,229,   2, 2105.72,    0.00,    2.79,   20.30,   21.10,   20.06,   16.84
 595,230,   2, 2113.35,    0.00,    2.80,   19.90,   20.10,   20.20,   16.93
 596,231,   2, 1955.79,    0.00,    2.59,   20.80,   20.35,   20.64,   17.03
 597,232,   2, 1798.23,    0.00,    2.38,   20.90,   20.85,   20.76,   17.13
 598,233,   2, 1640.68,    0.00,    2.17,   19.40,   20.15,   20.26,   17.23
 599,234,   2, 1483.12,    0.00,    1.97,   19.80,   19.60,   20.16,   17.32
 600,235,   2, 1325.56,    0.00,    1.76,   20.60,   20.20,   20.30,   17.42
 601,236,   2, 1168.00,    0.00,    1.55,   18.30,   19.45,   19.80,   17.51
 602,237,   2, 1010.45,    0.00,    1.34,   15.90,   17.10,   18.80,   17.55
 603,238,   2,  852.89,    0.00,    1.13,   13.20,   14.55,   17.56,   17.54
 604,239,   2,  864.21,    0.00,    1.15,   13.00,   13.10,   16.20,   17.50
 605,240,   2,  875.53,    0.00,    1.16,   12.40,   12.70,   14.56,   17.42
 606,241,   2,  886.85,    0.00,    1.18,   12.10,   12.25,   13.32,   17.32
 607,242,   2,  898.17,    0.00,    1.19,   12.40,   12.25,   12.62,   17.19
 608,243,   2,  909.50,    0.00,    1.21,   13.70,   13.05,   12.72,   17.09
 609,244,   2,  920.82,    0.00,    1.22,   10.80,   12.25,   12.28,   16.97
 610,245,   2,  932.14,    0.00,    1.24,   13.40,   12.10,   12.48,   16.88
 611,246,   2,  943.46,    0.00,    1.25,   11.50,   12.45,   12.36,   16.80
 612,247,   2,  954.78,    0.00,    1.27,   15.90,   13.70,   13.06,   16.72
 613,248,   2,  966.10,    0.00,    1.28,   15.60,   15.75,   13.44,   16.71
 614,249,   2,  977.42,    0.00,    1.30,   14.40,   15.00,   14.16,   16.69
 615,250,   2,  988.75,    0.00,    1.31,   12.70,   13.55,   14.02,   16.66
 616,251,   2, 1000.07,    0.00,    1.33,   12.20,   12.45,   14.16,   16.61
 617,252,   2, 1011.39,    0.00,    1.34,   14.10,   13.15,   13.80,   16.57
 618,253,   2, 1022.71,    0.00,    1.36,   13.00,   13.55,   13.28,   16.51
 619,254,   2, 1034.03,    0.00,    1.37,   10.50,   11.75,   12.50,   16.42
 620,255,   2, 1045.35,    0.00,    1.38,   10.90,   10.70,   12.14,   16.32
 621,256,   2, 1056.67,    0.00,    1.40,   13.20,   12.05,   12.34,   16.23
 622,257,   2, 1067.99,    0.00,    1.41,   12.90,   13.05,   12.10,   16.17
 623,258,   2, 1079.32,    0.00,    1.43,   14.70,   13.80,   12.44,   16.14
 624,259,   2, 1090.64,    0.00,    1.44,   13.70,   14.20,   13.08,   16.09
 625,260,   2, 1101.96,    0.00,    1.46,   12.90,   13.30,   13.48,   16.03
 626,261,   2, 1113.28,    0.00,    1.47,    9.51,   11.21,   12.74,   15.94
 627,262,   2, 1124.60,    0.00,    1.49,   11.10,   10.31,   12.38,   15.85
 628,263,   2, 1135.92,    0.00,    1.50,    8.37,    9.74,   11.12,   15.75
 629,264,   2, 1147.25,    0.00,    1.52,    8.07,    8.22,    9.99,   15.60
 630,265,   2, 1158.57,    0.00,    1.53,   13.40,   10.74,   10.09,   15.49
 631,266,   2, 1169.89,    0.00,    1.55,   13.40,   13.40,   10.87,   15.45
 632,267,   2, 1181.21,    0.00,    1.56,   12.90,   13.15,   11.23,   15.42
 633,268,   2, 1192.53,    0.00,    1.58,   14.40,   13.65,   12.43,   15.40
 634,269,   2, 1203.85,    0.00,    1.59,   12.20,   13.30,   13.26,   15.38
 635,270,   2, 1215.17,    0.00,    1.61,   14.30,   13.25,   13.44,   15.35
 636,271,   2, 1226.50,    0.00,    1.62,   12.70,   13.50,   13.30,   15.31
 637,272,   2, 1237.82,    0.00,    1.64,   12.20,   12.45,   13.16,   15.25
 638,273,   2, 1249.14,    0.00,    1.65,   12.90,   12.55,   12.86,   15.20
 639,274,   2, 1260.46,    0.00,    1.67,   13.20,   13.05,   13.06,   15.16
 640,275,   2, 1271.78,    0.00,    1.68,   11.70,   12.45,   12.54,   15.11
 641,276,   2, 1283.10,    0.00,    1.70,   13.10,   12.40,   12.62,   15.07
 642,277,   2, 1294.42,    0.00,    1.71,   12.70,   12.90,   12.72,   15.04
 643,278,   2, 1305.75,    0.00,    1.73,   13.70,   13.20,   12.88,   15.00
 644,279,   2, 1317.07,    0.00,    1.74,   14.10,   13.90,   13.06,   14.98
 645,280,   2, 1328.39,    0.00,    1.76,   12.90,   13.50,   13.30,   14.96
 646,281,   2, 1339.71,    0.00,    1.77,   13.10,   13.00,   13.30,   14.93
 647,282,   2, 1351.03,    0.00,    1.79,   12.10,   12.60,   13.18,   14.90
 648,283,   2, 1362.35,    0.00,    1.80,   10.30,   11.20,   12.50,   14.84
 649,284,   2, 1373.68,    0.00,    1.82,    8.55,    9.43,   11.39,   14.74
 650,285,   2, 1385.00,    0.00,    1.83,    7.65,    8.10,   10.34,   14.62
 651,286,   2, 1396.32,    0.00,    1.85,    7.19,    7.42,    9.16,   14.48
 652,287,   2, 1407.64,    0.00,    1.86,    6.15,    6.67,    7.97,   14.33
 653,288,   2, 1418.96,    0.00,    1.88,    6.31,    6.23,    7.17,   14.17
 654,289,   2, 1430.28,    0.00,    1.89,    6.52,    6.42,    6.76,   14.02
 655,290,   2, 1441.60,    0.00,    1.91,    5.62,    6.07,    6.36,   13.87
 656,291,   2, 1452.93,    0.00,    1.92,    6.54,    6.08,    6.23,   13.72
 657,292,   2, 1464.25,    0.00,    1.94,    2.31,    4.43,    5.46,   13.54
 658,293,   2, 1475.57,    0.00,    1.95,    1.62,    1.97,    4.52,   13.33
 659,294,   2, 1486.89,    0.00,    1.97,    0.80,    1.21,    3.38,   13.10
 660,295,   2, 1498.21,    0.00,    1.98,    8.47,    4.64,    3.95,   12.93
 661,296,   2, 1509.53,    0.00,    2.00,   10.60,    9.54,    4.76,   12.84
 662,297,   2, 1520.85,    0.00,    2.01,    3.65,    7.13,    5.03,   12.72
 663,298,   2, 1532.18,    0.00,    2.03,    0.89,    2.27,    4.88,   12.53
 664,299,   2, 1543.50,    0.00,    2.04,    7.93,    4.41,    6.31,   12.37
 665,300,   2, 1554.82,    0.00,    2.06,   10.50,    9.22,    6.71,   12.30
 666,301,   2, 1566.14,    0.00,    2.07,    9.36,    9.93,    6.47,   12.25
 667,302,   2, 1577.46,    0.00,    2.09,    7.71,    8.54,    7.28,   12.17
 668,303,   2, 1588.37,    0.00,    2.10,    5.48,    6.60,    8.20,   12.07
 669,304,   2, 1599.27,    0.00,    2.12,    1.63,    3.56,    6.94,   11.93
 670,305,   2, 1610.17,    0.00,    2.13,    5.27,    3.45,    5.89,   11.78
 671,306,   2, 1621.07,    0.00,    2.15,    9.44,    7.36,    5.91,   11.70
 672,307,   2, 1631.97,    0.00,    2.16,   12.80,   11.12,    6.92,   11.67
 673,308,   2, 1642.88,    0.00,    2.18,    9.79,   11.30,    7.79,   11.65
 674,309,   2, 1653.78,    0.00,    2.19,    5.61,    7.70,    8.58,   11.58
 675,310,   2, 1664.68,    0.00,    2.21,    7.16,    6.39,    8.96,   11.50
 676,311,   2, 1675.58,    0.00,    2.22,    7.95,    7.56,    8.66,   11.45
 677,312,   2, 1686.48,    0.00,    2.23,    7.95,    7.95,    7.69,   11.39
 678,313,   2, 1697.39,    0.00,    2.25,    6.25,    7.10,    6.98,   11.31
 679,314,   2, 1708.29,    0.00,    2.26,    5.05,    5.65,    6.87,   11.22
 680,315,   2, 1719.19,    0.00,    2.28,    3.98,    4.52,    6.24,   11.11
 681,316,   2, 1730.09,    0.00,    2.29,    6.07,    5.03,    5.86,   11.01
 682,317,   2, 1741.00,    0.00,    2.31,    5.30,    5.69,    5.33,   10.91
 683,318,   2, 1751.90,    0.00,    2.32,    6.58,    5.94,    5.40,   10.82
 684,319,   2, 1762.80,    0.00,    2.34,    7.00,    6.79,    5.79,   10.75
 685,320,   2, 1773.70,    0.00,    2.35,    7.63,    7.32,    6.52,   10.68
 686,321,   2, 1784.60,    0.00,    2.36,    9.99,    8.81,    7.30,   10.65
 687,322,   2, 1795.51,    0.00,    2.38,    8.66,    9.33,    7.97,   10.62
 688,323,   2, 1806.41,    0.00,    2.39,   11.50,   10.08,    8.96,   10.61
 689,324,   2, 1817.31,    0.00,    2.41,    5.96,    8.73,    8.75,   10.57
 690,325,   2, 1828.21,    0.00,    2.42,   -0.44,    2.76,    7.13,   10.46
 691,326,   2, 1839.11,    0.00,    2.44,    1.90,    0.73,    5.52,   10.32
 692,327,   2, 1850.02,    0.00,    2.45,    5.53,    3.72,    4.89,   10.21
 693,328,   2, 1860.92,    0.00,    2.47,    2.80,    4.17,    3.15,   10.12
 694,329,   2, 1871.82,    0.00,    2.48,    2.16,    2.48,    2.39,    9.99
 695,330,   2, 1882.72,    0.00,    2.49,    7.45,    4.81,    3.97,    9.90
 696,331,   2, 1893.63,    0.00,    2.51,    5.18,    6.32,    4.62,    9.83
 697,332,   2, 1904.53,    0.00,    2.52,   -1.01,    2.09,    3.32,    9.71
 698,333,   2, 1915.43,    0.00,    2.54,    0.30,   -0.36,    2.82,    9.56
 699,334,   2, 1926.33,    0.00,    2.55,   -1.28,   -0.49,    2.13,    9.41
 700,335,   2, 1937.23,    0.00,    2.57,   -0.82,   -1.05,    0.47,    9.25
 701,336,   2, 1948.14,    0.00,    2.58,    1.63,    0.41,   -0.24,    9.10
 702,337,   2, 1959.04,    0.00,    2.60,    1.42,    1.53,    0.25,    8.98
 703,338,   2, 1969.94,    0.00,    2.61,    2.42,    1.92,    0.67,    8.86
 704,339,   2, 1980.84,    0.00,    2.62,    3.24,    2.83,    1.58,    8.76
 705,340,   2, 1991.74,    0.00,    2.64,    5.76,    4.50,    2.89,    8.68
 706,341,   2, 2002.65,    0.00,    2.65,    7.10,    6.43,    3.99,    8.64
 707,342,   2, 2013.55,    0.00,    2.67,    4.73,    5.92,    4.65,    8.59
 708,343,   2, 2024.45,    0.00,    2.68,    2.77,    3.75,    4.72,    8.52
 709,344,   2, 2035.35,    0.00,    2.70,    1.98,    2.38,    4.47,    8.43
 710,345,   2, 2046.26,    0.00,    2.71,    1.87,    1.93,    3.69,    8.33
 711,346,   2, 2057.16,    0.00,    2.73,    1.66,    1.77,    2.60,    8.24
 712,347,   2, 2068.06,    0.00,    2.74,    4.28,    2.97,    2.51,    8.16
 713,348,   2, 2078.96,    0.00,    2.75,    2.65,    3.47,    2.49,    8.08
 714,349,   2, 2089.87,    0.00,    2.77,    0.75,    1.70,    2.24,    7.99
 715,350,   2, 2100.77,    0.00,    2.78,    5.41,    3.08,    2.95,    7.91
 716,351,   2, 2111.67,    0.00,    2.80,    4.84,    5.13,    3.59,    7.86
 717,352,   2, 2122.57,    0.00,    2.81,    3.28,    4.06,    3.39,    7.80
 718,353,   2, 2133.48,    0.00,    2.83,    4.60,    3.94,    3.78,    7.75
 719,354,   2, 2144.38,    0.00,    2.84,    6.02,    5.31,    4.83,    7.71
 720,355,   2, 2155.28,    0.00,    2.86,    5.60,    5.81,    4.87,    7.68
 721,356,   2, 2166.18,    0.00,    2.87,    6.16,    5.88,    5.13,    7.65
 722,357,   2, 2177.08,    0.00,    2.88,    4.42,    5.29,    5.36,    7.61
 723,358,   2, 2187.99,    0.00,    2.90,    2.92,    3.67,    5.02,    7.56
 724,359,   2, 2198.89,    0.00,    2.91,   -1.91,    0.51,    3.44,    7.47
 725,360,   2, 2209.79,    0.00,    2.93,   -0.83,   -1.37,    2.15,    7.36
 726,361,   2, 2220.69,    0.00,    2.94,   -3.49,   -2.16,    0.22,    7.23
 727,362,   2, 2231.59,    0.00,    2.96,    3.25,   -0.12,   -0.01,    7.13
 728,363,   2, 2242.50,    0.00,    2.97,    3.42,    3.34,    0.09,    7.07
 729,364,   2, 2253.40,    0.00,    2.99,    3.88,    3.65,    1.25,    7.01
 730,365,   2, 2264.30,    0.00,    3.00,    1.42,    2.65,    1.70,    6.94
 731,  1,   3, 2264.30,    0.00,    3.00,    0.13,    0.78,    2.42,    6.86
 732,  2,   3, 2272.73,    0.00,    3.01,    0.63,    0.38,    1.90,    6.78
 733,  3,   3, 2281.16,    0.00,    3.02,   -0.76,   -0.06,    1.06,    6.68
 734,  4,   3, 2289.58,    0.00,    3.03,   -0.13,   -0.45,    0.26,    6.59
 735,  5,   3, 2298.01,    0.00,    3.04,   -0.56,   -0.35,   -0.14,    6.50
 736,  6,   3, 2306.44,    0.00,    3.06,   -1.87,   -1.21,   -0.54,    6.39
 737,  7,   3, 2314.87,    0.00,    3.07,   -0.74,   -1.31,   -0.81,    6.29
 738,  8,   3, 2323.30,    0.00,    3.08,   -0.19,   -0.46,   -0.70,    6.19
 739,  9,   3, 2331.73,    0.00,    3.09,   -2.27,   -1.23,   -1.13,    6.09
 740, 10,   3, 2340.15,    0.00,    3.10,   -1.53,   -1.90,   -1.32,    5.99
 741, 11,   3, 2348.58,    0.00,    3.11,   -1.90,   -1.71,   -1.33,    5.88
 742, 12,   3, 2357.01,    0.00,    3.12,   -3.19,   -2.55,   -1.82,    5.77
 743, 13,   3, 2365.44,    0.00,    3.13,   -3.35,   -3.27,   -2.45,    5.66
 744, 14,   3, 2373.87,    0.00,    3.15,   -4.47,   -3.91,   -2.89,    5.53
 745, 15,   3, 2382.29,    0.00,    3.16,  -10.20,   -7.34,   -4.62,    5.37
 746, 16,   3, 2390.72,    0.00,    3.17,   -3.91,   -7.06,   -5.02,    5.21
 747, 17,   3, 2399.15,    0.00,    3.18,   -3.05,   -3.48,   -5.00,    5.09
 748, 18,   3, 2407.58,    0.00,    3.19,   -1.67,   -2.36,   -4.66,    4.98
 749, 19,   3, 2416.01,    0.00,    3.20,   -1.51,   -1.59,   -4.07,    4.89
 750, 20,   3, 2424.44,    0.00,    3.21,    0.34,   -0.58,   -1.96,    4.81
 751, 21,   3, 2432.86,    0.00,    3.22,    2.02,    1.18,   -0.77,    4.76
 752, 22,   3, 2441.29,    0.00,    3.23,    1.96,    1.99,    0.23,    4.72
 753, 23,   3, 2449.72,    0.00,    3.25,    3.00,    2.48,    1.16,    4.68
 754, 24,   3, 2458.15,    0.00,    3.26,   -1.90,    0.55,    1.08,    4.63
 755, 25,   3, 2466.58,    0.00,    3.27,   -0.95,   -1.43,    0.83,    4.56
 756, 26,   3, 2475.00,    0.00,    3.28,   -3.49,   -2.22,   -0.28,    4.48
 757, 27,   3, 2483.43,    0.00,    3.29,   -7.17,   -5.33,   -2.10,    4.37
 758, 28,   3, 2491.86,    0.00,    3.30,   -4.99,   -6.08,   -3.70,    4.24
 759, 29,   3, 2500.29,    0.00,    3.31,   -4.31,   -4.65,   -4.18,    4.13
 760, 30,   3, 2508.72,    0.00,    3.32,  -12.10,   -8.21,   -6.41,    3.98
 761, 31,   3, 2517.15,    0.00,    3.33,  -14.30,  -13.20,   -8.57,    3.78
 762, 32,   3, 2525.57,    0.00,    3.35,  -11.20,  -12.75,   -9.38,    3.58
 763, 33,   3, 2534.00,    0.00,    3.36,   -7.32,   -9.26,   -9.85,    3.42
 764, 34,   3, 2542.43,    0.00,    3.37,   -7.08,   -7.20,  -10.40,    3.28
 765, 35,   3, 2550.86,    0.00,    3.38,   -9.35,   -8.22,   -9.85,    3.13
 766, 36,   3, 2559.29,    0.00,    3.39,  -10.90,  -10.12,   -9.17,    2.97
 767, 37,   3, 2567.71,    0.00,    3.40,  -10.50,  -10.70,   -9.03,    2.81
 768, 38,   3, 2576.14,    0.00,    3.41,  -14.30,  -12.40,  -10.43,    2.62
 769, 39,   3, 2584.57,    0.00,    3.42,  -12.80,  -13.55,  -11.57,    2.43
 770, 40,   3, 2593.00,    0.00,    3.44,  -17.20,  -15.00,  -13.14,    2.23
 771, 41,   3, 2601.43,    0.00,    3.45,  -15.40,  -16.30,  -14.04,    2.01
 772, 42,   3, 2609.86,    0.00,    3.46,  -14.20,  -14.80,  -14.78,    1.81
 773, 43,   3, 2618.28,    0.00,    3.47,  -11.40,  -12.80,  -14.20,    1.63
 774, 44,   3, 2626.71,    0.00,    3.48,   -9.19,  -10.29,  -13.48,    1.48
 775, 45,   3, 2635.14,    0.00,    3.49,   -4.32,   -6.75,  -10.90,    1.37
 776, 46,   3, 2643.57,    0.00,    3.50,  -10.40,   -7.36,   -9.90,    1.27
 777, 47,   3, 2652.00,    0.00,    3.51,   -9.96,  -10.18,   -9.05,    1.14
 778, 48,   3, 2660.42,    0.00,    3.52,   -4.58,   -7.27,   -7.69,    1.04
 779, 49,   3, 2668.85,    0.00,    3.54,   -4.90,   -4.74,   -6.83,    0.96
 780, 50,   3, 2677.28,    0.00,    3.55,    0.31,   -2.30,   -5.91,    0.92
 781, 51,   3, 2685.71,    0.00,    3.56,    2.10,    1.20,   -3.41,    0.91
 782, 52,   3, 2694.14,    0.00,    3.57,    3.37,    2.74,   -0.74,    0.93
 783, 53,   3, 2702.57,    0.00,    3.58,    2.15,    2.76,    0.61,    0.95
 784, 54,   3, 2710.99,    0.00,    3.59,    2.42,    2.29,    2.07,    0.96
 785, 55,   3, 2719.42,    0.00,    3.60,    5.28,    3.85,    3.06,    1.00
 786, 56,   3, 2727.85,    0.00,    3.61,    8.64,    6.96,    4.37,    1.06
 787, 57,   3, 2736.28,    0.00,    3.63,    5.76,    7.20,    4.85,    1.14
 788, 58,   3, 2744.71,    0.00,    3.64,    2.15,    3.96,    4.85,    1.18
 789, 59,   3, 2753.13,    0.00,    3.65,    3.62,    2.89,    5.09,    1.22
 790, 60,   3, 2761.56,    0.00,    3.66,    3.07,    3.35,    4.65,    1.26
 791, 61,   3, 2770.00,    0.00,    3.67,    3.08,    3.08,    3.54,    1.29
 792, 62,   3, 2776.38,    0.00,    3.68,    2.35,    2.72,    2.85,    1.33
 793, 63,   3, 2782.77,    0.00,    3.69,   -1.00,    0.68,    2.22,    1.34
 794, 64,   3, 2789.16,    0.00,    3.70,   -3.36,   -2.18,    0.83,    1.32
 795, 65,   3, 2795.54,    0.00,    3.70,    1.65,   -0.85,    0.54,    1.30
 796, 66,   3, 2801.93,    0.00,    3.71,   -0.44,    0.60,   -0.16,    1.30
 797, 67,   3, 2808.32,    0.00,    3.72,   -0.88,   -0.66,   -0.81,    1.29
 798, 68,   3, 2814.70,    0.00,    3.73,   -1.76,   -1.32,   -0.96,    1.27
 799, 69,   3, 2821.09,    0.00,    3.74,   -5.37,   -3.56,   -1.36,    1.23
 800, 70,   3, 2827.48,    0.00,    3.75,   -1.65,   -3.51,   -2.02,    1.18
 801, 71,   3, 2833.86,    0.00,    3.75,    1.73,    0.04,   -1.58,    1.17
 802, 72,   3, 2840.25,    0.00,    3.76,    3.08,    2.41,   -0.79,    1.18
 803, 73,   3, 2846.64,    0.00,    3.77,    1.80,    2.44,   -0.08,    1.20
 804, 74,   3, 2853.02,    0.00,    3.78,    1.88,    1.84,    1.37,    1.21
 805, 75,   3, 2859.41,    0.00,    3.79,    0.96,    1.42,    1.89,    1.23
 806, 76,   3, 2865.79,    0.00,    3.80,   -0.37,    0.30,    1.47,    1.23
 807, 77,   3, 2872.18,    0.00,    3.81,   -1.41,   -0.89,    0.57,    1.22
 808, 78,   3, 2878.57,    0.00,    3.81,   -2.34,   -1.87,   -0.26,    1.20
 809, 79,   3, 2884.95,    0.00,    3.82,    2.65,    0.16,   -0.10,    1.20
 810, 80,   3, 2891.34,    0.00,    3.83,    3.33,    2.99,    0.37,    1.23
 811, 81,   3, 2897.73,    0.00,    3.84,    4.03,    3.68,    1.25,    1.27
 812, 82,   3, 2904.11,    0.00,    3.85,    6.68,    5.36,    2.87,    1.32
 813, 83,   3, 2910.50,    0.00,    3.86,    7.06,    6.87,    4.75,    1.40
 814, 84,   3, 2916.89,    0.00,    3.86,    6.62,    6.84,    5.54,    1.47
 815, 85,   3, 2923.27,    0.00,    3.87,    6.45,    6.54,    6.17,    1.54
 816, 86,   3, 2929.66,    0.00,    3.88,    7.14,    6.80,    6.79,    1.62
 817, 87,   3, 2936.05,    0.00,    3.89,    4.45,    5.80,    6.34,    1.68
 818, 88,   3, 2942.43,    0.00,    3.90,    8.21,    6.33,    6.57,    1.73
 819, 89,   3, 2948.82,    0.00,    3.91,   10.80,    9.51,    7.41,    1.83
 820, 90,   3, 2955.20,    0.00,    3.92,    5.88,    8.34,    7.30,    1.90
 821, 91,   3, 2961.59,    0.00,    3.92,    3.55,    4.72,    6.58,    1.95
 822, 92,   3, 2967.98,    0.00,    3.93,    3.70,    3.63,    6.43,    2.00
 823, 93,   3, 2974.36,    0.00,    3.94,    5.08,    4.39,    5.80,    2.05
 824, 94,   3, 2980.75,    0.00,    3.95,    6.60,    5.84,    4.96,    2.11
 825, 95,   3, 2987.14,    0.00,    3.96,    2.11,    4.36,    4.21,    2.15
 826, 96,   3, 2993.52,    0.00,    3.97,    3.40,    2.76,    4.18,    2.18
 827, 97,   3, 2999.91,    0.00,    3.97,    3.07,    3.24,    4.05,    2.21
 828, 98,   3, 3006.30,    0.00,    3.98,    1.28,    2.18,    3.29,    2.23
 829, 99,   3, 3012.68,    0.00,    3.99,    4.12,    2.70,    2.80,    2.26
 830,100,   3, 3019.07,    0.00,    4.00,    4.18,    4.15,    3.21,    2.30
 831,101,   3, 1132.15,    0.00,    1.50,    3.23,    3.71,    3.18,    2.36
 832,102,   3, 1139.70,    0.00,    1.51,    2.96,    3.10,    3.15,    2.41
 833,103,   3, 1147.25,    0.00,    1.52,    2.29,    2.63,    3.36,    2.45
 834,104,   3, 1154.79,    0.00,    1.53,    1.39,    1.84,    2.81,    2.49
 835,105,   3, 1162.34,    0.00,    1.54,    2.40,    1.90,    2.45,    2.55
 836,106,   3, 1169.89,    0.00,    1.55,    4.49,    3.45,    2.71,    2.64
 837,107,   3, 1177.44,    0.00,    1.56,    6.48,    5.49,    3.41,    2.77
 838,108,   3, 1184.98,    0.00,    1.57,    6.48,    6.48,    4.25,    2.93
 839,109,   3, 1192.53,    0.00,    1.58,    6.22,    6.35,    5.21,    3.08
 840,110,   3, 1200.08,    0.00,    1.59,    7.10,    6.66,    6.15,    3.25
 841,111,   3, 1207.63,    0.00,    1.60,    7.52,    7.31,    6.76,    3.41
 842,112,   3, 1215.18,    0.00,    1.61,    1.53,    4.53,    5.77,    3.48
 843,113,   3, 1222.72,    0.00,    1.62,    3.52,    2.53,    5.18,    3.51
 844,114,   3, 1230.27,    0.00,    1.63,    1.88,    2.70,    4.31,    3.54
 845,115,   3, 1237.82,    0.00,    1.64,    0.99,    1.43,    3.09,    3.53
 846,116,   3, 1245.37,    0.00,    1.65,    1.74,    1.36,    1.93,    3.52
 847,117,   3, 1252.91,    0.00,    1.66,    2.71,    2.23,    2.17,    3.53
 848,118,   3, 1260.46,    0.00,    1.67,    3.22,    2.97,    2.11,    3.57
 849,119,   3, 1268.01,    0.00,    1.68,    3.48,    3.35,    2.43,    3.60
 850,120,   3, 1275.56,    0.00,    1.69,    3.42,    3.45,    2.91,    3.66
 851,121,   3, 1283.10,    0.00,    1.70,    3.76,    3.59,    3.32,    3.71
 852,122,   3, 1290.65,    0.00,    1.71,    6.16,    4.96,    4.01,    3.79
 853,123,   3, 1298.20,    0.00,    1.72,    5.55,    5.86,    4.47,    3.88
 854,124,   3, 1305.75,    0.00,    1.73,    6.52,    6.04,    5.08,    3.98
 855,125,   3, 1313.29,    0.00,    1.74,    3.37,    4.95,    5.07,    4.04
 856,126,   3, 1320.84,    0.00,    1.75,    3.10,    3.24,    4.94,    4.05
 857,127,   3, 1328.39,    0.00,    1.76,    3.17,    3.14,    4.34,    4.06
 858,128,   3, 1335.94,    0.00,    1.77,    6.07,    4.62,    4.45,    4.13
 859,129,   3, 1343.56,    0.00,    1.78,    5.90,    5.99,    4.32,    4.21
 860,130,   3, 1351.18,    0.00,    1.79,   12.50,    9.20,    6.15,    4.34
 861,131,   3, 1358.81,    0.00,    1.80,   15.40,   13.95,    8.61,    4.57
 862,132,   3, 1366.43,    0.00,    1.81,   15.60,   15.50,   11.09,    4.86
 863,133,   3, 1374.05,    0.00,    1.82,   17.60,   16.60,   13.40,    5.18
 864,134,   3, 1381.67,    0.00,    1.83,   13.00,   15.30,   14.82,    5.46
 865,135,   3, 1389.29,    0.00,    1.84,    9.62,   11.31,   14.24,    5.64
 866,136,   3, 1396.91,    0.00,    1.85,   10.90,   10.26,   13.34,    5.78
 867,137,   3, 1404.53,    0.00,    1.86,   10.90,   10.90,   12.40,    5.93
 868,138,   3, 1412.16,    0.00,    1.87,   11.50,   11.20,   11.18,    6.10
 869,139,   3, 1419.78,    0.00,    1.88,   12.50,   12.00,   11.08,    6.29
 870,140,   3, 1427.40,    0.00,    1.89,   12.50,   12.50,   11.66,    6.48
 871,141,   3, 1435.02,    0.00,    1.90,    9.93,   11.22,   11.47,    6.64
 872,142,   3, 1442.64,    0.00,    1.91,   11.20,   10.57,   11.53,    6.78
 873,143,   3, 1450.26,    0.00,    1.92,    8.07,    9.64,   10.84,    6.89
 874,144,   3, 1457.89,    0.00,    1.93,    8.70,    8.39,   10.08,    6.96
 875,145,   3, 1465.51,    0.00,    1.94,   11.80,   10.25,    9.94,    7.07
 876,146,   3, 1473.13,    0.00,    1.95,    9.02,   10.41,    9.76,    7.16
 877,147,   3, 1480.75,    0.00,    1.96,    6.45,    7.74,    8.81,    7.19
 878,148,   3, 1488.37,    0.00,    1.97,   11.30,    8.88,    9.45,    7.27
 879,149,   3, 1495.99,    0.00,    1.98,   12.10,   11.70,   10.13,    7.43
 880,150,   3, 1503.62,    0.00,    1.99,   13.60,   12.85,   10.49,    7.61
 881,151,   3, 1511.24,    0.00,    2.00,   13.60,   13.60,   11.41,    7.79
 882,152,   3, 1518.86,    0.00,    2.01,   13.00,   13.30,   12.72,    7.95
 883,153,   3, 1526.48,    0.00,    2.02,   14.90,   13.95,   13.44,    8.13
 884,154,   3, 1534.10,    0.00,    2.03,   15.40,   15.15,   14.10,    8.34
 885,155,   3, 1541.72,    0.00,    2.04,   15.90,   15.65,   14.56,    8.55
 886,156,   3, 1549.35,    0.00,    2.05,   18.00,   16.95,   15.44,    8.78
 887,157,   3, 1556.97,    0.00,    2.06,   18.80,   18.40,   16.60,    9.04
 888,158,   3, 1564.59,    0.00,    2.07,   19.10,   18.95,   17.44,    9.28
 889,159,   3, 1572.21,    0.00,    2.08,   17.40,   18.25,   17.84,    9.50
 890,160,   3, 1579.83,    0.00,    2.09,   17.30,   17.35,   18.12,    9.70
 891,161,   3, 1587.45,    0.00,    2.10,   18.40,   17.85,   18.20,    9.92
 892,162,   3, 1595.08,    0.00,    2.11,   19.40,   18.90,   18.32,   10.16
 893,163,   3, 1602.70,    0.00,    2.12,   15.70,   17.55,   17.64,   10.35
 894,164,   3, 1610.32,    0.00,    2.13,   14.90,   15.30,   17.14,   10.51
 895,165,   3, 1617.94,    0.00,    2.14,   15.40,   15.15,   16.76,   10.67
 896,166,   3, 1625.56,    0.00,    2.15,   13.00,   14.20,   15.68,   10.77
 897,167,   3, 1633.18,    0.00,    2.16,   18.30,   15.65,   15.46,   10.90
 898,168,   3, 1640.81,    0.00,    2.17,   16.40,   17.35,   15.60,   11.05
 899,169,   3, 1648.43,    0.00,    2.18,   13.30,   14.85,   15.28,   11.14
 900,170,   3, 1656.05,    0.00,    2.19,   17.60,   15.45,   15.72,   11.27
 901,171,   3, 1663.67,    0.00,    2.20,   20.40,   19.00,   17.20,   11.48
 902,172,   3, 1671.29,    0.00,    2.21,   20.60,   20.50,   17.66,   11.70
 903,173,   3, 1678.91,    0.00,    2.22,   19.30,   19.95,   18.24,   11.91
 904,174,   3, 1686.54,    0.00,    2.23,   17.60,   18.45,   19.10,   12.11
 905,175,   3, 1694.16,    0.00,    2.24,   19.10,   18.35,   19.40,   12.29
 906,176,   3, 1701.78,    0.00,    2.25,   22.50,   20.80,   19.82,   12.52
 907,177,   3, 1709.40,    0.00,    2.26,   23.50,   23.00,   20.40,   12.77
 908,178,   3, 1717.02,    0.00,    2.27,   23.10,   23.30,   21.16,   13.02
 909,179,   3, 1724.64,    0.00,    2.28,   23.20,   23.15,   22.28,   13.26
 910,180,   3, 1732.26,    0.00,    2.30,   22.70,   22.95,   23.00,   13.49
 911,181,   3, 1739.89,    0.00,    2.31,   19.80,   21.25,   22.46,   13.68
 912,182,   3, 1747.51,    0.00,    2.32,   15.60,   17.70,   20.88,   13.80
 913,183,   3, 1755.13,    0.00,    2.33,   15.70,   15.65,   19.40,   13.89
 914,184,   3, 1762.75,    0.00,    2.34,   15.50,   15.60,   17.86,   13.98
 915,185,   3, 1770.37,    0.00,    2.35,   15.40,   15.45,   16.40,   14.06
 916,186,   3, 1777.99,    0.00,    2.36,   13.60,   14.50,   15.16,   14.12
 917,187,   3, 1785.62,    0.00,    2.37,   14.50,   14.05,   14.94,   14.14
 918,188,   3, 1793.24,    0.00,    2.38,   14.30,   14.40,   14.66,   14.17
 919,189,   3, 1800.86,    0.00,    2.39,   14.70,   14.50,   14.50,   14.21
 920,190,   3, 1808.48,    0.00,    2.40,   11.90,   13.30,   13.80,   14.25
 921,191,   3, 1816.10,    0.00,    2.41,   14.60,   13.25,   14.00,   14.29
 922,192,   3, 1823.72,    0.00,    2.42,   12.90,   13.75,   13.68,   14.32
 923,193,   3, 1831.35,    0.00,    2.43,   14.20,   13.55,   13.66,   14.34
 924,194,   3, 1838.97,    0.00,    2.44,   13.30,   13.75,   13.38,   14.37
 925,195,   3, 1846.59,    0.00,    2.45,   13.50,   13.40,   13.70,   14.40
 926,196,   3, 1854.21,    0.00,    2.46,   16.00,   14.75,   13.98,   14.45
 927,197,   3, 1861.83,    0.00,    2.47,   16.20,   16.10,   14.64,   14.51
 928,198,   3, 1869.45,    0.00,    2.48,   17.30,   16.75,   15.26,   14.58
 929,199,   3, 1877.08,    0.00,    2.49,   20.00,   18.65,   16.60,   14.70
 930,200,   3, 1884.70,    0.00,    2.50,   19.50,   19.75,   17.80,   14.82
 931,201,   3, 1892.32,    0.00,    2.51,   20.50,   20.00,   18.70,   14.95
 932,202,   3, 1899.94,    0.00,    2.52,   19.50,   20.00,   19.36,   15.07
 933,203,   3, 1907.56,    0.00,    2.53,   13.90,   16.70,   18.68,   15.13
 934,204,   3, 1915.18,    0.00,    2.54,   14.30,   14.10,   17.54,   15.17
 935,205,   3, 1922.81,    0.00,    2.55,   12.80,   13.55,   16.20,   15.20
 936,206,   3, 1930.43,    0.00,    2.56,   14.40,   13.60,   14.98,   15.23
 937,207,   3, 1938.05,    0.00,    2.57,   15.20,   14.80,   14.12,   15.27
 938,208,   3, 1945.67,    0.00,    2.58,   17.20,   16.20,   14.78,   15.33
 939,209,   3, 1953.29,    0.00,    2.59,   18.80,   18.00,   15.68,   15.41
 940,210,   3, 1960.91,    0.00,    2.60,   16.10,   17.45,   16.34,   15.47
 941,211,   3, 1968.54,    0.00,    2.61,   15.60,   15.85,   16.58,   15.51
 942,212,   3, 1976.16,    0.00,    2.62,   16.00,   15.80,   16.74,   15.55
 943,213,   3, 1983.78,    0.00,    2.63,   16.90,   16.45,   16.68,   15.60
 944,214,   3, 1991.40,    0.00,    2.64,   18.10,   17.50,   16.54,   15.67
 945,215,   3, 1999.02,    0.00,    2.65,   19.10,   18.60,   17.14,   15.75
 946,216,   3, 2006.64,    0.00,    2.66,   17.50,   18.30,   17.52,   15.82
 947,217,   3, 2014.27,    0.00,    2.67,   15.90,   16.70,   17.50,   15.88
 948,218,   3, 2021.89,    0.00,    2.68,   15.60,   15.75,   17.24,   15.92
 949,219,   3, 2029.51,    0.00,    2.69,   19.70,   17.65,   17.56,   15.98
 950,220,   3, 2037.13,    0.00,    2.70,   21.70,   20.70,   18.08,   16.08
 951,221,   3, 2044.75,    0.00,    2.71,   22.70,   22.20,   19.12,   16.21
 952,222,   3, 2052.37,    0.00,    2.72,   18.30,   20.50,   19.60,   16.32
 953,223,   3, 2059.99,    0.00,    2.73,   15.80,   17.05,   19.64,   16.39
 954,224,   3, 2067.62,    0.00,    2.74,   14.90,   15.35,   18.68,   16.43
 955,225,   3, 2075.24,    0.00,    2.75,   19.20,   17.05,   18.18,   16.49
 956,226,   3, 2082.86,    0.00,    2.76,   18.60,   18.90,   17.36,   16.56
 957,227,   3, 2090.48,    0.00,    2.77,   20.30,   19.45,   17.76,   16.64
 958,228,   3, 2098.10,    0.00,    2.78,   21.90,   21.10,   18.98,   16.74
 959,229,   3, 2105.72,    0.00,    2.79,   20.30,   21.10,   20.06,   16.84
 960,230,   3, 2113.35,    0.00,    2.80,   19.90,   20.10,   20.20,   16.93
 961,231,   3, 1955.79,    0.00,    2.59,   20.80,   20.35,   20.64,   17.03
 962,232,   3, 1798.23,    0.00,    2.38,   20.90,   20.85,   20.76,   17.13
 963,233,   3, 1640.68,    0.00,    2.17,   19.40,   20.15,   20.26,   17.23
 964,234,   3, 1483.12,    0.00,    1.97,   19.80,   19.60,   20.16,   17.32
 965,235,   3, 1325.56,    0.00,    1.76,   20.60,   20.20,   20.30,   17.42
 966,236,   3, 1168.00,    0.00,    1.55,   18.30,   19.45,   19.80,   17.51
 967,237,   3, 1010.45,    0.00,    1.34,   15.90,   17.10,   18.80,   17.55
 968,238,   3,  852.89,    0.00,    1.13,   13.20,   14.55,   17.56,   17.54
 969,239,   3,  864.21,    0.00,    1.15,   13.00,   13.10,   16.20,   17.50
 970,240,   3,  875.53,    0.00,    1.16,   12.40,   12.70,   14.56,   17.42
 971,241,   3,  886.85,    0.00,    1.18,   12.10,   12.25,   13.32,   17.32
 972,242,   3,  898.17,    0.00,    1.19,   12.40,   12.25,   12.62,   17.19
 973,243,   3,  909.50,    0.00,    1.21,   13.70,   13.05,   12.72,   17.09
 974,244,   3,  920.82,    0.00,    1.22,   10.80,   12.25,   12.28,   16.97
 975,245,   3,  932.14,    0.00,    1.24,   13.40,   12.10,   12.48,   16.88
 976,246,   3,  943.46,    0.00,    1.25,   11.50,   12.45,   12.36,   16.80
 977,247,   3,  954.78,    0.00,    1.27,   15.90,   13.70,   13.06,   16.72
 978,248,   3,  966.10,    0.00,    1.28,   15.60,   15.75,   13.44,   16.71
 979,249,   3,  977.42,    0.00,    1.30,   14.40,   15.00,   14.16,   16.69
 980,250,   3,  988.75,    0.00,    1.31,   12.70,   13.55,   14.02,   16.66
 981,251,   3, 1000.07,    0.00,    1.33,   12.20,   12.45,   14.16,   16.61
 982,252,   3, 1011.39,    0.00,    1.34,   14.10,   13.15,   13.80,   16.57
 983,253,   3, 1022.71,    0.00,    1.36,   13.00,   13.55,   13.28,   16.51
 984,254,   3, 1034.03,    0.00,    1.37,   10.50,   11.75,   12.50,   16.42
 985,255,   3, 1045.35,    0.00,    1.38,   10.90,   10.70,   12.14,   16.32
 986,256,   3, 1056.67,    0.00,    1.40,   13.20,   12.05,   12.34,   16.23
 987,257,   3, 1067.99,    0.00,    1.41,   12.90,   13.05,   12.10,   16.17
 988,258,   3, 1079.32,    0.00,    1.43,   14.70,   13.80,   12.44,   16.14
 989,259,   3, 1090.64,    0.00,    1.44,   13.70,   14.20,   13.08,   16.09
 990,260,   3, 1101.96,    0.00,    1.46,   12.90,   13.30,   13.48,   16.03
 991,261,   3, 1113.28,    0.00,    1.47,    9.51,   11.21,   12.74,   15.94
 992,262,   3, 1124.60,    0.00,    1.49,   11.10,   10.31,   12.38,   15.85
 993,263,   3, 1135.92,    0.00,    1.50,    8.37,    9.74,   11.12,   15.75
 994,264,   3, 1147.25,    0.00,    1.52,    8.07,    8.22,    9.99,   15.60
 995,265,   3, 1158.57,    0.00,    1.53,   13.40,   10.74,   10.09,   15.49
 996,266,   3, 1169.89,    0.00,    1.55,   13.40,   13.40,   10.87,   15.45
 997,267,   3, 1181.21,    0.00,    1.56,   12.90,   13.15,   11.23,   15.42
 998,268,   3, 1192.53,    0.00,    1.58,   14.40,   13.65,   12.43,   15.40
 999,269,   3, 1203.85,    0.00,    1.59,   12.20,   13.30,   13.26,   15.38
1000,270,   3, 1215.17,    0.00,    1.61,   14.30,   13.25,   13.44,   15.35
1001,271,   3, 1226.50,    0.00,    1.62,   12.70,   13.50,   13.30,   15.31
1002,272,   3, 1237.82,    0.00,    1.64,   12.20,   12.45,   13.16,   15.25
1003,273,   3, 1249.14,    0.00,    1.65,   12.90,   12.55,   12.86,   15.20
1004,274,   3, 1260.46,    0.00,    1.67,   13.20,   13.05,   13.06,   15.16
1005,275,   3, 1271.78,    0.00,    1.68,   11.70,   12.45,   12.54,   15.11
1006,276,   3, 1283.10,    0.00,    1.70,   13.10,   12.40,   12.62,   15.07
1007,277,   3, 1294.42,    0.00,    1.71,   12.70,   12.90,   12.72,   15.04
1008,278,   3, 1305.75,    0.00,    1.73,   13.70,   13.20,   12.88,   15.00
1009,279,   3, 1317.07,    0.00,    1.74,   14.10,   13.90,   13.06,   14.98
1010,280,   3, 1328.39,    0.00,    1.76,   12.90,   13.50,   13.30,   14.96
1011,281,   3, 1339.71,    0.00,    1.77,   13.10,   13.00,   13.30,   14.93
1012,282,   3, 1351.03,    0.00,    1.79,   12.10,   12.60,   13.18,   14.90
1013,283,   3, 1362.35,    0.00,    1.80,   10.30,   11.20,   12.50,   14.84
1014,284,   3, 1373.68,    0.00,    1.82,    8.55,    9.43,   11.39,   14.74
1015,285,   3, 1385.00,    0.00,    1.83,    7.65,    8.10,   10.34,   14.62
1016,286,   3, 1396.32,    0.00,    1.85,    7.19,    7.42,    9.16,   14.48
1017,287,   3, 1407.64,    0.00,    1.86,    6.15,    6.67,    7.97,   14.33
1018,288,   3, 1418.96,    0.00,    1.88,    6.31,    6.23,    7.17,   14.17
1019,289,   3, 1430.28,    0.00,    1.89,    6.52,    6.42,    6.76,   14.02
1020,290,   3, 1441.60,    0.00,    1.91,    5.62,    6.07,    6.36,   13.87
1021,291,   3, 1452.93,    0.00,    1.92,    6.54,    6.08,    6.23,   13.72
1022,292,   3, 1464.25,    0.00,    1.94,    2.31,    4.43,    5.46,   13.54
1023,293,   3, 1475.57,    0.00,    1.95,    1.62,    1.97,    4.52,   13.33
1024,294,   3, 1486.89,    0.00,    1.97,    0.80,    1.21,    3.38,   13.10
1025,295,   3, 1498.21,    0.00,    1.98,    8.47,    4.64,    3.95,   12.93
1026,296,   3, 1509.53,    0.00,    2.00,   10.60,    9.54,    4.76,   12.84
1027,297,   3, 1520.85,    0.00,    2.01,    3.65,    7.13,    5.03,   12.72
1028,298,   3, 1532.18,    0.00,    2.03,    0.89,    2.27,    4.88,   12.53
1029,299,   3, 1543.50,    0.00,    2.04,    7.93,    4.41,    6.31,   12.37
1030,300,   3, 1554.82,    0.00,    2.06,   10.50,    9.22,    6.71,   12.30
1031,301,   3, 1566.14,    0.00,    2.07,    9.36,    9.93,    6.47,   12.25
1032,302,   3, 1577.46,    0.00,    2.09,    7.71,    8.54,    7.28,   12.17
1033,303,   3, 1588.37,    0.00,    2.10,    5.48,    6.60,    8.20,   12.07
1034,304,   3, 1599.27,    0.00,    2.12,    1.63,    3.56,    6.94,   11.93
1035,305,   3, 1610.17,    0.00,    2.13,    5.27,    3.45,    5.89,   11.78
1036,306,   3, 1621.07,    0.00,    2.15,    9.44,    7.36,    5.91,   11.70
1037,307,   3, 1631.97,    0.00,    2.16,   12.80,   11.12,    6.92,   11.67
1038,308,   3, 1642.88,    0.00,    2.18,    9.79,   11.30,    7.79,   11.65
1039,309,   3, 1653.78,    0.00,    2.19,    5.61,    7.70,    8.58,   11.58
1040,310,   3, 1664.68,    0.00,    2.21,    7.16,    6.39,    8.96,   11.50
1041,311,   3, 1675.58,    0.00,    2.22,    7.95,    7.56,    8.66,   11.45
1042,312,   3, 1686.48,    0.00,    2.23,    7.95,    7.95,    7.69,   11.39
1043,313,   3, 1697.39,    0.00,    2.25,    6.25,    7.10,    6.98,   11.31
1044,314,   3, 1708.29,    0.00,    2.26,    5.05,    5.65,    6.87,   11.22
1045,315,   3, 1719.19,    0.00,    2.28,    3.98,    4.52,    6.24,   11.11
1046,316,   3, 1730.09,    0.00,    2.29,    6.07,    5.03,    5.86,   11.01
1047,317,   3, 1741.00,    0.00,    2.31,    5.30,    5.69,    5.33,   10.91
1048,318,   3, 1751.90,    0.00,    2.32,    6.58,    5.94,    5.40,   10.82
1049,319,   3, 1762.80,    0.00,    2.34,    7.00,    6.79,    5.79,   10.75
1050,320,   3, 1773.70,    0.00,    2.35,    7.63,    7.32,    6.52,   10.68
1051,321,   3, 1784.60,    0.00,    2.36,    9.99,    8.81,    7.30,   10.65
1052,322,   3, 1795.51,    0.00,    2.38,    8.66,    9.33,    7.97,   10.62
1053,323,   3, 1806.41,    0.00,    2.39,   11.50,   10.08,    8.96,   10.61
1054,324,   3, 1817.31,    0.00,    2.41,    5.96,    8.73,    8.75,   10.57
1055,325,   3, 1828.21,    0.00,    2.42,   -0.44,    2.76,    7.13,   10.46
1056,326,   3, 1839.11,    0.00,    2.44,    1.90,    0.73,    5.52,   10.32
1057,327,   3, 1850.02,    0.00,    2.45,    5.53,    3.72,    4.89,   10.21
1058,328,   3, 1860.92,    0.00,    2.47,    2.80,    4.17,    3.15,   10.12
1059,329,   3, 1871.82,    0.00,    2.48,    2.16,    2.48,    2.39,    9.99
1060,330,   3, 1882.72,    0.00,    2.49,    7.45,    4.81,    3.97,    9.90
1061,331,   3, 1893.63,    0.00,    2.51,    5.18,    6.32,    4.62,    9.83
1062,332,   3, 1904.53,    0.00,    2.52,   -1.01,    2.09,    3.32,    9.71
1063,333,   3, 1915.43,    0.00,    2.54,    0.30,   -0.36,    2.82,    9.56
1064,334,   3, 1926.33,    0.00,    2.55,   -1.28,   -0.49,    2.13,    9.41
1065,335,   3, 1937.23,    0.00,    2.57,   -0.82,   -1.05,    0.47,    9.25
1066,336,   3, 1948.14,    0.00,    2.58,    1.63,    0.41,   -0.24,    9.10
1067,337,   3, 1959.04,    0.00,    2.60,    1.42,    1.53,    0.25,    8.98
1068,338,   3, 1969.94,    0.00,    2.61,    2.42,    1.92,    0.67,    8.86
1069,339,   3, 1980.84,    0.00,    2.62,    3.24,    2.83,    1.58,    8.76
1070,340,   3, 1991.74,    0.00,    2.64,    5.76,    4.50,    2.89,    8.68
1071,341,   3, 2002.65,    0.00,    2.65,    7.10,    6.43,    3.99,    8.64
1072,342,   3, 2013.55,    0.00,    2.67,    4.73,    5.92,    4.65,    8.59
1073,343,   3, 2024.45,    0.00,    2.68,    2.77,    3.75,    4.72,    8.52
1074,344,   3, 2035.35,    0.00,    2.70,    1.98,    2.38,    4.47,    8.43
1075,345,   3, 2046.26,    0.00,    2.71,    1.87,    1.93,    3.69,    8.33
1076,346,   3, 2057.16,    0.00,    2.73,    1.66,    1.77,    2.60,    8.24
1077,347,   3, 2068.06,    0.00,    2.74,    4.28,    2.97,    2.51,    8.16
1078,348,   3, 2078.96,    0.00,    2.75,    2.65,    3.47,    2.49,    8.08
1079,349,   3, 2089.87,    0.00,    2.77,    0.75,    1.70,    2.24,    7.99
1080,350,   3, 2100.77,    0.00,    2.78,    5.41,    3.08,    2.95,    7.91
1081,351,   3, 2111.67,    0.00,    2.80,    4.84,    5.13,    3.59,    7.86
1082,352,   3, 2122.57,    0.00,    2.81,    3.28,    4.06,    3.39,    7.80
1083,353,   3, 2133.48,    0.00,    2.83,    4.60,    3.94,    3.78,    7.75
1084,354,   3, 2144.38,    0.00,    2.84,    6.02,    5.31,    4.83,    7.71
1085,355,   3, 2155.28,    0.00,    2.86,    5.60,    5.81,    4.87,    7.68
1086,356,   3, 2166.18,    0.00,    2.87,    6.16,    5.88,    5.13,    7.65
1087,357,   3, 2177.08,    0.00,    2.88,    4.42,    5.29,    5.36,    7.61
1088,358,   3, 2187.99,    0.00,    2.90,    2.92,    3.67,    5.02,    7.56
1089,359,   3, 2198.89,    0.00,    2.91,   -1.91,    0.51,    3.44,    7.47
1090,360,   3, 2209.79,    0.00,    2.93,   -0.83,   -1.37,    2.15,    7.36
1091,361,   3, 2220.69,    0.00,    2.94,   -3.49,   -2.16,    0.22,    7.23
1092,362,   3, 2231.59,    0.00,    2.96,    3.25,   -0.12,   -0.01,    7.13
1093,363,   3, 2242.50,    0.00,    2.97,    3.42,    3.34,    0.09,    7.07
1094,364,   3, 2253.40,    0.00,    2.99,    3.88,    3.65,    1.25,    7.01
1095,365,   3, 2264.30,    0.00,    3.00,    1.42,    2.65,    1.70,    6.94
