Day of sim.,Day of year,Year,Air T,Radiation
,,,(deg. C),(W/m2)
day,doy,year,air_temp,rad
   1,  1,   1,           0.10,          12.70
   2,  2,   1,           0.40,          12.70
   3,  3,   1,           1.20,          10.40
   4,  4,   1,          -0.10,           5.79
   5,  5,   1,           0.90,           8.10
   6,  6,   1,          -0.10,           4.63
   7,  7,   1,           0.00,           4.63
   8,  8,   1,          -0.20,           9.26
   9,  9,   1,           0.20,           9.26
  10, 10,   1,           0.80,          18.50
  11, 11,   1,           4.10,          12.70
  12, 12,   1,           0.70,          24.30
  13, 13,   1,           0.20,          11.60
  14, 14,   1,          -1.80,           6.94
  15, 15,   1,          -3.40,          13.90
  16, 16,   1,          -5.70,          48.60
  17, 17,   1,          -1.20,          30.10
  18, 18,   1,           0.00,          12.70
  19, 19,   1,           1.60,          10.40
  20, 20,   1,           5.30,           6.94
  21, 21,   1,           5.20,          23.10
  22, 22,   1,           4.20,          24.30
  23, 23,   1,           1.90,          19.70
  24, 24,   1,           1.20,          17.40
  25, 25,   1,           0.30,          19.70
  26, 26,   1,          -1.10,          26.60
  27, 27,   1,           0.30,          15.00
  28, 28,   1,          -2.60,          62.50
  29, 29,   1,          -3.60,          27.80
  30, 30,   1,          -2.10,          39.40
  31, 31,   1,          -0.80,          66.00
  32, 32,   1,          -2.50,          62.50
  33, 33,   1,          -4.80,          41.70
  34, 34,   1,          -2.20,          19.70
  35, 35,   1,          -4.20,          26.60
  36, 36,   1,          -5.00,          39.40
  37, 37,   1,          -4.90,          70.60
  38, 38,   1,          -4.40,          33.60
  39, 39,   1,          -3.30,          37.00
  40, 40,   1,          -4.40,          28.90
  41, 41,   1,          -5.30,          79.90
  42, 42,   1,          -7.40,          59.00
  43, 43,   1,          -7.60,         102.00
  44, 44,   1,          -6.00,          98.40
  45, 45,   1,          -5.20,          90.30
  46, 46,   1,          -1.30,          23.10
  47, 47,   1,          -1.20,          33.60
  48, 48,   1,           0.60,          26.60
  49, 49,   1,           2.80,          25.50
  50, 50,   1,           4.20,          72.90
  51, 51,   1,           6.30,          50.90
  52, 52,   1,           7.40,          72.90
  53, 53,   1,           6.00,          79.90
  54, 54,   1,           6.40,          26.60
  55, 55,   1,           9.80,          30.10
  56, 56,   1,           8.40,          55.60
  57, 57,   1,           5.60,          52.10
  58, 58,   1,           5.10,         101.00
  59, 59,   1,           5.50,         103.00
  60, 60,   1,           4.30,          57.90
  61, 61,   1,           3.80,         130.00
  62, 62,   1,           1.40,          78.70
  63, 63,   1,           0.90,         138.00
  64, 64,   1,           0.10,         141.00
  65, 65,   1,           2.70,          68.30
  66, 66,   1,           3.00,         132.00
  67, 67,   1,          -0.50,         150.00
  68, 68,   1,          -0.10,         157.00
  69, 69,   1,           0.50,          71.80
  70, 70,   1,           4.50,          27.80
  71, 71,   1,           4.30,          67.10
  72, 72,   1,           2.90,          35.90
  73, 73,   1,           4.00,          99.50
  74, 74,   1,           3.70,          72.90
  75, 75,   1,           2.70,         153.00
  76, 76,   1,           2.70,          92.60
  77, 77,   1,           1.50,         138.00
  78, 78,   1,           0.60,         147.00
  79, 79,   1,           3.50,          54.40
  80, 80,   1,           4.60,         155.00
  81, 81,   1,           4.10,          71.80
  82, 82,   1,           5.60,          94.90
  83, 83,   1,           6.90,         104.00
  84, 84,   1,           6.30,         149.00
  85, 85,   1,           6.90,          79.90
  86, 86,   1,           5.40,          93.80
  87, 87,   1,           6.00,          40.50
  88, 88,   1,           8.90,          32.40
  89, 89,   1,          10.60,         189.00
  90, 90,   1,           9.90,         118.00
  91, 91,   1,           6.50,         203.00
  92, 92,   1,           5.60,         182.00
  93, 93,   1,           4.60,         205.00
  94, 94,   1,           5.30,          74.10
  95, 95,   1,           2.40,         133.00
  96, 96,   1,           3.10,         188.00
  97, 97,   1,           3.70,         142.00
  98, 98,   1,           3.30,         103.00
  99, 99,   1,           4.70,         171.00
 100,100,   1,           2.80,         189.00
 101,101,   1,           1.10,          42.80
 102,102,   1,           2.90,         183.00
 103,103,   1,           4.20,         194.00
 104,104,   1,           4.10,         207.00
 105,105,   1,           4.40,         183.00
 106,106,   1,           5.40,         215.00
 107,107,   1,           8.30,         193.00
 108,108,   1,           9.90,         242.00
 109,109,   1,          10.30,         251.00
 110,110,   1,          10.30,         263.00
 111,111,   1,           6.60,         226.00
 112,112,   1,           6.50,         277.00
 113,113,   1,           6.00,         189.00
 114,114,   1,           5.10,         266.00
 115,115,   1,           4.20,         273.00
 116,116,   1,           4.20,         205.00
 117,117,   1,           5.20,         267.00
 118,118,   1,           6.60,         182.00
 119,119,   1,           7.40,         213.00
 120,120,   1,           6.20,          48.60
 121,121,   1,           6.90,         149.00
 122,122,   1,           8.30,         211.00
 123,123,   1,           6.70,         190.00
 124,124,   1,           6.50,          67.10
 125,125,   1,           6.00,          98.40
 126,126,   1,           4.70,         126.00
 127,127,   1,           5.20,         183.00
 128,128,   1,           7.60,         238.00
 129,129,   1,          13.30,         215.00
 130,130,   1,          14.90,         174.00
 131,131,   1,          11.50,          99.50
 132,132,   1,          10.40,          52.10
 133,133,   1,          11.20,         133.00
 134,134,   1,          11.20,         108.00
 135,135,   1,           8.40,          88.00
 136,136,   1,           9.50,          77.50
 137,137,   1,           9.80,         130.00
 138,138,   1,           9.80,         186.00
 139,139,   1,           8.70,         141.00
 140,140,   1,           8.80,         231.00
 141,141,   1,           9.80,         176.00
 142,142,   1,           9.90,         125.00
 143,143,   1,           8.60,          99.50
 144,144,   1,          10.10,          98.40
 145,145,   1,          10.30,          83.30
 146,146,   1,           8.70,          69.40
 147,147,   1,          10.20,         177.00
 148,148,   1,           9.90,         277.00
 149,149,   1,          13.30,         322.00
 150,150,   1,          14.50,         333.00
 151,151,   1,          12.60,         334.00
 152,152,   1,          13.10,         240.00
 153,153,   1,          13.70,         245.00
 154,154,   1,          15.70,         159.00
 155,155,   1,          16.90,         288.00
 156,156,   1,          17.70,         317.00
 157,157,   1,          16.90,         231.00
 158,158,   1,          15.20,         242.00
 159,159,   1,          15.10,         328.00
 160,160,   1,          16.20,         329.00
 161,161,   1,          17.30,         295.00
 162,162,   1,          17.00,         167.00
 163,163,   1,          13.40,         260.00
 164,164,   1,          14.30,         336.00
 165,165,   1,          15.20,         174.00
 166,166,   1,          12.90,         302.00
 167,167,   1,          15.00,         345.00
 168,168,   1,          20.80,         286.00
 169,169,   1,          18.00,         168.00
 170,170,   1,          18.50,         237.00
 171,171,   1,          15.00,         139.00
 172,172,   1,          12.90,         126.00
 173,173,   1,          15.10,         213.00
 174,174,   1,          15.30,         207.00
 175,175,   1,          14.30,         330.00
 176,176,   1,          14.90,         168.00
 177,177,   1,          14.90,          96.10
 178,178,   1,          15.00,         251.00
 179,179,   1,          15.10,         350.00
 180,180,   1,          14.30,         243.00
 181,181,   1,          16.40,         209.00
 182,182,   1,          17.30,         287.00
 183,183,   1,          17.10,         108.00
 184,184,   1,          16.30,          69.40
 185,185,   1,          18.60,         221.00
 186,186,   1,          17.80,         191.00
 187,187,   1,          16.50,         146.00
 188,188,   1,          17.50,         292.00
 189,189,   1,          17.70,         241.00
 190,190,   1,          17.30,         204.00
 191,191,   1,          16.50,         181.00
 192,192,   1,          17.30,         234.00
 193,193,   1,          19.40,         284.00
 194,194,   1,          21.10,         266.00
 195,195,   1,          23.10,         294.00
 196,196,   1,          20.40,         300.00
 197,197,   1,          20.60,         321.00
 198,198,   1,          18.70,         321.00
 199,199,   1,          15.80,         207.00
 200,200,   1,          16.10,         300.00
 201,201,   1,          15.80,         181.00
 202,202,   1,          16.00,         132.00
 203,203,   1,          16.50,         220.00
 204,204,   1,          17.40,         249.00
 205,205,   1,          18.80,         297.00
 206,206,   1,          19.40,         119.00
 207,207,   1,          20.60,         191.00
 208,208,   1,          19.10,         209.00
 209,209,   1,          17.10,         178.00
 210,210,   1,          14.70,         163.00
 211,211,   1,          16.80,         191.00
 212,212,   1,          16.00,         172.00
 213,213,   1,          14.50,         188.00
 214,214,   1,          15.10,         247.00
 215,215,   1,          14.30,         251.00
 216,216,   1,          14.00,         166.00
 217,217,   1,          14.90,         171.00
 218,218,   1,          17.70,         237.00
 219,219,   1,          15.00,          86.80
 220,220,   1,          15.10,         135.00
 221,221,   1,          15.80,         171.00
 222,222,   1,          14.80,         131.00
 223,223,   1,          15.80,         209.00
 224,224,   1,          17.70,         152.00
 225,225,   1,          17.10,         150.00
 226,226,   1,          15.40,         181.00
 227,227,   1,          15.10,         153.00
 228,228,   1,          12.70,          78.70
 229,229,   1,          15.80,         225.00
 230,230,   1,          14.30,          82.20
 231,231,   1,          14.40,         197.00
 232,232,   1,          13.80,         166.00
 233,233,   1,          13.40,         171.00
 234,234,   1,          14.20,         212.00
 235,235,   1,          15.00,         244.00
 236,236,   1,          14.90,         229.00
 237,237,   1,          16.40,         138.00
 238,238,   1,          14.00,          76.40
 239,239,   1,          14.90,          49.80
 240,240,   1,          15.00,         101.00
 241,241,   1,          16.30,         145.00
 242,242,   1,          15.70,         228.00
 243,243,   1,          15.40,         220.00
 244,244,   1,          15.50,         207.00
 245,245,   1,          15.40,         168.00
 246,246,   1,          14.70,         215.00
 247,247,   1,          13.90,         218.00
 248,248,   1,          12.90,         219.00
 249,249,   1,          12.40,         115.00
 250,250,   1,          15.20,         113.00
 251,251,   1,          18.30,         182.00
 252,252,   1,          18.10,         190.00
 253,253,   1,          17.30,          84.50
 254,254,   1,          17.80,          79.90
 255,255,   1,          15.80,          90.30
 256,256,   1,          15.00,          71.80
 257,257,   1,          14.90,         139.00
 258,258,   1,          13.70,          37.00
 259,259,   1,          13.60,          46.30
 260,260,   1,          11.50,          45.10
 261,261,   1,          13.00,          52.10
 262,262,   1,          10.80,          56.70
 263,263,   1,          10.60,          90.30
 264,264,   1,          11.50,          86.80
 265,265,   1,          14.40,         157.00
 266,266,   1,          13.20,          66.00
 267,267,   1,          13.20,          50.90
 268,268,   1,          13.00,         144.00
 269,269,   1,          13.30,         117.00
 270,270,   1,          15.20,          25.50
 271,271,   1,          13.40,         138.00
 272,272,   1,          12.20,          79.90
 273,273,   1,          10.80,          75.20
 274,274,   1,          12.10,          31.20
 275,275,   1,          13.50,          56.70
 276,276,   1,          14.20,          34.70
 277,277,   1,          14.60,          33.60
 278,278,   1,          13.40,          53.20
 279,279,   1,          12.00,          99.50
 280,280,   1,          11.10,          53.20
 281,281,   1,          11.10,          54.40
 282,282,   1,          10.00,          35.90
 283,283,   1,           9.10,          60.20
 284,284,   1,           8.10,          97.20
 285,285,   1,           7.60,          92.60
 286,286,   1,           7.80,          59.00
 287,287,   1,           8.60,          72.90
 288,288,   1,           7.20,          81.00
 289,289,   1,           6.70,          83.30
 290,290,   1,           6.00,          93.80
 291,291,   1,           7.70,          82.20
 292,292,   1,           6.70,          91.40
 293,293,   1,           7.10,          85.60
 294,294,   1,           8.40,          25.50
 295,295,   1,          12.30,          22.00
 296,296,   1,          12.40,          42.80
 297,297,   1,          10.30,          52.10
 298,298,   1,          10.40,          56.70
 299,299,   1,          11.60,          19.70
 300,300,   1,           9.30,          26.60
 301,301,   1,           8.40,          60.20
 302,302,   1,           9.00,          63.70
 303,303,   1,           8.20,          62.50
 304,304,   1,           9.60,          20.80
 305,305,   1,           9.70,          45.10
 306,306,   1,          11.10,          32.40
 307,307,   1,          13.70,          17.40
 308,308,   1,           8.70,          52.10
 309,309,   1,           7.80,          56.70
 310,310,   1,          10.10,          15.00
 311,311,   1,          10.90,          49.80
 312,312,   1,           8.60,          20.80
 313,313,   1,           6.40,          53.20
 314,314,   1,           7.70,          16.20
 315,315,   1,           7.50,          12.70
 316,316,   1,           5.80,           5.79
 317,317,   1,           7.20,           9.26
 318,318,   1,           7.70,          38.20
 319,319,   1,           7.20,          27.80
 320,320,   1,          11.30,          31.20
 321,321,   1,           9.10,          31.20
 322,322,   1,          10.40,           9.26
 323,323,   1,          11.40,          15.00
 324,324,   1,           6.30,          35.90
 325,325,   1,           3.80,          35.90
 326,326,   1,           8.10,           9.26
 327,327,   1,           7.10,          28.90
 328,328,   1,           6.40,          26.60
 329,329,   1,           9.00,           4.63
 330,330,   1,           7.50,          10.40
 331,331,   1,           7.40,          26.60
 332,332,   1,           2.40,          32.40
 333,333,   1,           0.10,          19.70
 334,334,   1,           1.20,           4.63
 335,335,   1,           1.00,           8.10
 336,336,   1,           3.50,           5.79
 337,337,   1,           3.50,           4.63
 338,338,   1,           1.80,           6.94
 339,339,   1,           2.70,           9.26
 340,340,   1,           4.20,           4.63
 341,341,   1,           3.90,           5.79
 342,342,   1,           6.60,           4.63
 343,343,   1,           4.70,          10.40
 344,344,   1,           4.20,           6.94
 345,345,   1,           3.00,           2.31
 346,346,   1,           2.20,           2.31
 347,347,   1,           3.50,           2.31
 348,348,   1,           3.70,           6.94
 349,349,   1,           5.50,           3.47
 350,350,   1,           7.60,           4.63
 351,351,   1,           6.40,           9.26
 352,352,   1,           6.70,           5.79
 353,353,   1,           7.20,           9.26
 354,354,   1,           5.60,          23.10
 355,355,   1,           8.00,           8.10
 356,356,   1,           6.00,          17.40
 357,357,   1,           6.20,          10.40
 358,358,   1,           3.90,          12.70
 359,359,   1,           0.80,          18.50
 360,360,   1,          -0.60,          25.50
 361,361,   1,           3.00,           8.10
 362,362,   1,           3.70,           5.79
 363,363,   1,           2.50,           4.63
 364,364,   1,           2.60,           2.31
 365,365,   1,           2.60,           6.94
 366,  1,   2,           0.10,          12.70
 367,  2,   2,           0.40,          12.70
 368,  3,   2,           1.20,          10.40
 369,  4,   2,          -0.10,           5.79
 370,  5,   2,           0.90,           8.10
 371,  6,   2,          -0.10,           4.63
 372,  7,   2,           0.00,           4.63
 373,  8,   2,          -0.20,           9.26
 374,  9,   2,           0.20,           9.26
 375, 10,   2,           0.80,          18.50
 376, 11,   2,           4.10,          12.70
 377, 12,   2,           0.70,          24.30
 378, 13,   2,           0.20,          11.60
 379, 14,   2,          -1.80,           6.94
 380, 15,   2,          -3.40,          13.90
 381, 16,   2,          -5.70,          48.60
 382, 17,   2,          -1.20,          30.10
 383, 18,   2,           0.00,          12.70
 384, 19,   2,           1.60,          10.40
 385, 20,   2,           5.30,           6.94
 386, 21,   2,           5.20,          23.10
 387, 22,   2,           4.20,          24.30
 388, 23,   2,           1.90,          19.70
 389, 24,   2,           1.20,          17.40
 390, 25,   2,           0.30,          19.70
 391, 26,   2,          -1.10,          26.60
 392, 27,   2,           0.30,          15.00
 393, 28,   2,          -2.60,          62.50
 394, 29,   2,          -3.60,          27.80
 395, 30,   2,          -2.10,          39.40
 396, 31,   2,          -0.80,          66.00
 397, 32,   2,          -2.50,          62.50
 398, 33,   2,          -4.80,          41.70
 399, 34,   2,          -2.20,          19.70
 400, 35,   2,          -4.20,          26.60
 401, 36,   2,          -5.00,          39.40
 402, 37,   2,          -4.90,          70.60
 403, 38,   2,          -4.40,          33.60
 404, 39,   2,          -3.30,          37.00
 405, 40,   2,          -4.40,          28.90
 406, 41,   2,          -5.30,          79.90
 407, 42,   2,          -7.40,          59.00
 408, 43,   2,          -7.60,         102.00
 409, 44,   2,          -6.00,          98.40
 410, 45,   2,          -5.20,          90.30
 411, 46,   2,          -1.30,          23.10
 412, 47,   2,          -1.20,          33.60
 413, 48,   2,           0.60,          26.60
 414, 49,   2,           2.80,          25.50
 415, 50,   2,           4.20,          72.90
 416, 51,   2,           6.30,          50.90
 417, 52,   2,           7.40,          72.90
 418, 53,   2,           6.00,          79.90
 419, 54,   2,           6.40,          26.60
 420, 55,   2,           9.80,          30.10
 421, 56,   2,           8.40,          55.60
 422, 57,   2,           5.60,          52.10
 423, 58,   2,           5.10,         101.00
 424, 59,   2,           5.50,         103.00
 425, 60,   2,           4.30,          57.90
 426, 61,   2,           3.80,         130.00
 427, 62,   2,           1.40,          78.70
 428, 63,   2,           0.90,         138.00
 429, 64,   2,           0.10,         141.00
 430, 65,   2,           2.70,          68.30
 431, 66,   2,           3.00,         132.00
 432, 67,   2,          -0.50,         150.00
 433, 68,   2,          -0.10,         157.00
 434, 69,   2,           0.50,          71.80
 435, 70,   2,           4.50,          27.80
 436, 71,   2,           4.30,          67.10
 437, 72,   2,           2.90,          35.90
 438, 73,   2,           4.00,          99.50
 439, 74,   2,           3.70,          72.90
 440, 75,   2,           2.70,         153.00
 441, 76,   2,           2.70,          92.60
 442, 77,   2,           1.50,         138.00
 443, 78,   2,           0.60,         147.00
 444, 79,   2,           3.50,          54.40
 445, 80,   2,           4.60,         155.00
 446, 81,   2,           4.10,          71.80
 447, 82,   2,           5.60,          94.90
 448, 83,   2,           6.90,         104.00
 449, 84,   2,           6.30,         149.00
 450, 85,   2,           6.90,          79.90
 451, 86,   2,           5.40,          93.80
 452, 87,   2,           6.00,          40.50
 453, 88,   2,           8.90,          32.40
 454, 89,   2,          10.60,         189.00
 455, 90,   2,           9.90,         118.00
 456, 91,   2,           6.50,         203.00
 457, 92,   2,           5.60,         182.00
 458, 93,   2,           4.60,         205.00
 459, 94,   2,           5.30,          74.10
 460, 95,   2,           2.40,         133.00
 461, 96,   2,           3.10,         188.00
 462, 97,   2,           3.70,         142.00
 463, 98,   2,           3.30,         103.00
 464, 99,   2,           4.70,         171.00
 465,100,   2,           2.80,         189.00
 466,101,   2,           1.10,          42.80
 467,102,   2,           2.90,         183.00
 468,103,   2,           4.20,         194.00
 469,104,   2,           4.10,         207.00
 470,105,   2,           4.40,         183.00
 471,106,   2,           5.40,         215.00
 472,107,   2,           8.30,         193.00
 473,108,   2,           9.90,         242.00
 474,109,   2,          10.30,         251.00
 475,110,   2,          10.30,         263.00
 476,111,   2,           6.60,         226.00
 477,112,   2,           6.50,         277.00
 478,113,   2,           6.00,         189.00
 479,114,   2,           5.10,         266.00
 480,115,   2,           4.20,         273.00
 481,116,   2,           4.20,         205.00
 482,117,   2,           5.20,         267.00
 483,118,   2,           6.60,         182.00
 484,119,   2,           7.40,         213.00
 485,120,   2,           6.20,          48.60
 486,121,   2,           6.90,         149.00
 487,122,   2,           8.30,         211.00
 488,123,   2,           6.70,         190.00
 489,124,   2,           6.50,          67.10
 490,125,   2,           6.00,          98.40
 491,126,   2,           4.70,         126.00
 492,127,   2,           5.20,         183.00
 493,128,   2,           7.60,         238.00
 494,129,   2,          13.30,         215.00
 495,130,   2,          14.90,         174.00
 496,131,   2,          11.50,          99.50
 497,132,   2,          10.40,          52.10
 498,133,   2,          11.20,         133.00
 499,134,   2,          11.20,         108.00
 500,135,   2,           8.40,          88.00
 501,136,   2,           9.50,          77.50
 502,137,   2,           9.80,         130.00
 503,138,   2,           9.80,         186.00
 504,139,   2,           8.70,         141.00
 505,140,   2,           8.80,         231.00
 506,141,   2,           9.80,         176.00
 507,142,   2,           9.90,         125.00
 508,143,   2,           8.60,          99.50
 509,144,   2,          10.10,          98.40
 510,145,   2,          10.30,          83.30
 511,146,   2,           8.70,          69.40
 512,147,   2,          10.20,         177.00
 513,148,   2,           9.90,         277.00
 514,149,   2,          13.30,         322.00
 515,150,   2,          14.50,         333.00
 516,151,   2,          12.60,         334.00
 517,152,   2,          13.10,         240.00
 518,153,   2,          13.70,         245.00
 519,154,   2,          15.70,         159.00
 520,155,   2,          16.90,         288.00
 521,156,   2,          17.70,         317.00
 522,157,   2,          16.90,         231.00
 523,158,   2,          15.20,         242.00
 524,159,   2,          15.10,         328.00
 525,160,   2,          16.20,         329.00
 526,161,   2,          17.30,         295.00
 527,162,   2,          17.00,         167.00
 528,163,   2,          13.40,         260.00
 529,164,   2,          14.30,         336.00
 530,165,   2,          15.20,         174.00
 531,166,   2,          12.90,         302.00
 532,167,   2,          15.00,         345.00
 533,168,   2,          20.80,         286.00
 534,169,   2,          18.00,         168.00
 535,170,   2,          18.50,         237.00
 536,171,   2,          15.00,         139.00
 537,172,   2,          12.90,         126.00
 538,173,   2,          15.10,         213.00
 539,174,   2,          15.30,         207.00
 540,175,   2,          14.30,         330.00
 541,176,   2,          14.90,         168.00
 542,177,   2,          14.90,          96.10
 543,178,   2,          15.00,         251.00
 544,179,   2,          15.10,         350.00
 545,180,   2,          14.30,         243.00
 546,181,   2,          16.40,         209.00
 547,182,   2,          17.30,         287.00
 548,183,   2,          17.10,         108.00
 549,184,   2,          16.30,          69.40
 550,185,   2,          18.60,         221.00
 551,186,   2,          17.80,         191.00
 552,187,   2,          16.50,         146.00
 553,188,   2,          17.50,         292.00
 554,189,   2,          17.70,         241.00
 555,190,   2,          17.30,         204.00
 556,191,   2,          16.50,         181.00
 557,192,   2,          17.30,         234.00
 558,193,   2,          19.40,         284.00
 559,194,   2,          21.10,         266.00
 560,195,   2,          23.10,         294.00
 561,196,   2,          20.40,         300.00
 562,197,   2,          20.60,         321.00
 563,198,   2,          18.70,         321.00
 564,199,   2,          15.80,         207.00
 565,200,   2,          16.10,         300.00
 566,201,   2,          15.80,         181.00
 567,202,   2,          16.00,         132.00
 568,203,   2,          16.50,         220.00
 569,204,   2,          17.40,         249.00
 570,205,   2,          18.80,         297.00
 571,206,   2,          19.40,         119.00
 572,207,   2,          20.60,         191.00
 573,208,   2,          19.10,         209.00
 574,209,   2,          17.10,         178.00
 575,210,   2,          14.70,         163.00
 576,211,   2,          16.80,         191.00
 577,212,   2,          16.00,         172.00
 578,213,   2,          14.50,         188.00
 579,214,   2,          15.10,         247.00
 580,215,   2,          14.30,         251.00
 581,216,   2,          14.00,         166.00
 582,217,   2,          14.90,         171.00
 583,218,   2,          17.70,         237.00
 584,219,   2,          15.00,          86.80
 585,220,   2,          15.10,         135.00
 586,221,   2,          15.80,         171.00
 587,222,   2,          14.80,         131.00
 588,223,   2,          15.80,         209.00
 589,224,   2,          17.70,         152.00
 590,225,   2,          17.10,         150.00
 591,226,   2,          15.40,         181.00
 592,227,   2,          15.10,         153.00
 593,228,   2,          12.70,          78.70
 594,229,   2,          15.80,         225.00
 595,230,   2,          14.30,          82.20
 596,231,   2,          14.40,         197.00
 597,232,   2,          13.80,         166.00
 598,233,   2,          13.40,         171.00
 599,234,   2,          14.20,         212.00
 600,235,   2,          15.00,         244.00
 601,236,   2,          14.90,         229.00
 602,237,   2,          16.40,         138.00
 603,238,   2,          14.00,          76.40
 604,239,   2,          14.90,          49.80
 605,240,   2,          15.00,         101.00
 606,241,   2,          16.30,         145.00
 607,242,   2,          15.70,         228.00
 608,243,   2,          15.40,         220.00
 609,244,   2,          15.50,         207.00
 610,245,   2,          15.40,         168.00
 611,246,   2,          14.70,         215.00
 612,247,   2,          13.90,         218.00
 613,248,   2,          12.90,         219.00
 614,249,   2,          12.40,         115.00
 615,250,   2,          15.20,         113.00
 616,251,   2,          18.30,         182.00
 617,252,   2,          18.10,         190.00
 618,253,   2,          17.30,          84.50
 619,254,   2,          17.80,          79.90
 620,255,   2,          15.80,          90.30
 621,256,   2,          15.00,          71.80
 622,257,   2,          14.90,         139.00
 623,258,   2,          13.70,          37.00
 624,259,   2,          13.60,          46.30
 625,260,   2,          11.50,          45.10
 626,261,   2,          13.00,          52.10
 627,262,   2,          10.80,          56.70
 628,263,   2,          10.60,          90.30
 629,264,   2,          11.50,          86.80
 630,265,   2,          14.40,         157.00
 631,266,   2,          13.20,          66.00
 632,267,   2,          13.20,          50.90
 633,268,   2,          13.00,         144.00
 634,269,   2,          13.30,         117.00
 635,270,   2,          15.20,          25.50
 636,271,   2,          13.40,         138.00
 637,272,   2,          12.20,          79.90
 638,273,   2,          10.80,          75.20
 639,274,   2,          12.10,          31.20
 640,275,   2,          13.50,          56.70
 641,276,   2,          14.20,          34.70
 642,277,   2,          14.60,          33.60
 643,278,   2,          13.40,          53.20
 644,279,   2,          12.00,          99.50
 645,280,   2,          11.10,          53.20
 646,281,   2,          11.10,          54.40
 647,282,   2,          10.00,          35.90
 648,283,   2,           9.10,          60.20
 649,284,   2,           8.10,          97.20
 650,285,   2,           7.60,          92.60
 651,286,   2,           7.80,          59.00
 652,287,   2,           8.60,          72.90
 653,288,   2,           7.20,          81.00
 654,289,   2,           6.70,          83.30
 655,290,   2,           6.00,          93.80
 656,291,   2,           7.70,          82.20
 657,292,   2,           6.70,          91.40
 658,293,   2,           7.10,          85.60
 659,294,   2,           8.40,          25.50
 660,295,   2,          12.30,          22.00
 661,296,   2,          12.40,          42.80
 662,297,   2,          10.30,          52.10
 663,298,   2,          10.40,          56.70
 664,299,   2,          11.60,          19.70
 665,300,   2,           9.30,          26.60
 666,301,   2,           8.40,          60.20
 667,302,   2,           9.00,          63.70
 668,303,   2,           8.20,          62.50
 669,304,   2,           9.60,          20.80
 670,305,   2,           9.70,          45.10
 671,306,   2,          11.10,          32.40
 672,307,   2,          13.70,          17.40
 673,308,   2,           8.70,          52.10
 674,309,   2,           7.80,          56.70
 675,310,   2,          10.10,          15.00
 676,311,   2,          10.90,          49.80
 677,312,   2,           8.60,          20.80
 678,313,   2,           6.40,          53.20
 679,314,   2,           7.70,          16.20
 680,315,   2,           7.50,          12.70
 681,316,   2,           5.80,           5.79
 682,317,   2,           7.20,           9.26
 683,318,   2,           7.70,          38.20
 684,319,   2,           7.20,          27.80
 685,320,   2,          11.30,          31.20
 686,321,   2,           9.10,          31.20
 687,322,   2,          10.40,           9.26
 688,323,   2,          11.40,          15.00
 689,324,   2,           6.30,          35.90
 690,325,   2,           3.80,          35.90
 691,326,   2,           8.10,           9.26
 692,327,   2,           7.10,          28.90
 693,328,   2,           6.40,          26.60
 694,329,   2,           9.00,           4.63
 695,330,   2,           7.50,          10.40
 696,331,   2,           7.40,          26.60
 697,332,   2,           2.40,          32.40
 698,333,   2,           0.10,          19.70
 699,334,   2,           1.20,           4.63
 700,335,   2,           1.00,           8.10
 701,336,   2,           3.50,           5.79
 702,337,   2,           3.50,           4.63
 703,338,   2,           1.80,           6.94
 704,339,   2,           2.70,           9.26
 705,340,   2,           4.20,           4.63
 706,341,   2,           3.90,           5.79
 707,342,   2,           6.60,           4.63
 708,343,   2,           4.70,          10.40
 709,344,   2,           4.20,           6.94
 710,345,   2,           3.00,           2.31
 711,346,   2,           2.20,           2.31
 712,347,   2,           3.50,           2.31
 713,348,   2,           3.70,           6.94
 714,349,   2,           5.50,           3.47
 715,350,   2,           7.60,           4.63
 716,351,   2,           6.40,           9.26
 717,352,   2,           6.70,           5.79
 718,353,   2,           7.20,           9.26
 719,354,   2,           5.60,          23.10
 720,355,   2,           8.00,           8.10
 721,356,   2,           6.00,          17.40
 722,357,   2,           6.20,          10.40
 723,358,   2,           3.90,          12.70
 724,359,   2,           0.80,          18.50
 725,360,   2,          -0.60,          25.50
 726,361,   2,           3.00,           8.10
 727,362,   2,           3.70,           5.79
 728,363,   2,           2.50,           4.63
 729,364,   2,           2.60,           2.31
 730,365,   2,           2.60,           6.94
 731,  1,   3,           0.10,          12.70
 732,  2,   3,           0.40,          12.70
 733,  3,   3,           1.20,          10.40
 734,  4,   3,          -0.10,           5.79
 735,  5,   3,           0.90,           8.10
 736,  6,   3,          -0.10,           4.63
 737,  7,   3,           0.00,           4.63
 738,  8,   3,          -0.20,           9.26
 739,  9,   3,           0.20,           9.26
 740, 10,   3,           0.80,          18.50
 741, 11,   3,           4.10,          12.70
 742, 12,   3,           0.70,          24.30
 743, 13,   3,           0.20,          11.60
 744, 14,   3,          -1.80,           6.94
 745, 15,   3,          -3.40,          13.90
 746, 16,   3,          -5.70,          48.60
 747, 17,   3,          -1.20,          30.10
 748, 18,   3,           0.00,          12.70
 749, 19,   3,           1.60,          10.40
 750, 20,   3,           5.30,           6.94
 751, 21,   3,           5.20,          23.10
 752, 22,   3,           4.20,          24.30
 753, 23,   3,           1.90,          19.70
 754, 24,   3,           1.20,          17.40
 755, 25,   3,           0.30,          19.70
 756, 26,   3,          -1.10,          26.60
 757, 27,   3,           0.30,          15.00
 758, 28,   3,          -2.60,          62.50
 759, 29,   3,          -3.60,          27.80
 760, 30,   3,          -2.10,          39.40
 761, 31,   3,          -0.80,          66.00
 762, 32,   3,          -2.50,          62.50
 763, 33,   3,          -4.80,          41.70
 764, 34,   3,          -2.20,          19.70
 765, 35,   3,          -4.20,          26.60
 766, 36,   3,          -5.00,          39.40
 767, 37,   3,          -4.90,          70.60
 768, 38,   3,          -4.40,          33.60
 769, 39,   3,          -3.30,          37.00
 770, 40,   3,          -4.40,          28.90
 771, 41,   3,          -5.30,          79.90
 772, 42,   3,          -7.40,          59.00
 773, 43,   3,          -7.60,         102.00
 774, 44,   3,          -6.00,          98.40
 775, 45,   3,          -5.20,          90.30
 776, 46,   3,          -1.30,          23.10
 777, 47,   3,          -1.20,          33.60
 778, 48,   3,           0.60,          26.60
 779, 49,   3,           2.80,          25.50
 780, 50,   3,           4.20,          72.90
 781, 51,   3,           6.30,          50.90
 782, 52,   3,           7.40,          72.90
 783, 53,   3,           6.00,          79.90
 784, 54,   3,           6.40,          26.60
 785, 55,   3,           9.80,          30.10
 786, 56,   3,           8.40,          55.60
 787, 57,   3,           5.60,          52.10
 788, 58,   3,           5.10,         101.00
 789, 59,   3,           5.50,         103.00
 790, 60,   3,           4.30,          57.90
 791, 61,   3,           3.80,         130.00
 792, 62,   3,           1.40,          78.70
 793, 63,   3,           0.90,         138.00
 794, 64,   3,           0.10,         141.00
 795, 65,   3,           2.70,          68.30
 796, 66,   3,           3.00,         132.00
 797, 67,   3,          -0.50,         150.00
 798, 68,   3,          -0.10,         157.00
 799, 69,   3,           0.50,          71.80
 800, 70,   3,           4.50,          27.80
 801, 71,   3,           4.30,          67.10
 802, 72,   3,           2.90,          35.90
 803, 73,   3,           4.00,          99.50
 804, 74,   3,           3.70,          72.90
 805, 75,   3,           2.70,         153.00
 806, 76,   3,           2.70,          92.60
 807, 77,   3,           1.50,         138.00
 808, 78,   3,           0.60,         147.00
 809, 79,   3,           3.50,          54.40
 810, 80,   3,           4.60,         155.00
 811, 81,   3,           4.10,          71.80
 812, 82,   3,           5.60,          94.90
 813, 83,   3,           6.90,         104.00
 814, 84,   3,           6.30,         149.00
 815, 85,   3,           6.90,          79.90
 816, 86,   3,           5.40,          93.80
 817, 87,   3,           6.00,          40.50
 818, 88,   3,           8.90,          32.40
 819, 89,   3,          10.60,         189.00
 820, 90,   3,           9.90,         118.00
 821, 91,   3,           6.50,         203.00
 822, 92,   3,           5.60,         182.00
 823, 93,   3,           4.60,         205.00
 824, 94,   3,           5.30,          74.10
 825, 95,   3,           2.40,         133.00
 826, 96,   3,           3.10,         188.00
 827, 97,   3,           3.70,         142.00
 828, 98,   3,           3.30,         103.00
 829, 99,   3,           4.70,         171.00
 830,100,   3,           2.80,         189.00
 831,101,   3,           1.10,          42.80
 832,102,   3,           2.90,         183.00
 833,103,   3,           4.20,         194.00
 834,104,   3,           4.10,         207.00
 835,105,   3,           4.40,         183.00
 836,106,   3,           5.40,         215.00
 837,107,   3,           8.30,         193.00
 838,108,   3,           9.90,         242.00
 839,109,   3,          10.30,         251.00
 840,110,   3,          10.30,         263.00
 841,111,   3,           6.60,         226.00
 842,112,   3,           6.50,         277.00
 843,113,   3,           6.00,         189.00
 844,114,   3,           5.10,         266.00
 845,115,   3,           4.20,         273.00
 846,116,   3,           4.20,         205.00
 847,117,   3,           5.20,         267.00
 848,118,   3,           6.60,         182.00
 849,119,   3,           7.40,         213.00
 850,120,   3,           6.20,          48.60
 851,121,   3,           6.90,         149.00
 852,122,   3,           8.30,         211.00
 853,123,   3,           6.70,         190.00
 854,124,   3,           6.50,          67.10
 855,125,   3,           6.00,          98.40
 856,126,   3,           4.70,         126.00
 857,127,   3,           5.20,         183.00
 858,128,   3,           7.60,         238.00
 859,129,   3,          13.30,         215.00
 860,130,   3,          14.90,         174.00
 861,131,   3,          11.50,          99.50
 862,132,   3,          10.40,          52.10
 863,133,   3,          11.20,         133.00
 864,134,   3,          11.20,         108.00
 865,135,   3,           8.40,          88.00
 866,136,   3,           9.50,          77.50
 867,137,   3,           9.80,         130.00
 868,138,   3,           9.80,         186.00
 869,139,   3,           8.70,         141.00
 870,140,   3,           8.80,         231.00
 871,141,   3,           9.80,         176.00
 872,142,   3,           9.90,         125.00
 873,143,   3,           8.60,          99.50
 874,144,   3,          10.10,          98.40
 875,145,   3,          10.30,          83.30
 876,146,   3,           8.70,          69.40
 877,147,   3,          10.20,         177.00
 878,148,   3,           9.90,         277.00
 879,149,   3,          13.30,         322.00
 880,150,   3,          14.50,         333.00
 881,151,   3,          12.60,         334.00
 882,152,   3,          13.10,         240.00
 883,153,   3,          13.70,         245.00
 884,154,   3,          15.70,         159.00
 885,155,   3,          16.90,         288.00
 886,156,   3,          17.70,         317.00
 887,157,   3,          16.90,         231.00
 888,158,   3,          15.20,         242.00
 889,159,   3,          15.10,         328.00
 890,160,   3,          16.20,         329.00
 891,161,   3,          17.30,         295.00
 892,162,   3,          17.00,         167.00
 893,163,   3,          13.40,         260.00
 894,164,   3,          14.30,         336.00
 895,165,   3,          15.20,         174.00
 896,166,   3,          12.90,         302.00
 897,167,   3,          15.00,         345.00
 898,168,   3,          20.80,         286.00
 899,169,   3,          18.00,         168.00
 900,170,   3,          18.50,         237.00
 901,171,   3,          15.00,         139.00
 902,172,   3,          12.90,         126.00
 903,173,   3,          15.10,         213.00
 904,174,   3,          15.30,         207.00
 905,175,   3,          14.30,         330.00
 906,176,   3,          14.90,         168.00
 907,177,   3,          14.90,          96.10
 908,178,   3,          15.00,         251.00
 909,179,   3,          15.10,         350.00
 910,180,   3,          14.30,         243.00
 911,181,   3,          16.40,         209.00
 912,182,   3,          17.30,         287.00
 913,183,   3,          17.10,         108.00
 914,184,   3,          16.30,          69.40
 915,185,   3,          18.60,         221.00
 916,186,   3,          17.80,         191.00
 917,187,   3,          16.50,         146.00
 918,188,   3,          17.50,         292.00
 919,189,   3,          17.70,         241.00
 920,190,   3,          17.30,         204.00
 921,191,   3,          16.50,         181.00
 922,192,   3,          17.30,         234.00
 923,193,   3,          19.40,         284.00
 924,194,   3,          21.10,         266.00
 925,195,   3,          23.10,         294.00
 926,196,   3,          20.40,         300.00
 927,197,   3,          20.60,         321.00
 928,198,   3,          18.70,         321.00
 929,199,   3,          15.80,         207.00
 930,200,   3,          16.10,         300.00
 931,201,   3,          15.80,         181.00
 932,202,   3,          16.00,         132.00
 933,203,   3,          16.50,         220.00
 934,204,   3,          17.40,         249.00
 935,205,   3,          18.80,         297.00
 936,206,   3,          19.40,         119.00
 937,207,   3,          20.60,         191.00
 938,208,   3,          19.10,         209.00
 939,209,   3,          17.10,         178.00
 940,210,   3,          14.70,         163.00
 941,211,   3,          16.80,         191.00
 942,212,   3,          16.00,         172.00
 943,213,   3,          14.50,         188.00
 944,214,   3,          15.10,         247.00
 945,215,   3,          14.30,         251.00
 946,216,   3,          14.00,         166.00
 947,217,   3,          14.90,         171.00
 948,218,   3,          17.70,         237.00
 949,219,   3,          15.00,          86.80
 950,220,   3,          15.10,         135.00
 951,221,   3,          15.80,         171.00
 952,222,   3,          14.80,         131.00
 953,223,   3,          15.80,         209.00
 954,224,   3,          17.70,         152.00
 955,225,   3,          17.10,         150.00
 956,226,   3,          15.40,         181.00
 957,227,   3,          15.10,         153.00
 958,228,   3,          12.70,          78.70
 959,229,   3,          15.80,         225.00
 960,230,   3,          14.30,          82.20
 961,231,   3,          14.40,         197.00
 962,232,   3,          13.80,         166.00
 963,233,   3,          13.40,         171.00
 964,234,   3,          14.20,         212.00
 965,235,   3,          15.00,         244.00
 966,236,   3,          14.90,         229.00
 967,237,   3,          16.40,         138.00
 968,238,   3,          14.00,          76.40
 969,239,   3,          14.90,          49.80
 970,240,   3,          15.00,         101.00
 971,241,   3,          16.30,         145.00
 972,242,   3,          15.70,         228.00
 973,243,   3,          15.40,         220.00
 974,244,   3,          15.50,         207.00
 975,245,   3,          15.40,         168.00
 976,246,   3,          14.70,         215.00
 977,247,   3,          13.90,         218.00
 978,248,   3,          12.90,         219.00
 979,249,   3,          12.40,         115.00
 980,250,   3,          15.20,         113.00
 981,251,   3,          18.30,         182.00
 982,252,   3,          18.10,         190.00
 983,253,   3,          17.30,          84.50
 984,254,   3,          17.80,          79.90
 985,255,   3,          15.80,          90.30
 986,256,   3,          15.00,          71.80
 987,257,   3,          14.90,         139.00
 988,258,   3,          13.70,          37.00
 989,259,   3,          13.60,          46.30
 990,260,   3,          11.50,          45.10
 991,261,   3,          13.00,          52.10
 992,262,   3,          10.80,          56.70
 993,263,   3,          10.60,          90.30
 994,264,   3,          11.50,          86.80
 995,265,   3,          14.40,         157.00
 996,266,   3,          13.20,          66.00
 997,267,   3,          13.20,          50.90
 998,268,   3,          13.00,         144.00
 999,269,   3,          13.30,         117.00
1000,270,   3,          15.20,          25.50
1001,271,   3,          13.40,         138.00
1002,272,   3,          12.20,          79.90
1003,273,   3,          10.80,          75.20
1004,274,   3,          12.10,          31.20
1005,275,   3,          13.50,          56.70
1006,276,   3,          14.20,          34.70
1007,277,   3,          14.60,          33.60
1008,278,   3,          13.40,          53.20
1009,279,   3,          12.00,          99.50
1010,280,   3,          11.10,          53.20
1011,281,   3,          11.10,          54.40
1012,282,   3,          10.00,          35.90
1013,283,   3,           9.10,          60.20
1014,284,   3,           8.10,          97.20
1015,285,   3,           7.60,          92.60
1016,286,   3,           7.80,          59.00
1017,287,   3,           8.60,          72.90
1018,288,   3,           7.20,          81.00
1019,289,   3,           6.70,          83.30
1020,290,   3,           6.00,          93.80
1021,291,   3,           7.70,          82.20
1022,292,   3,           6.70,          91.40
1023,293,   3,           7.10,          85.60
1024,294,   3,           8.40,          25.50
1025,295,   3,          12.30,          22.00
1026,296,   3,          12.40,          42.80
1027,297,   3,          10.30,          52.10
1028,298,   3,          10.40,          56.70
1029,299,   3,          11.60,          19.70
1030,300,   3,           9.30,          26.60
1031,301,   3,           8.40,          60.20
1032,302,   3,           9.00,          63.70
1033,303,   3,           8.20,          62.50
1034,304,   3,           9.60,          20.80
1035,305,   3,           9.70,          45.10
1036,306,   3,          11.10,          32.40
1037,307,   3,          13.70,          17.40
1038,308,   3,           8.70,          52.10
1039,309,   3,           7.80,          56.70
1040,310,   3,          10.10,          15.00
1041,311,   3,          10.90,          49.80
1042,312,   3,           8.60,          20.80
1043,313,   3,           6.40,          53.20
1044,314,   3,           7.70,          16.20
1045,315,   3,           7.50,          12.70
1046,316,   3,           5.80,           5.79
1047,317,   3,           7.20,           9.26
1048,318,   3,           7.70,          38.20
1049,319,   3,           7.20,          27.80
1050,320,   3,          11.30,          31.20
1051,321,   3,           9.10,          31.20
1052,322,   3,          10.40,           9.26
1053,323,   3,          11.40,          15.00
1054,324,   3,           6.30,          35.90
1055,325,   3,           3.80,          35.90
1056,326,   3,           8.10,           9.26
1057,327,   3,           7.10,          28.90
1058,328,   3,           6.40,          26.60
1059,329,   3,           9.00,           4.63
1060,330,   3,           7.50,          10.40
1061,331,   3,           7.40,          26.60
1062,332,   3,           2.40,          32.40
1063,333,   3,           0.10,          19.70
1064,334,   3,           1.20,           4.63
1065,335,   3,           1.00,           8.10
1066,336,   3,           3.50,           5.79
1067,337,   3,           3.50,           4.63
1068,338,   3,           1.80,           6.94
1069,339,   3,           2.70,           9.26
1070,340,   3,           4.20,           4.63
1071,341,   3,           3.90,           5.79
1072,342,   3,           6.60,           4.63
1073,343,   3,           4.70,          10.40
1074,344,   3,           4.20,           6.94
1075,345,   3,           3.00,           2.31
1076,346,   3,           2.20,           2.31
1077,347,   3,           3.50,           2.31
1078,348,   3,           3.70,           6.94
1079,349,   3,           5.50,           3.47
1080,350,   3,           7.60,           4.63
1081,351,   3,           6.40,           9.26
1082,352,   3,           6.70,           5.79
1083,353,   3,           7.20,           9.26
1084,354,   3,           5.60,          23.10
1085,355,   3,           8.00,           8.10
1086,356,   3,           6.00,          17.40
1087,357,   3,           6.20,          10.40
1088,358,   3,           3.90,          12.70
1089,359,   3,           0.80,          18.50
1090,360,   3,          -0.60,          25.50
1091,361,   3,           3.00,           8.10
1092,362,   3,           3.70,           5.79
1093,363,   3,           2.50,           4.63
1094,364,   3,           2.60,           2.31
1095,365,   3,           2.60,           6.94
1096,  1,   4,           0.10,          12.70
1097,  2,   4,           0.40,          12.70
1098,  3,   4,           1.20,          10.40
1099,  4,   4,          -0.10,           5.79
1100,  5,   4,           0.90,           8.10
1101,  6,   4,          -0.10,           4.63
1102,  7,   4,           0.00,           4.63
1103,  8,   4,          -0.20,           9.26
1104,  9,   4,           0.20,           9.26
1105, 10,   4,           0.80,          18.50
1106, 11,   4,           4.10,          12.70
1107, 12,   4,           0.70,          24.30
1108, 13,   4,           0.20,          11.60
1109, 14,   4,          -1.80,           6.94
1110, 15,   4,          -3.40,          13.90
1111, 16,   4,          -5.70,          48.60
1112, 17,   4,          -1.20,          30.10
1113, 18,   4,           0.00,          12.70
1114, 19,   4,           1.60,          10.40
1115, 20,   4,           5.30,           6.94
1116, 21,   4,           5.20,          23.10
1117, 22,   4,           4.20,          24.30
1118, 23,   4,           1.90,          19.70
1119, 24,   4,           1.20,          17.40
1120, 25,   4,           0.30,          19.70
1121, 26,   4,          -1.10,          26.60
1122, 27,   4,           0.30,          15.00
1123, 28,   4,          -2.60,          62.50
1124, 29,   4,          -3.60,          27.80
1125, 30,   4,          -2.10,          39.40
1126, 31,   4,          -0.80,          66.00
1127, 32,   4,          -2.50,          62.50
1128, 33,   4,          -4.80,          41.70
1129, 34,   4,          -2.20,          19.70
1130, 35,   4,          -4.20,          26.60
1131, 36,   4,          -5.00,          39.40
1132, 37,   4,          -4.90,          70.60
1133, 38,   4,          -4.40,          33.60
1134, 39,   4,          -3.30,          37.00
1135, 40,   4,          -4.40,          28.90
1136, 41,   4,          -5.30,          79.90
1137, 42,   4,          -7.40,          59.00
1138, 43,   4,          -7.60,         102.00
1139, 44,   4,          -6.00,          98.40
1140, 45,   4,          -5.20,          90.30
1141, 46,   4,          -1.30,          23.10
1142, 47,   4,          -1.20,          33.60
1143, 48,   4,           0.60,          26.60
1144, 49,   4,           2.80,          25.50
1145, 50,   4,           4.20,          72.90
1146, 51,   4,           6.30,          50.90
1147, 52,   4,           7.40,          72.90
1148, 53,   4,           6.00,          79.90
1149, 54,   4,           6.40,          26.60
1150, 55,   4,           9.80,          30.10
1151, 56,   4,           8.40,          55.60
1152, 57,   4,           5.60,          52.10
1153, 58,   4,           5.10,         101.00
1154, 59,   4,           5.50,         103.00
1155, 60,   4,           4.30,          57.90
1156, 61,   4,           3.80,         130.00
1157, 62,   4,           1.40,          78.70
1158, 63,   4,           0.90,         138.00
1159, 64,   4,           0.10,         141.00
1160, 65,   4,           2.70,          68.30
1161, 66,   4,           3.00,         132.00
1162, 67,   4,          -0.50,         150.00
1163, 68,   4,          -0.10,         157.00
1164, 69,   4,           0.50,          71.80
1165, 70,   4,           4.50,          27.80
1166, 71,   4,           4.30,          67.10
1167, 72,   4,           2.90,          35.90
1168, 73,   4,           4.00,          99.50
1169, 74,   4,           3.70,          72.90
1170, 75,   4,           2.70,         153.00
1171, 76,   4,           2.70,          92.60
1172, 77,   4,           1.50,         138.00
1173, 78,   4,           0.60,         147.00
1174, 79,   4,           3.50,          54.40
1175, 80,   4,           4.60,         155.00
1176, 81,   4,           4.10,          71.80
1177, 82,   4,           5.60,          94.90
1178, 83,   4,           6.90,         104.00
1179, 84,   4,           6.30,         149.00
1180, 85,   4,           6.90,          79.90
1181, 86,   4,           5.40,          93.80
1182, 87,   4,           6.00,          40.50
1183, 88,   4,           8.90,          32.40
1184, 89,   4,          10.60,         189.00
1185, 90,   4,           9.90,         118.00
1186, 91,   4,           6.50,         203.00
1187, 92,   4,           5.60,         182.00
1188, 93,   4,           4.60,         205.00
1189, 94,   4,           5.30,          74.10
1190, 95,   4,           2.40,         133.00
1191, 96,   4,           3.10,         188.00
1192, 97,   4,           3.70,         142.00
1193, 98,   4,           3.30,         103.00
1194, 99,   4,           4.70,         171.00
1195,100,   4,           2.80,         189.00
1196,101,   4,           1.10,          42.80
1197,102,   4,           2.90,         183.00
1198,103,   4,           4.20,         194.00
1199,104,   4,           4.10,         207.00
1200,105,   4,           4.40,         183.00
1201,106,   4,           5.40,         215.00
1202,107,   4,           8.30,         193.00
1203,108,   4,           9.90,         242.00
1204,109,   4,          10.30,         251.00
1205,110,   4,          10.30,         263.00
1206,111,   4,           6.60,         226.00
1207,112,   4,           6.50,         277.00
1208,113,   4,           6.00,         189.00
1209,114,   4,           5.10,         266.00
1210,115,   4,           4.20,         273.00
1211,116,   4,           4.20,         205.00
1212,117,   4,           5.20,         267.00
1213,118,   4,           6.60,         182.00
1214,119,   4,           7.40,         213.00
1215,120,   4,           6.20,          48.60
1216,121,   4,           6.90,         149.00
1217,122,   4,           8.30,         211.00
1218,123,   4,           6.70,         190.00
1219,124,   4,           6.50,          67.10
1220,125,   4,           6.00,          98.40
1221,126,   4,           4.70,         126.00
1222,127,   4,           5.20,         183.00
1223,128,   4,           7.60,         238.00
1224,129,   4,          13.30,         215.00
1225,130,   4,          14.90,         174.00
1226,131,   4,          11.50,          99.50
1227,132,   4,          10.40,          52.10
1228,133,   4,          11.20,         133.00
1229,134,   4,          11.20,         108.00
1230,135,   4,           8.40,          88.00
1231,136,   4,           9.50,          77.50
1232,137,   4,           9.80,         130.00
1233,138,   4,           9.80,         186.00
1234,139,   4,           8.70,         141.00
1235,140,   4,           8.80,         231.00
1236,141,   4,           9.80,         176.00
1237,142,   4,           9.90,         125.00
1238,143,   4,           8.60,          99.50
1239,144,   4,          10.10,          98.40
1240,145,   4,          10.30,          83.30
1241,146,   4,           8.70,          69.40
1242,147,   4,          10.20,         177.00
1243,148,   4,           9.90,         277.00
1244,149,   4,          13.30,         322.00
1245,150,   4,          14.50,         333.00
1246,151,   4,          12.60,         334.00
1247,152,   4,          13.10,         240.00
1248,153,   4,          13.70,         245.00
1249,154,   4,          15.70,         159.00
1250,155,   4,          16.90,         288.00
1251,156,   4,          17.70,         317.00
1252,157,   4,          16.90,         231.00
1253,158,   4,          15.20,         242.00
1254,159,   4,          15.10,         328.00
1255,160,   4,          16.20,         329.00
1256,161,   4,          17.30,         295.00
1257,162,   4,          17.00,         167.00
1258,163,   4,          13.40,         260.00
1259,164,   4,          14.30,         336.00
1260,165,   4,          15.20,         174.00
1261,166,   4,          12.90,         302.00
1262,167,   4,          15.00,         345.00
1263,168,   4,          20.80,         286.00
1264,169,   4,          18.00,         168.00
1265,170,   4,          18.50,         237.00
1266,171,   4,          15.00,         139.00
1267,172,   4,          12.90,         126.00
1268,173,   4,          15.10,         213.00
1269,174,   4,          15.30,         207.00
1270,175,   4,          14.30,         330.00
1271,176,   4,          14.90,         168.00
1272,177,   4,          14.90,          96.10
1273,178,   4,          15.00,         251.00
1274,179,   4,          15.10,         350.00
1275,180,   4,          14.30,         243.00
1276,181,   4,          16.40,         209.00
1277,182,   4,          17.30,         287.00
1278,183,   4,          17.10,         108.00
1279,184,   4,          16.30,          69.40
1280,185,   4,          18.60,         221.00
1281,186,   4,          17.80,         191.00
1282,187,   4,          16.50,         146.00
1283,188,   4,          17.50,         292.00
1284,189,   4,          17.70,         241.00
1285,190,   4,          17.30,         204.00
1286,191,   4,          16.50,         181.00
1287,192,   4,          17.30,         234.00
1288,193,   4,          19.40,         284.00
1289,194,   4,          21.10,         266.00
1290,195,   4,          23.10,         294.00
1291,196,   4,          20.40,         300.00
1292,197,   4,          20.60,         321.00
1293,198,   4,          18.70,         321.00
1294,199,   4,          15.80,         207.00
1295,200,   4,          16.10,         300.00
1296,201,   4,          15.80,         181.00
1297,202,   4,          16.00,         132.00
1298,203,   4,          16.50,         220.00
1299,204,   4,          17.40,         249.00
1300,205,   4,          18.80,         297.00
1301,206,   4,          19.40,         119.00
1302,207,   4,          20.60,         191.00
1303,208,   4,          19.10,         209.00
1304,209,   4,          17.10,         178.00
1305,210,   4,          14.70,         163.00
1306,211,   4,          16.80,         191.00
1307,212,   4,          16.00,         172.00
1308,213,   4,          14.50,         188.00
1309,214,   4,          15.10,         247.00
1310,215,   4,          14.30,         251.00
1311,216,   4,          14.00,         166.00
1312,217,   4,          14.90,         171.00
1313,218,   4,          17.70,         237.00
1314,219,   4,          15.00,          86.80
1315,220,   4,          15.10,         135.00
1316,221,   4,          15.80,         171.00
1317,222,   4,          14.80,         131.00
1318,223,   4,          15.80,         209.00
1319,224,   4,          17.70,         152.00
1320,225,   4,          17.10,         150.00
1321,226,   4,          15.40,         181.00
1322,227,   4,          15.10,         153.00
1323,228,   4,          12.70,          78.70
1324,229,   4,          15.80,         225.00
1325,230,   4,          14.30,          82.20
1326,231,   4,          14.40,         197.00
1327,232,   4,          13.80,         166.00
1328,233,   4,          13.40,         171.00
1329,234,   4,          14.20,         212.00
1330,235,   4,          15.00,         244.00
1331,236,   4,          14.90,         229.00
1332,237,   4,          16.40,         138.00
1333,238,   4,          14.00,          76.40
1334,239,   4,          14.90,          49.80
1335,240,   4,          15.00,         101.00
1336,241,   4,          16.30,         145.00
1337,242,   4,          15.70,         228.00
1338,243,   4,          15.40,         220.00
1339,244,   4,          15.50,         207.00
1340,245,   4,          15.40,         168.00
1341,246,   4,          14.70,         215.00
1342,247,   4,          13.90,         218.00
1343,248,   4,          12.90,         219.00
1344,249,   4,          12.40,         115.00
1345,250,   4,          15.20,         113.00
1346,251,   4,          18.30,         182.00
1347,252,   4,          18.10,         190.00
1348,253,   4,          17.30,          84.50
1349,254,   4,          17.80,          79.90
1350,255,   4,          15.80,          90.30
1351,256,   4,          15.00,          71.80
1352,257,   4,          14.90,         139.00
1353,258,   4,          13.70,          37.00
1354,259,   4,          13.60,          46.30
1355,260,   4,          11.50,          45.10
1356,261,   4,          13.00,          52.10
1357,262,   4,          10.80,          56.70
1358,263,   4,          10.60,          90.30
1359,264,   4,          11.50,          86.80
1360,265,   4,          14.40,         157.00
1361,266,   4,          13.20,          66.00
1362,267,   4,          13.20,          50.90
1363,268,   4,          13.00,         144.00
1364,269,   4,          13.30,         117.00
1365,270,   4,          15.20,          25.50
1366,271,   4,          13.40,         138.00
1367,272,   4,          12.20,          79.90
1368,273,   4,          10.80,          75.20
1369,274,   4,          12.10,          31.20
1370,275,   4,          13.50,          56.70
1371,276,   4,          14.20,          34.70
1372,277,   4,          14.60,          33.60
1373,278,   4,          13.40,          53.20
1374,279,   4,          12.00,          99.50
1375,280,   4,          11.10,          53.20
1376,281,   4,          11.10,          54.40
1377,282,   4,          10.00,          35.90
1378,283,   4,           9.10,          60.20
1379,284,   4,           8.10,          97.20
1380,285,   4,           7.60,          92.60
1381,286,   4,           7.80,          59.00
1382,287,   4,           8.60,          72.90
1383,288,   4,           7.20,          81.00
1384,289,   4,           6.70,          83.30
1385,290,   4,           6.00,          93.80
1386,291,   4,           7.70,          82.20
1387,292,   4,           6.70,          91.40
1388,293,   4,           7.10,          85.60
1389,294,   4,           8.40,          25.50
1390,295,   4,          12.30,          22.00
1391,296,   4,          12.40,          42.80
1392,297,   4,          10.30,          52.10
1393,298,   4,          10.40,          56.70
1394,299,   4,          11.60,          19.70
1395,300,   4,           9.30,          26.60
1396,301,   4,           8.40,          60.20
1397,302,   4,           9.00,          63.70
1398,303,   4,           8.20,          62.50
1399,304,   4,           9.60,          20.80
1400,305,   4,           9.70,          45.10
1401,306,   4,          11.10,          32.40
1402,307,   4,          13.70,          17.40
1403,308,   4,           8.70,          52.10
1404,309,   4,           7.80,          56.70
1405,310,   4,          10.10,          15.00
1406,311,   4,          10.90,          49.80
1407,312,   4,           8.60,          20.80
1408,313,   4,           6.40,          53.20
1409,314,   4,           7.70,          16.20
1410,315,   4,           7.50,          12.70
1411,316,   4,           5.80,           5.79
1412,317,   4,           7.20,           9.26
1413,318,   4,           7.70,          38.20
1414,319,   4,           7.20,          27.80
1415,320,   4,          11.30,          31.20
1416,321,   4,           9.10,          31.20
1417,322,   4,          10.40,           9.26
1418,323,   4,          11.40,          15.00
1419,324,   4,           6.30,          35.90
1420,325,   4,           3.80,          35.90
1421,326,   4,           8.10,           9.26
1422,327,   4,           7.10,          28.90
1423,328,   4,           6.40,          26.60
1424,329,   4,           9.00,           4.63
1425,330,   4,           7.50,          10.40
1426,331,   4,           7.40,          26.60
1427,332,   4,           2.40,          32.40
1428,333,   4,           0.10,          19.70
1429,334,   4,           1.20,           4.63
1430,335,   4,           1.00,           8.10
1431,336,   4,           3.50,           5.79
1432,337,   4,           3.50,           4.63
1433,338,   4,           1.80,           6.94
1434,339,   4,           2.70,           9.26
1435,340,   4,           4.20,           4.63
1436,341,   4,           3.90,           5.79
1437,342,   4,           6.60,           4.63
1438,343,   4,           4.70,          10.40
1439,344,   4,           4.20,           6.94
1440,345,   4,           3.00,           2.31
1441,346,   4,           2.20,           2.31
1442,347,   4,           3.50,           2.31
1443,348,   4,           3.70,           6.94
1444,349,   4,           5.50,           3.47
1445,350,   4,           7.60,           4.63
1446,351,   4,           6.40,           9.26
1447,352,   4,           6.70,           5.79
1448,353,   4,           7.20,           9.26
1449,354,   4,           5.60,          23.10
1450,355,   4,           8.00,           8.10
1451,356,   4,           6.00,          17.40
1452,357,   4,           6.20,          10.40
1453,358,   4,           3.90,          12.70
1454,359,   4,           0.80,          18.50
1455,360,   4,          -0.60,          25.50
1456,361,   4,           3.00,           8.10
1457,362,   4,           3.70,           5.79
1458,363,   4,           2.50,           4.63
1459,364,   4,           2.60,           2.31
1460,365,   4,           2.60,           6.94
