Day of sim.,Day of year,Year,Slurry mass,Frozen mass,Slurry depth,Air T,Wall T,Floor T,In T,Slurry T
,,,(Mg = 1000 kg),(Mg = 1000 kg),(m),(deg. C),(deg. C),(deg. C),(deg. C),(deg. C)
day,doy,year,slurry_mass,frozen_mass,slurry_depth,air_temp,wall_temp,floor_temp,in_temp,slurry_temp
   1,  1,   1, 4734.00,    0.00,    4.65,   -4.92,    2.38,   10.29,   15.00,   14.89
   2,  2,   1, 4748.01,    0.00,    4.66,   -4.94,    2.23,   10.15,   14.79,   14.68
   3,  3,   1, 4762.01,    0.00,    4.68,   -4.96,    2.09,   10.01,   14.58,   14.47
   4,  4,   1, 4776.02,    0.00,    4.69,   -4.98,    1.94,    9.88,   14.37,   14.26
   5,  5,   1, 4790.02,    0.00,    4.71,   -4.99,    1.80,    9.74,   14.17,   14.06
   6,  6,   1, 4804.02,    0.00,    4.72,   -5.00,    1.66,    9.60,   13.96,   13.86
   7,  7,   1, 4818.03,    0.00,    4.73,   -5.00,    1.52,    9.47,   13.76,   13.66
   8,  8,   1, 4832.03,    0.00,    4.75,   -5.00,    1.38,    9.33,   13.57,   13.46
   9,  9,   1, 4846.04,    0.00,    4.76,   -5.00,    1.25,    9.19,   13.37,   13.27
  10, 10,   1, 4860.04,    0.00,    4.77,   -4.99,    1.12,    9.05,   13.18,   13.08
  11, 11,   1, 4874.04,    0.00,    4.79,   -4.98,    0.99,    8.92,   12.99,   12.89
  12, 12,   1, 4888.05,    0.00,    4.80,   -4.96,    0.87,    8.78,   12.80,   12.71
  13, 13,   1, 4902.05,    0.00,    4.82,   -4.94,    0.74,    8.64,   12.62,   12.52
  14, 14,   1, 4916.05,    0.00,    4.83,   -4.92,    0.62,    8.51,   12.43,   12.34
  15, 15,   1, 4930.06,    0.00,    4.84,   -4.90,    0.51,    8.37,   12.26,   12.16
  16, 16,   1, 4944.06,    0.00,    4.86,   -4.87,    0.39,    8.23,   12.08,   11.99
  17, 17,   1, 4958.07,    0.00,    4.87,   -4.83,    0.28,    8.10,   11.90,   11.81
  18, 18,   1, 4972.07,    0.00,    4.88,   -4.80,    0.17,    7.96,   11.73,   11.64
  19, 19,   1, 4986.07,    0.00,    4.90,   -4.76,    0.06,    7.83,   11.56,   11.47
  20, 20,   1, 5000.08,    0.00,    4.91,   -4.71,   -0.04,    7.70,   11.39,   11.31
  21, 21,   1, 5014.08,    0.00,    4.93,   -4.66,   -0.15,    7.56,   11.23,   11.14
  22, 22,   1, 5028.09,    0.00,    4.94,   -4.61,   -0.24,    7.43,   11.07,   10.98
  23, 23,   1, 5042.09,    0.00,    4.95,   -4.56,   -0.34,    7.30,   10.91,   10.82
  24, 24,   1, 5056.09,    0.00,    4.97,   -4.50,   -0.43,    7.17,   10.75,   10.67
  25, 25,   1, 5070.10,    0.00,    4.98,   -4.44,   -0.52,    7.03,   10.59,   10.52
  26, 26,   1, 5084.10,    0.00,    4.99,   -4.37,   -0.61,    6.90,   10.44,   10.36
  27, 27,   1, 5098.11,    0.00,    5.01,   -4.30,   -0.69,    6.77,   10.29,   10.22
  28, 28,   1, 5112.11,    0.00,    5.02,   -4.23,   -0.77,    6.65,   10.15,   10.07
  29, 29,   1, 5126.11,    0.00,    5.04,   -4.15,   -0.85,    6.52,   10.00,    9.93
  30, 30,   1, 5140.12,    0.00,    5.05,   -4.07,   -0.93,    6.39,    9.86,    9.78
  31, 31,   1, 5154.12,    0.00,    5.06,   -3.99,   -1.00,    6.26,    9.72,    9.65
  32, 32,   1, 5168.12,    0.00,    5.08,   -3.90,   -1.07,    6.14,    9.58,    9.51
  33, 33,   1, 5182.13,    0.00,    5.09,   -3.81,   -1.13,    6.02,    9.45,    9.38
  34, 34,   1, 5196.13,    0.00,    5.10,   -3.72,   -1.19,    5.89,    9.31,    9.25
  35, 35,   1, 5210.14,    0.00,    5.12,   -3.63,   -1.25,    5.77,    9.18,    9.12
  36, 36,   1, 5224.14,    0.00,    5.13,   -3.53,   -1.31,    5.65,    9.06,    8.99
  37, 37,   1, 5238.14,    0.00,    5.15,   -3.42,   -1.36,    5.53,    8.93,    8.87
  38, 38,   1, 5252.15,    0.00,    5.16,   -3.32,   -1.41,    5.41,    8.81,    8.74
  39, 39,   1, 5266.15,    0.00,    5.17,   -3.21,   -1.46,    5.29,    8.69,    8.63
  40, 40,   1, 5280.16,    0.00,    5.19,   -3.09,   -1.50,    5.18,    8.57,    8.51
  41, 41,   1, 5294.16,    0.00,    5.20,   -2.98,   -1.54,    5.06,    8.45,    8.40
  42, 42,   1, 5308.16,    0.00,    5.21,   -2.86,   -1.58,    4.95,    8.34,    8.28
  43, 43,   1, 5322.17,    0.00,    5.23,   -2.74,   -1.61,    4.84,    8.23,    8.17
  44, 44,   1, 5336.17,    0.00,    5.24,   -2.61,   -1.64,    4.73,    8.12,    8.07
  45, 45,   1, 5350.18,    0.00,    5.26,   -2.48,   -1.67,    4.62,    8.02,    7.96
  46, 46,   1, 5364.18,    0.00,    5.27,   -2.35,   -1.69,    4.51,    7.91,    7.86
  47, 47,   1, 5378.18,    0.00,    5.28,   -2.22,   -1.71,    4.40,    7.81,    7.76
  48, 48,   1, 5392.19,    0.00,    5.30,   -2.08,   -1.73,    4.30,    7.72,    7.67
  49, 49,   1, 5406.19,    0.00,    5.31,   -1.94,   -1.74,    4.19,    7.62,    7.57
  50, 50,   1, 5420.20,    0.00,    5.33,   -1.80,   -1.75,    4.09,    7.53,    7.48
  51, 51,   1, 5434.20,    0.00,    5.34,   -1.66,   -1.76,    3.99,    7.44,    7.39
  52, 52,   1, 5448.20,    0.00,    5.35,   -1.51,   -1.76,    3.89,    7.35,    7.30
  53, 53,   1, 5462.21,    0.00,    5.37,   -1.36,   -1.76,    3.80,    7.26,    7.22
  54, 54,   1, 5476.21,    0.00,    5.38,   -1.20,   -1.76,    3.70,    7.18,    7.14
  55, 55,   1, 5490.21,    0.00,    5.39,   -1.05,   -1.75,    3.61,    7.10,    7.05
  56, 56,   1, 5504.22,    0.00,    5.41,   -0.89,   -1.74,    3.52,    7.02,    6.98
  57, 57,   1, 5518.22,    0.00,    5.42,   -0.73,   -1.73,    3.43,    6.94,    6.90
  58, 58,   1, 5532.23,    0.00,    5.44,   -0.57,   -1.71,    3.34,    6.87,    6.83
  59, 59,   1, 5546.23,    0.00,    5.45,   -0.40,   -1.69,    3.25,    6.79,    6.76
  60, 60,   1, 5560.23,    0.00,    5.46,   -0.23,   -1.67,    3.17,    6.73,    6.69
  61, 61,   1, 5574.24,    0.00,    5.48,   -0.06,   -1.64,    3.08,    6.66,    6.62
  62, 62,   1, 5588.24,    0.00,    5.49,    0.11,   -1.61,    3.00,    6.59,    6.56
  63, 63,   1, 5602.25,    0.00,    5.50,    0.28,   -1.58,    2.93,    6.53,    6.50
  64, 64,   1, 5616.25,    0.00,    5.52,    0.46,   -1.54,    2.85,    6.47,    6.44
  65, 65,   1, 5630.25,    0.00,    5.53,    0.64,   -1.50,    2.77,    6.41,    6.38
  66, 66,   1, 5644.26,    0.00,    5.55,    0.82,   -1.46,    2.70,    6.36,    6.33
  67, 67,   1, 5658.26,    0.00,    5.56,    1.00,   -1.41,    2.63,    6.30,    6.28
  68, 68,   1, 5672.27,    0.00,    5.57,    1.19,   -1.36,    2.56,    6.25,    6.23
  69, 69,   1, 5686.27,    0.00,    5.59,    1.37,   -1.31,    2.49,    6.20,    6.18
  70, 70,   1, 5700.27,    0.00,    5.60,    1.56,   -1.25,    2.43,    6.16,    6.13
  71, 71,   1, 5714.28,    0.00,    5.61,    1.75,   -1.19,    2.37,    6.11,    6.09
  72, 72,   1, 5728.28,    0.00,    5.63,    1.95,   -1.13,    2.31,    6.07,    6.05
  73, 73,   1, 5742.29,    0.00,    5.64,    2.14,   -1.07,    2.25,    6.03,    6.01
  74, 74,   1, 5756.29,    0.00,    5.66,    2.33,   -1.00,    2.19,    5.99,    5.98
  75, 75,   1, 5770.29,    0.00,    5.67,    2.53,   -0.93,    2.14,    5.96,    5.94
  76, 76,   1, 5784.30,    0.00,    5.68,    2.73,   -0.85,    2.09,    5.93,    5.91
  77, 77,   1, 5798.30,    0.00,    5.70,    2.93,   -0.77,    2.04,    5.90,    5.88
  78, 78,   1, 5812.30,    0.00,    5.71,    3.13,   -0.69,    1.99,    5.87,    5.85
  79, 79,   1, 5826.31,    0.00,    5.72,    3.33,   -0.61,    1.94,    5.84,    5.83
  80, 80,   1, 5840.31,    0.00,    5.74,    3.54,   -0.52,    1.90,    5.82,    5.80
  81, 81,   1, 5854.32,    0.00,    5.75,    3.74,   -0.43,    1.86,    5.79,    5.78
  82, 82,   1, 5868.32,    0.00,    5.77,    3.95,   -0.34,    1.82,    5.77,    5.76
  83, 83,   1, 5882.32,    0.00,    5.78,    4.15,   -0.24,    1.78,    5.75,    5.75
  84, 84,   1, 5896.33,    0.00,    5.79,    4.36,   -0.15,    1.75,    5.74,    5.73
  85, 85,   1, 5910.33,    0.00,    5.81,    4.57,   -0.04,    1.72,    5.72,    5.72
  86, 86,   1, 5924.34,    0.00,    5.82,    4.78,    0.06,    1.69,    5.71,    5.71
  87, 87,   1, 5938.34,    0.00,    5.83,    4.99,    0.17,    1.66,    5.70,    5.70
  88, 88,   1, 5952.34,    0.00,    5.85,    5.20,    0.28,    1.64,    5.69,    5.69
  89, 89,   1, 5966.35,    0.00,    5.86,    5.41,    0.39,    1.62,    5.69,    5.69
  90, 90,   1, 5980.35,    0.00,    5.88,    5.62,    0.51,    1.60,    5.69,    5.68
  91, 91,   1, 5994.36,    0.00,    5.89,    5.84,    0.62,    1.58,    5.68,    5.68
  92, 92,   1, 6008.36,    0.00,    5.90,    6.05,    0.74,    1.56,    5.68,    5.68
  93, 93,   1, 6022.36,    0.00,    5.92,    6.26,    0.87,    1.55,    5.69,    5.69
  94, 94,   1, 6036.37,    0.00,    5.93,    6.48,    0.99,    1.54,    5.69,    5.69
  95, 95,   1, 6050.37,    0.00,    5.94,    6.69,    1.12,    1.53,    5.70,    5.70
  96, 96,   1, 6064.38,    0.00,    5.96,    6.91,    1.25,    1.53,    5.70,    5.71
  97, 97,   1, 6078.38,    0.00,    5.97,    7.12,    1.38,    1.52,    5.71,    5.72
  98, 98,   1, 6092.38,    0.00,    5.99,    7.34,    1.52,    1.52,    5.72,    5.73
  99, 99,   1, 6106.39,    0.00,    6.00,    7.55,    1.66,    1.52,    5.74,    5.75
 100,100,   1, 1014.00,    0.00,    1.00,    7.77,    1.80,    1.53,    5.75,    5.79
 101,101,   1, 1028.00,    0.00,    1.01,    7.98,    1.94,    1.53,    5.83,    5.87
 102,102,   1, 1042.00,    0.00,    1.02,    8.20,    2.09,    1.54,    5.91,    5.96
 103,103,   1, 1056.00,    0.00,    1.04,    8.41,    2.23,    1.55,    6.00,    6.04
 104,104,   1, 1070.00,    0.00,    1.05,    8.63,    2.38,    1.56,    6.09,    6.13
 105,105,   1, 1084.00,    0.00,    1.06,    8.84,    2.53,    1.58,    6.18,    6.23
 106,106,   1, 1098.00,    0.00,    1.08,    9.06,    2.69,    1.60,    6.27,    6.33
 107,107,   1, 1112.01,    0.00,    1.09,    9.27,    2.84,    1.62,    6.37,    6.43
 108,108,   1, 1126.01,    0.00,    1.11,    9.48,    3.00,    1.64,    6.47,    6.53
 109,109,   1, 1140.01,    0.00,    1.12,    9.69,    3.16,    1.66,    6.58,    6.63
 110,110,   1, 1154.01,    0.00,    1.13,    9.91,    3.32,    1.69,    6.68,    6.74
 111,111,   1, 1168.01,    0.00,    1.15,   10.12,    3.48,    1.72,    6.79,    6.85
 112,112,   1, 1182.01,    0.00,    1.16,   10.33,    3.65,    1.75,    6.90,    6.96
 113,113,   1, 1196.01,    0.00,    1.18,   10.54,    3.81,    1.78,    7.01,    7.07
 114,114,   1, 1210.01,    0.00,    1.19,   10.74,    3.98,    1.82,    7.13,    7.19
 115,115,   1, 1224.01,    0.00,    1.20,   10.95,    4.15,    1.86,    7.24,    7.30
 116,116,   1, 1238.01,    0.00,    1.22,   11.16,    4.32,    1.90,    7.36,    7.42
 117,117,   1, 1252.02,    0.00,    1.23,   11.36,    4.50,    1.94,    7.48,    7.54
 118,118,   1, 1266.02,    0.00,    1.24,   11.57,    4.67,    1.99,    7.60,    7.66
 119,119,   1, 1280.02,    0.00,    1.26,   11.77,    4.85,    2.04,    7.72,    7.78
 120,120,   1, 1294.02,    0.00,    1.27,   11.97,    5.02,    2.09,    7.84,    7.90
 121,121,   1, 1308.02,    0.00,    1.29,   12.17,    5.20,    2.14,    7.96,    8.03
 122,122,   1, 1322.02,    0.00,    1.30,   12.37,    5.38,    2.19,    8.09,    8.15
 123,123,   1, 1336.02,    0.00,    1.31,   12.57,    5.56,    2.25,    8.21,    8.28
 124,124,   1, 1350.02,    0.00,    1.33,   12.76,    5.74,    2.31,    8.34,    8.40
 125,125,   1, 1364.02,    0.00,    1.34,   12.96,    5.93,    2.37,    8.46,    8.53
 126,126,   1, 1378.02,    0.00,    1.35,   13.15,    6.11,    2.43,    8.59,    8.66
 127,127,   1, 1392.02,    0.00,    1.37,   13.34,    6.30,    2.49,    8.72,    8.78
 128,128,   1, 1406.03,    0.00,    1.38,   13.53,    6.48,    2.56,    8.85,    8.91
 129,129,   1, 1420.03,    0.00,    1.40,   13.72,    6.67,    2.63,    8.97,    9.04
 130,130,   1, 1434.03,    0.00,    1.41,   13.90,    6.86,    2.70,    9.10,    9.17
 131,131,   1, 1448.03,    0.00,    1.42,   14.09,    7.05,    2.77,    9.23,    9.30
 132,132,   1, 1462.03,    0.00,    1.44,   14.27,    7.24,    2.85,    9.36,    9.43
 133,133,   1, 1476.03,    0.00,    1.45,   14.45,    7.43,    2.93,    9.49,    9.56
 134,134,   1, 1490.03,    0.00,    1.46,   14.63,    7.62,    3.00,    9.62,    9.69
 135,135,   1, 1504.03,    0.00,    1.48,   14.80,    7.81,    3.08,    9.75,    9.82
 136,136,   1, 1518.03,    0.00,    1.49,   14.98,    8.00,    3.17,    9.88,    9.95
 137,137,   1, 1532.03,    0.00,    1.51,   15.15,    8.19,    3.25,   10.01,   10.08
 138,138,   1, 1546.04,    0.00,    1.52,   15.32,    8.39,    3.34,   10.14,   10.21
 139,139,   1, 1560.04,    0.00,    1.53,   15.48,    8.58,    3.43,   10.27,   10.34
 140,140,   1, 1574.04,    0.00,    1.55,   15.65,    8.77,    3.52,   10.40,   10.47
 141,141,   1, 1588.04,    0.00,    1.56,   15.81,    8.97,    3.61,   10.53,   10.60
 142,142,   1, 1602.04,    0.00,    1.57,   15.97,    9.16,    3.70,   10.66,   10.73
 143,143,   1, 1616.04,    0.00,    1.59,   16.13,    9.35,    3.80,   10.79,   10.86
 144,144,   1, 1630.04,    0.00,    1.60,   16.28,    9.55,    3.89,   10.92,   10.99
 145,145,   1, 1644.04,    0.00,    1.62,   16.43,    9.74,    3.99,   11.05,   11.12
 146,146,   1, 1658.04,    0.00,    1.63,   16.58,    9.94,    4.09,   11.18,   11.25
 147,147,   1, 1672.04,    0.00,    1.64,   16.73,   10.13,    4.19,   11.31,   11.38
 148,148,   1, 1686.05,    0.00,    1.66,   16.87,   10.32,    4.30,   11.44,   11.51
 149,149,   1, 1700.05,    0.00,    1.67,   17.01,   10.52,    4.40,   11.57,   11.64
 150,150,   1, 1714.05,    0.00,    1.68,   17.15,   10.71,    4.51,   11.70,   11.77
 151,151,   1, 1728.05,    0.00,    1.70,   17.29,   10.90,    4.62,   11.83,   11.89
 152,152,   1, 1742.05,    0.00,    1.71,   17.42,   11.09,    4.73,   11.95,   12.02
 153,153,   1, 1756.05,    0.00,    1.73,   17.55,   11.29,    4.84,   12.08,   12.15
 154,154,   1, 1770.05,    0.00,    1.74,   17.68,   11.48,    4.95,   12.21,   12.27
 155,155,   1, 1784.05,    0.00,    1.75,   17.80,   11.67,    5.06,   12.33,   12.40
 156,156,   1, 1798.05,    0.00,    1.77,   17.92,   11.86,    5.18,   12.46,   12.52
 157,157,   1, 1812.05,    0.00,    1.78,   18.04,   12.05,    5.29,   12.58,   12.64
 158,158,   1, 1826.06,    0.00,    1.79,   18.15,   12.23,    5.41,   12.70,   12.77
 159,159,   1, 1840.06,    0.00,    1.81,   18.26,   12.42,    5.53,   12.83,   12.89
 160,160,   1, 1854.06,    0.00,    1.82,   18.37,   12.61,    5.65,   12.95,   13.01
 161,161,   1, 1868.06,    0.00,    1.84,   18.47,   12.79,    5.77,   13.07,   13.13
 162,162,   1, 1882.06,    0.00,    1.85,   18.58,   12.98,    5.89,   13.19,   13.25
 163,163,   1, 1896.06,    0.00,    1.86,   18.67,   13.16,    6.02,   13.31,   13.37
 164,164,   1, 1910.06,    0.00,    1.88,   18.77,   13.35,    6.14,   13.43,   13.49
 165,165,   1, 1924.06,    0.00,    1.89,   18.86,   13.53,    6.26,   13.54,   13.60
 166,166,   1, 1938.06,    0.00,    1.90,   18.95,   13.71,    6.39,   13.66,   13.72
 167,167,   1, 1952.06,    0.00,    1.92,   19.03,   13.89,    6.52,   13.77,   13.83
 168,168,   1, 1966.06,    0.00,    1.93,   19.11,   14.07,    6.65,   13.89,   13.95
 169,169,   1, 1980.07,    0.00,    1.95,   19.19,   14.24,    6.77,   14.00,   14.06
 170,170,   1, 1994.07,    0.00,    1.96,   19.27,   14.42,    6.90,   14.11,   14.17
 171,171,   1, 2008.07,    0.00,    1.97,   19.34,   14.59,    7.03,   14.22,   14.28
 172,172,   1, 2022.07,    0.00,    1.99,   19.40,   14.76,    7.17,   14.33,   14.39
 173,173,   1, 2036.07,    0.00,    2.00,   19.47,   14.93,    7.30,   14.44,   14.50
 174,174,   1, 2050.07,    0.00,    2.01,   19.53,   15.10,    7.43,   14.55,   14.60
 175,175,   1, 2064.07,    0.00,    2.03,   19.59,   15.27,    7.56,   14.65,   14.71
 176,176,   1, 2078.07,    0.00,    2.04,   19.64,   15.44,    7.70,   14.76,   14.81
 177,177,   1, 2092.06,    0.00,    2.06,   19.69,   15.60,    7.83,   14.86,   14.92
 178,178,   1, 2106.06,    0.00,    2.07,   19.73,   15.76,    7.96,   14.96,   15.02
 179,179,   1, 2120.06,    0.00,    2.08,   19.78,   15.92,    8.10,   15.07,   15.12
 180,180,   1, 2134.06,    0.00,    2.10,   19.82,   16.08,    8.23,   15.16,   15.22
 181,181,   1, 2148.06,    0.00,    2.11,   19.85,   16.24,    8.37,   15.26,   15.31
 182,182,   1, 2162.05,    0.00,    2.12,   19.88,   16.39,    8.51,   15.36,   15.41
 183,183,   1, 2176.05,    0.00,    2.14,   19.91,   16.54,    8.64,   15.45,   15.50
 184,184,   1, 2190.05,    0.00,    2.15,   19.93,   16.69,    8.78,   15.55,   15.59
 185,185,   1, 2204.05,    0.00,    2.17,   19.95,   16.84,    8.92,   15.64,   15.69
 186,186,   1, 2218.05,    0.00,    2.18,   19.97,   16.99,    9.05,   15.73,   15.78
 187,187,   1, 2232.04,    0.00,    2.19,   19.98,   17.13,    9.19,   15.82,   15.86
 188,188,   1, 2246.04,    0.00,    2.21,   19.99,   17.27,    9.33,   15.91,   15.95
 189,189,   1, 2260.04,    0.00,    2.22,   20.00,   17.41,    9.47,   15.99,   16.04
 190,190,   1, 2274.04,    0.00,    2.23,   20.00,   17.55,    9.60,   16.08,   16.12
 191,191,   1, 2288.04,    0.00,    2.25,   20.00,   17.68,    9.74,   16.16,   16.20
 192,192,   1, 2302.04,    0.00,    2.26,   19.99,   17.81,    9.88,   16.24,   16.28
 193,193,   1, 2316.03,    0.00,    2.28,   19.98,   17.94,   10.01,   16.32,   16.36
 194,194,   1, 2330.03,    0.00,    2.29,   19.97,   18.07,   10.15,   16.40,   16.43
 195,195,   1, 2344.03,    0.00,    2.30,   19.95,   18.20,   10.29,   16.47,   16.51
 196,196,   1, 2358.03,    0.00,    2.32,   19.93,   18.32,   10.43,   16.55,   16.58
 197,197,   1, 2372.03,    0.00,    2.33,   19.91,   18.44,   10.56,   16.62,   16.65
 198,198,   1, 2386.02,    0.00,    2.34,   19.88,   18.55,   10.70,   16.69,   16.72
 199,199,   1, 2400.02,    0.00,    2.36,   19.85,   18.67,   10.83,   16.76,   16.79
 200,200,   1, 2414.02,    0.00,    2.37,   19.82,   18.78,   10.97,   16.82,   16.86
 201,201,   1, 2428.02,    0.00,    2.39,   19.78,   18.89,   11.10,   16.89,   16.92
 202,202,   1, 2442.02,    0.00,    2.40,   19.73,   18.99,   11.24,   16.95,   16.99
 203,203,   1, 2456.01,    0.00,    2.41,   19.69,   19.09,   11.37,   17.01,   17.05
 204,204,   1, 2470.01,    0.00,    2.43,   19.64,   19.20,   11.50,   17.07,   17.11
 205,205,   1, 2484.01,    0.00,    2.44,   19.59,   19.29,   11.64,   17.13,   17.16
 206,206,   1, 2498.01,    0.00,    2.45,   19.53,   19.39,   11.77,   17.19,   17.22
 207,207,   1, 2512.01,    0.00,    2.47,   19.47,   19.48,   11.90,   17.24,   17.27
 208,208,   1, 2526.00,    0.00,    2.48,   19.40,   19.57,   12.03,   17.30,   17.32
 209,209,   1, 2540.00,    0.00,    2.50,   19.34,   19.65,   12.16,   17.35,   17.37
 210,210,   1, 2554.00,    0.00,    2.51,   19.27,   19.73,   12.29,   17.39,   17.42
 211,211,   1, 2568.00,    0.00,    2.52,   19.19,   19.81,   12.42,   17.44,   17.46
 212,212,   1, 2582.00,    0.00,    2.54,   19.11,   19.89,   12.55,   17.49,   17.51
 213,213,   1, 2595.99,    0.00,    2.55,   19.03,   19.96,   12.67,   17.53,   17.55
 214,214,   1, 2609.99,    0.00,    2.56,   18.95,   20.03,   12.80,   17.57,   17.59
 215,215,   1, 2623.99,    0.00,    2.58,   18.86,   20.10,   12.92,   17.61,   17.63
 216,216,   1, 2637.99,    0.00,    2.59,   18.77,   20.16,   13.05,   17.65,   17.66
 217,217,   1, 2651.99,    0.00,    2.61,   18.67,   20.22,   13.17,   17.68,   17.70
 218,218,   1, 2665.98,    0.00,    2.62,   18.58,   20.28,   13.29,   17.71,   17.73
 219,219,   1, 2679.98,    0.00,    2.63,   18.47,   20.34,   13.41,   17.75,   17.76
 220,220,   1, 2693.98,    0.00,    2.65,   18.37,   20.39,   13.53,   17.77,   17.79
 221,221,   1, 2707.98,    0.00,    2.66,   18.26,   20.44,   13.65,   17.80,   17.81
 222,222,   1, 2721.98,    0.00,    2.67,   18.15,   20.48,   13.76,   17.83,   17.84
 223,223,   1, 2735.97,    0.00,    2.69,   18.04,   20.52,   13.88,   17.85,   17.86
 224,224,   1, 2749.97,    0.00,    2.70,   17.92,   20.56,   13.99,   17.87,   17.88
 225,225,   1, 2763.97,    0.00,    2.72,   17.80,   20.59,   14.11,   17.89,   17.90
 226,226,   1, 2777.97,    0.00,    2.73,   17.68,   20.63,   14.22,   17.91,   17.92
 227,227,   1, 2791.97,    0.00,    2.74,   17.55,   20.65,   14.33,   17.92,   17.93
 228,228,   1, 2805.96,    0.00,    2.76,   17.42,   20.68,   14.44,   17.94,   17.94
 229,229,   1, 2819.96,    0.00,    2.77,   17.29,   20.70,   14.54,   17.95,   17.95
 230,230,   1, 2833.96,    0.00,    2.78,   17.15,   20.72,   14.65,   17.96,   17.96
 231,231,   1, 2847.96,    0.00,    2.80,   17.01,   20.73,   14.75,   17.96,   17.97
 232,232,   1, 2861.96,    0.00,    2.81,   16.87,   20.75,   14.86,   17.97,   17.97
 233,233,   1, 2875.96,    0.00,    2.83,   16.73,   20.75,   14.96,   17.97,   17.97
 234,234,   1, 2889.95,    0.00,    2.84,   16.58,   20.76,   15.06,   17.97,   17.97
 235,235,   1, 2903.95,    0.00,    2.85,   16.43,   20.76,   15.15,   17.97,   17.97
 236,236,   1, 2917.95,    0.00,    2.87,   16.28,   20.76,   15.25,   17.97,   17.97
 237,237,   1, 2931.95,    0.00,    2.88,   16.13,   20.75,   15.35,   17.97,   17.96
 238,238,   1, 2945.95,    0.00,    2.89,   15.97,   20.75,   15.44,   17.96,   17.95
 239,239,   1, 2959.94,    0.00,    2.91,   15.81,   20.73,   15.53,   17.95,   17.94
 240,240,   1, 2973.94,    0.00,    2.92,   15.65,   20.72,   15.62,   17.94,   17.93
 241,241,   1, 2987.94,    0.00,    2.94,   15.48,   20.70,   15.70,   17.93,   17.92
 242,242,   1, 3001.94,    0.00,    2.95,   15.32,   20.68,   15.79,   17.91,   17.90
 243,243,   1, 3015.94,    0.00,    2.96,   15.15,   20.65,   15.87,   17.89,   17.88
 244,244,   1, 3029.93,    0.00,    2.98,   14.98,   20.63,   15.96,   17.88,   17.87
 245,245,   1, 3043.93,    0.00,    2.99,   14.80,   20.59,   16.04,   17.86,   17.84
 246,246,   1, 3057.93,    0.00,    3.00,   14.63,   20.56,   16.11,   17.83,   17.82
 247,247,   1, 3071.93,    0.00,    3.02,   14.45,   20.52,   16.19,   17.81,   17.79
 248,248,   1, 3085.93,    0.00,    3.03,   14.27,   20.48,   16.26,   17.78,   17.77
 249,249,   1, 3099.92,    0.00,    3.05,   14.09,   20.44,   16.33,   17.75,   17.74
 250,250,   1, 3113.92,    0.00,    3.06,   13.90,   20.39,   16.40,   17.72,   17.71
 251,251,   1, 3127.92,    0.00,    3.07,   13.72,   20.34,   16.47,   17.69,   17.67
 252,252,   1, 3141.92,    0.00,    3.09,   13.53,   20.28,   16.54,   17.66,   17.64
 253,253,   1, 3155.92,    0.00,    3.10,   13.34,   20.22,   16.60,   17.62,   17.60
 254,254,   1, 3169.91,    0.00,    3.11,   13.15,   20.16,   16.66,   17.58,   17.56
 255,255,   1, 3183.91,    0.00,    3.13,   12.96,   20.10,   16.72,   17.54,   17.52
 256,256,   1, 3197.91,    0.00,    3.14,   12.76,   20.03,   16.78,   17.50,   17.48
 257,257,   1, 3211.91,    0.00,    3.16,   12.57,   19.96,   16.84,   17.46,   17.44
 258,258,   1, 3225.91,    0.00,    3.17,   12.37,   19.89,   16.89,   17.41,   17.39
 259,259,   1, 3239.90,    0.00,    3.18,   12.17,   19.81,   16.94,   17.37,   17.34
 260,260,   1, 3253.90,    0.00,    3.20,   11.97,   19.73,   16.99,   17.32,   17.29
 261,261,   1, 3267.90,    0.00,    3.21,   11.77,   19.65,   17.03,   17.27,   17.24
 262,262,   1, 3281.90,    0.00,    3.22,   11.57,   19.57,   17.08,   17.22,   17.19
 263,263,   1, 3295.90,    0.00,    3.24,   11.36,   19.48,   17.12,   17.16,   17.13
 264,264,   1, 3309.89,    0.00,    3.25,   11.16,   19.39,   17.16,   17.11,   17.08
 265,265,   1, 3323.89,    0.00,    3.27,   10.95,   19.29,   17.20,   17.05,   17.02
 266,266,   1, 3337.89,    0.00,    3.28,   10.74,   19.20,   17.23,   16.99,   16.96
 267,267,   1, 3351.89,    0.00,    3.29,   10.54,   19.09,   17.27,   16.93,   16.90
 268,268,   1, 3365.89,    0.00,    3.31,   10.33,   18.99,   17.30,   16.87,   16.83
 269,269,   1, 3379.88,    0.00,    3.32,   10.12,   18.89,   17.32,   16.80,   16.77
 270,270,   1, 3393.88,    0.00,    3.33,    9.91,   18.78,   17.35,   16.74,   16.70
 271,271,   1, 3407.88,    0.00,    3.35,    9.69,   18.67,   17.37,   16.67,   16.63
 272,272,   1, 3421.88,    0.00,    3.36,    9.48,   18.55,   17.39,   16.60,   16.56
 273,273,   1, 3435.88,    0.00,    3.38,    9.27,   18.44,   17.41,   16.53,   16.49
 274,274,   1, 3449.88,    0.00,    3.39,    9.06,   18.32,   17.43,   16.46,   16.42
 275,275,   1, 3463.87,    0.00,    3.40,    8.84,   18.20,   17.44,   16.38,   16.34
 276,276,   1, 3477.87,    0.00,    3.42,    8.63,   18.07,   17.46,   16.31,   16.27
 277,277,   1, 3491.87,    0.00,    3.43,    8.41,   17.94,   17.47,   16.23,   16.19
 278,278,   1, 3505.87,    0.00,    3.44,    8.20,   17.81,   17.47,   16.15,   16.11
 279,279,   1, 3519.87,    0.00,    3.46,    7.98,   17.68,   17.48,   16.07,   16.03
 280,280,   1, 3533.86,    0.00,    3.47,    7.77,   17.55,   17.48,   15.99,   15.95
 281,281,   1, 3547.86,    0.00,    3.49,    7.55,   17.41,   17.48,   15.91,   15.86
 282,282,   1, 3561.86,    0.00,    3.50,    7.34,   17.27,   17.48,   15.82,   15.78
 283,283,   1, 3575.86,    0.00,    3.51,    7.12,   17.13,   17.47,   15.74,   15.69
 284,284,   1, 3589.86,    0.00,    3.53,    6.91,   16.99,   17.47,   15.65,   15.61
 285,285,   1, 3603.85,    0.00,    3.54,    6.69,   16.84,   17.46,   15.56,   15.52
 286,286,   1, 3617.85,    0.00,    3.55,    6.48,   16.69,   17.44,   15.47,   15.43
 287,287,   1, 3631.85,    0.00,    3.57,    6.26,   16.54,   17.43,   15.38,   15.33
 288,288,   1, 3645.85,    0.00,    3.58,    6.05,   16.39,   17.41,   15.29,   15.24
 289,289,   1, 3659.85,    0.00,    3.60,    5.84,   16.24,   17.39,   15.20,   15.15
 290,290,   1, 3673.84,    0.00,    3.61,    5.62,   16.08,   17.37,   15.10,   15.05
 291,291,   1, 3687.84,    0.00,    3.62,    5.41,   15.92,   17.35,   15.01,   14.96
 292,292,   1, 3701.84,    0.00,    3.64,    5.20,   15.76,   17.32,   14.91,   14.86
 293,293,   1, 3715.84,    0.00,    3.65,    4.99,   15.60,   17.30,   14.81,   14.76
 294,294,   1, 3729.84,    0.00,    3.66,    4.78,   15.44,   17.27,   14.71,   14.66
 295,295,   1, 3743.83,    0.00,    3.68,    4.57,   15.27,   17.23,   14.61,   14.56
 296,296,   1, 3757.83,    0.00,    3.69,    4.36,   15.10,   17.20,   14.51,   14.46
 297,297,   1, 3771.83,    0.00,    3.71,    4.15,   14.93,   17.16,   14.41,   14.36
 298,298,   1, 3785.83,    0.00,    3.72,    3.95,   14.76,   17.12,   14.31,   14.25
 299,299,   1, 3799.83,    0.00,    3.73,    3.74,   14.59,   17.08,   14.20,   14.15
 300,300,   1, 3813.82,    0.00,    3.75,    3.54,   14.42,   17.03,   14.10,   14.04
 301,301,   1, 3827.82,    0.00,    3.76,    3.33,   14.24,   16.99,   13.99,   13.93
 302,302,   1, 3841.82,    0.00,    3.77,    3.13,   14.07,   16.94,   13.88,   13.83
 303,303,   1, 3855.82,    0.00,    3.79,    2.93,   13.89,   16.89,   13.77,   13.72
 304,304,   1, 3869.82,    0.00,    3.80,    2.73,   13.71,   16.84,   13.67,   13.61
 305,305,   1, 3883.81,    0.00,    3.82,    2.53,   13.53,   16.78,   13.56,   13.50
 306,306,   1, 3897.81,    0.00,    3.83,    2.33,   13.35,   16.72,   13.45,   13.39
 307,307,   1, 3911.81,    0.00,    3.84,    2.14,   13.16,   16.66,   13.33,   13.28
 308,308,   1, 3925.81,    0.00,    3.86,    1.95,   12.98,   16.60,   13.22,   13.16
 309,309,   1, 3939.81,    0.00,    3.87,    1.75,   12.79,   16.54,   13.11,   13.05
 310,310,   1, 3953.80,    0.00,    3.88,    1.56,   12.61,   16.47,   13.00,   12.94
 311,311,   1, 3967.80,    0.00,    3.90,    1.37,   12.42,   16.40,   12.88,   12.82
 312,312,   1, 3981.80,    0.00,    3.91,    1.19,   12.23,   16.33,   12.77,   12.71
 313,313,   1, 3995.80,    0.00,    3.93,    1.00,   12.05,   16.26,   12.65,   12.59
 314,314,   1, 4009.80,    0.00,    3.94,    0.82,   11.86,   16.19,   12.54,   12.48
 315,315,   1, 4023.79,    0.00,    3.95,    0.64,   11.67,   16.11,   12.42,   12.36
 316,316,   1, 4037.79,    0.00,    3.97,    0.46,   11.48,   16.04,   12.30,   12.24
 317,317,   1, 4051.79,    0.00,    3.98,    0.28,   11.29,   15.96,   12.19,   12.12
 318,318,   1, 4065.79,    0.00,    3.99,    0.11,   11.09,   15.87,   12.07,   12.01
 319,319,   1, 4079.79,    0.00,    4.01,   -0.06,   10.90,   15.79,   11.95,   11.89
 320,320,   1, 4093.79,    0.00,    4.02,   -0.23,   10.71,   15.70,   11.83,   11.77
 321,321,   1, 4107.79,    0.00,    4.04,   -0.40,   10.52,   15.62,   11.71,   11.65
 322,322,   1, 4121.79,    0.00,    4.05,   -0.57,   10.32,   15.53,   11.59,   11.53
 323,323,   1, 4135.80,    0.00,    4.06,   -0.73,   10.13,   15.44,   11.47,   11.41
 324,324,   1, 4149.80,    0.00,    4.08,   -0.89,    9.94,   15.35,   11.35,   11.29
 325,325,   1, 4163.80,    0.00,    4.09,   -1.05,    9.74,   15.25,   11.23,   11.17
 326,326,   1, 4177.81,    0.00,    4.10,   -1.20,    9.55,   15.15,   11.11,   11.05
 327,327,   1, 4191.81,    0.00,    4.12,   -1.36,    9.35,   15.06,   10.99,   10.93
 328,328,   1, 4205.82,    0.00,    4.13,   -1.51,    9.16,   14.96,   10.87,   10.81
 329,329,   1, 4219.82,    0.00,    4.15,   -1.66,    8.97,   14.86,   10.75,   10.68
 330,330,   1, 4233.82,    0.00,    4.16,   -1.80,    8.77,   14.75,   10.63,   10.56
 331,331,   1, 4247.83,    0.00,    4.17,   -1.94,    8.58,   14.65,   10.51,   10.44
 332,332,   1, 4261.83,    0.00,    4.19,   -2.08,    8.39,   14.54,   10.38,   10.32
 333,333,   1, 4275.83,    0.00,    4.20,   -2.22,    8.19,   14.44,   10.26,   10.20
 334,334,   1, 4289.84,    0.00,    4.21,   -2.35,    8.00,   14.33,   10.14,   10.08
 335,335,   1, 4303.84,    0.00,    4.23,   -2.48,    7.81,   14.22,   10.02,    9.96
 336,336,   1, 4317.85,    0.00,    4.24,   -2.61,    7.62,   14.11,    9.90,    9.84
 337,337,   1, 4331.85,    0.00,    4.26,   -2.74,    7.43,   13.99,    9.78,    9.71
 338,338,   1, 4345.85,    0.00,    4.27,   -2.86,    7.24,   13.88,    9.66,    9.59
 339,339,   1, 4359.86,    0.00,    4.28,   -2.98,    7.05,   13.76,    9.54,    9.47
 340,340,   1, 4373.86,    0.00,    4.30,   -3.09,    6.86,   13.65,    9.42,    9.35
 341,341,   1, 4387.87,    0.00,    4.31,   -3.21,    6.67,   13.53,    9.30,    9.23
 342,342,   1, 4401.87,    0.00,    4.32,   -3.32,    6.48,   13.41,    9.18,    9.11
 343,343,   1, 4415.87,    0.00,    4.34,   -3.42,    6.30,   13.29,    9.06,    8.99
 344,344,   1, 4429.88,    0.00,    4.35,   -3.53,    6.11,   13.17,    8.94,    8.87
 345,345,   1, 4443.88,    0.00,    4.37,   -3.63,    5.93,   13.05,    8.82,    8.75
 346,346,   1, 4457.89,    0.00,    4.38,   -3.72,    5.74,   12.92,    8.70,    8.64
 347,347,   1, 4471.89,    0.00,    4.39,   -3.81,    5.56,   12.80,    8.58,    8.52
 348,348,   1, 4485.89,    0.00,    4.41,   -3.90,    5.38,   12.67,    8.46,    8.40
 349,349,   1, 4499.90,    0.00,    4.42,   -3.99,    5.20,   12.55,    8.34,    8.28
 350,350,   1, 4513.90,    0.00,    4.43,   -4.07,    5.02,   12.42,    8.23,    8.17
 351,351,   1, 4527.91,    0.00,    4.45,   -4.15,    4.85,   12.29,    8.11,    8.05
 352,352,   1, 4541.91,    0.00,    4.46,   -4.23,    4.67,   12.16,    7.99,    7.93
 353,353,   1, 4555.91,    0.00,    4.48,   -4.30,    4.50,   12.03,    7.88,    7.82
 354,354,   1, 4569.92,    0.00,    4.49,   -4.37,    4.32,   11.90,    7.76,    7.70
 355,355,   1, 4583.92,    0.00,    4.50,   -4.44,    4.15,   11.77,    7.65,    7.59
 356,356,   1, 4597.92,    0.00,    4.52,   -4.50,    3.98,   11.64,    7.53,    7.48
 357,357,   1, 4611.93,    0.00,    4.53,   -4.56,    3.81,   11.50,    7.42,    7.36
 358,358,   1, 4625.93,    0.00,    4.54,   -4.61,    3.65,   11.37,    7.31,    7.25
 359,359,   1, 4639.94,    0.00,    4.56,   -4.66,    3.48,   11.24,    7.20,    7.14
 360,360,   1, 4653.94,    0.00,    4.57,   -4.71,    3.32,   11.10,    7.09,    7.03
 361,361,   1, 4667.94,    0.00,    4.59,   -4.76,    3.16,   10.97,    6.98,    6.92
 362,362,   1, 4681.95,    0.00,    4.60,   -4.80,    3.00,   10.83,    6.87,    6.81
 363,363,   1, 4695.95,    0.00,    4.61,   -4.83,    2.84,   10.70,    6.76,    6.70
 364,364,   1, 4709.96,    0.00,    4.63,   -4.87,    2.69,   10.56,    6.65,    6.59
 365,365,   1, 4723.96,    0.00,    4.64,   -4.90,    2.53,   10.43,    6.54,    6.49
 366,  1,   2, 4734.00,    0.00,    4.65,   -4.92,    2.38,   10.29,    6.44,    6.38
 367,  2,   2, 4748.01,    0.00,    4.66,   -4.94,    2.23,   10.15,    6.33,    6.28
 368,  3,   2, 4762.01,    0.00,    4.68,   -4.96,    2.09,   10.01,    6.23,    6.17
 369,  4,   2, 4776.02,    0.00,    4.69,   -4.98,    1.94,    9.88,    6.13,    6.07
 370,  5,   2, 4790.02,    0.00,    4.71,   -4.99,    1.80,    9.74,    6.02,    5.97
 371,  6,   2, 4804.02,    0.00,    4.72,   -5.00,    1.66,    9.60,    5.92,    5.87
 372,  7,   2, 4818.03,    0.00,    4.73,   -5.00,    1.52,    9.47,    5.82,    5.77
 373,  8,   2, 4832.03,    0.00,    4.75,   -5.00,    1.38,    9.33,    5.72,    5.67
 374,  9,   2, 4846.04,    0.00,    4.76,   -5.00,    1.25,    9.19,    5.62,    5.57
 375, 10,   2, 4860.04,    0.00,    4.77,   -4.99,    1.12,    9.05,    5.53,    5.48
 376, 11,   2, 4874.04,    0.00,    4.79,   -4.98,    0.99,    8.92,    5.43,    5.38
 377, 12,   2, 4888.05,    0.00,    4.80,   -4.96,    0.87,    8.78,    5.34,    5.29
 378, 13,   2, 4902.05,    0.00,    4.82,   -4.94,    0.74,    8.64,    5.24,    5.20
 379, 14,   2, 4916.05,    0.00,    4.83,   -4.92,    0.62,    8.51,    5.15,    5.10
 380, 15,   2, 4930.06,    0.00,    4.84,   -4.90,    0.51,    8.37,    5.06,    5.01
 381, 16,   2, 4944.06,    0.00,    4.86,   -4.87,    0.39,    8.23,    4.97,    4.92
 382, 17,   2, 4958.07,    0.00,    4.87,   -4.83,    0.28,    8.10,    4.88,    4.84
 383, 18,   2, 4972.07,    0.00,    4.88,   -4.80,    0.17,    7.96,    4.79,    4.75
 384, 19,   2, 4986.07,    0.00,    4.90,   -4.76,    0.06,    7.83,    4.71,    4.66
 385, 20,   2, 5000.08,    0.00,    4.91,   -4.71,   -0.04,    7.70,    4.62,    4.58
 386, 21,   2, 5014.08,    0.00,    4.93,   -4.66,   -0.15,    7.56,    4.54,    4.50
 387, 22,   2, 5028.09,    0.00,    4.94,   -4.61,   -0.24,    7.43,    4.46,    4.42
 388, 23,   2, 5042.09,    0.00,    4.95,   -4.56,   -0.34,    7.30,    4.38,    4.34
 389, 24,   2, 5056.09,    0.00,    4.97,   -4.50,   -0.43,    7.17,    4.30,    4.26
 390, 25,   2, 5070.10,    0.00,    4.98,   -4.44,   -0.52,    7.03,    4.22,    4.18
 391, 26,   2, 5084.10,    0.00,    4.99,   -4.37,   -0.61,    6.90,    4.14,    4.10
 392, 27,   2, 5098.11,    0.00,    5.01,   -4.30,   -0.69,    6.77,    4.07,    4.03
 393, 28,   2, 5112.11,    0.00,    5.02,   -4.23,   -0.77,    6.65,    3.99,    3.96
 394, 29,   2, 5126.11,    0.00,    5.04,   -4.15,   -0.85,    6.52,    3.92,    3.89
 395, 30,   2, 5140.12,    0.00,    5.05,   -4.07,   -0.93,    6.39,    3.85,    3.82
 396, 31,   2, 5154.12,    0.00,    5.06,   -3.99,   -1.00,    6.26,    3.78,    3.75
 397, 32,   2, 5168.12,    0.00,    5.08,   -3.90,   -1.07,    6.14,    3.71,    3.68
 398, 33,   2, 5182.13,    0.00,    5.09,   -3.81,   -1.13,    6.02,    3.65,    3.61
 399, 34,   2, 5196.13,    0.00,    5.10,   -3.72,   -1.19,    5.89,    3.58,    3.55
 400, 35,   2, 5210.14,    0.00,    5.12,   -3.63,   -1.25,    5.77,    3.52,    3.49
 401, 36,   2, 5224.14,    0.00,    5.13,   -3.53,   -1.31,    5.65,    3.46,    3.43
 402, 37,   2, 5238.14,    0.00,    5.15,   -3.42,   -1.36,    5.53,    3.40,    3.37
 403, 38,   2, 5252.15,    0.00,    5.16,   -3.32,   -1.41,    5.41,    3.34,    3.31
 404, 39,   2, 5266.15,    0.00,    5.17,   -3.21,   -1.46,    5.29,    3.28,    3.25
 405, 40,   2, 5280.16,    0.00,    5.19,   -3.09,   -1.50,    5.18,    3.23,    3.20
 406, 41,   2, 5294.16,    0.00,    5.20,   -2.98,   -1.54,    5.06,    3.17,    3.15
 407, 42,   2, 5308.16,    0.00,    5.21,   -2.86,   -1.58,    4.95,    3.12,    3.10
 408, 43,   2, 5322.17,    0.00,    5.23,   -2.74,   -1.61,    4.84,    3.07,    3.05
 409, 44,   2, 5336.17,    0.00,    5.24,   -2.61,   -1.64,    4.73,    3.02,    3.00
 410, 45,   2, 5350.18,    0.00,    5.26,   -2.48,   -1.67,    4.62,    2.98,    2.95
 411, 46,   2, 5364.18,    0.00,    5.27,   -2.35,   -1.69,    4.51,    2.93,    2.91
 412, 47,   2, 5378.18,    0.00,    5.28,   -2.22,   -1.71,    4.40,    2.89,    2.86
 413, 48,   2, 5392.19,    0.00,    5.30,   -2.08,   -1.73,    4.30,    2.84,    2.82
 414, 49,   2, 5406.19,    0.00,    5.31,   -1.94,   -1.74,    4.19,    2.80,    2.78
 415, 50,   2, 5420.20,    0.00,    5.33,   -1.80,   -1.75,    4.09,    2.76,    2.75
 416, 51,   2, 5434.20,    0.00,    5.34,   -1.66,   -1.76,    3.99,    2.73,    2.71
 417, 52,   2, 5448.20,    0.00,    5.35,   -1.51,   -1.76,    3.89,    2.69,    2.67
 418, 53,   2, 5462.21,    0.00,    5.37,   -1.36,   -1.76,    3.80,    2.66,    2.64
 419, 54,   2, 5476.21,    0.00,    5.38,   -1.20,   -1.76,    3.70,    2.63,    2.61
 420, 55,   2, 5490.21,    0.00,    5.39,   -1.05,   -1.75,    3.61,    2.60,    2.58
 421, 56,   2, 5504.22,    0.00,    5.41,   -0.89,   -1.74,    3.52,    2.57,    2.55
 422, 57,   2, 5518.22,    0.00,    5.42,   -0.73,   -1.73,    3.43,    2.54,    2.53
 423, 58,   2, 5532.23,    0.00,    5.44,   -0.57,   -1.71,    3.34,    2.52,    2.50
 424, 59,   2, 5546.23,    0.00,    5.45,   -0.40,   -1.69,    3.25,    2.49,    2.48
 425, 60,   2, 5560.23,    0.00,    5.46,   -0.23,   -1.67,    3.17,    2.47,    2.46
 426, 61,   2, 5574.24,    0.00,    5.48,   -0.06,   -1.64,    3.08,    2.45,    2.44
 427, 62,   2, 5588.24,    0.00,    5.49,    0.11,   -1.61,    3.00,    2.43,    2.42
 428, 63,   2, 5602.25,    0.00,    5.50,    0.28,   -1.58,    2.93,    2.42,    2.41
 429, 64,   2, 5616.25,    0.00,    5.52,    0.46,   -1.54,    2.85,    2.40,    2.39
 430, 65,   2, 5630.25,    0.00,    5.53,    0.64,   -1.50,    2.77,    2.39,    2.38
 431, 66,   2, 5644.26,    0.00,    5.55,    0.82,   -1.46,    2.70,    2.38,    2.37
 432, 67,   2, 5658.26,    0.00,    5.56,    1.00,   -1.41,    2.63,    2.37,    2.36
 433, 68,   2, 5672.27,    0.00,    5.57,    1.19,   -1.36,    2.56,    2.36,    2.36
 434, 69,   2, 5686.27,    0.00,    5.59,    1.37,   -1.31,    2.49,    2.35,    2.35
 435, 70,   2, 5700.27,    0.00,    5.60,    1.56,   -1.25,    2.43,    2.35,    2.35
 436, 71,   2, 5714.28,    0.00,    5.61,    1.75,   -1.19,    2.37,    2.35,    2.34
 437, 72,   2, 5728.28,    0.00,    5.63,    1.95,   -1.13,    2.31,    2.34,    2.34
 438, 73,   2, 5742.29,    0.00,    5.64,    2.14,   -1.07,    2.25,    2.34,    2.35
 439, 74,   2, 5756.29,    0.00,    5.66,    2.33,   -1.00,    2.19,    2.35,    2.35
 440, 75,   2, 5770.29,    0.00,    5.67,    2.53,   -0.93,    2.14,    2.35,    2.35
 441, 76,   2, 5784.30,    0.00,    5.68,    2.73,   -0.85,    2.09,    2.36,    2.36
 442, 77,   2, 5798.30,    0.00,    5.70,    2.93,   -0.77,    2.04,    2.36,    2.37
 443, 78,   2, 5812.30,    0.00,    5.71,    3.13,   -0.69,    1.99,    2.37,    2.38
 444, 79,   2, 5826.31,    0.00,    5.72,    3.33,   -0.61,    1.94,    2.38,    2.39
 445, 80,   2, 5840.31,    0.00,    5.74,    3.54,   -0.52,    1.90,    2.40,    2.40
 446, 81,   2, 5854.32,    0.00,    5.75,    3.74,   -0.43,    1.86,    2.41,    2.42
 447, 82,   2, 5868.32,    0.00,    5.77,    3.95,   -0.34,    1.82,    2.43,    2.44
 448, 83,   2, 5882.32,    0.00,    5.78,    4.15,   -0.24,    1.78,    2.44,    2.45
 449, 84,   2, 5896.33,    0.00,    5.79,    4.36,   -0.15,    1.75,    2.46,    2.47
 450, 85,   2, 5910.33,    0.00,    5.81,    4.57,   -0.04,    1.72,    2.48,    2.50
 451, 86,   2, 5924.34,    0.00,    5.82,    4.78,    0.06,    1.69,    2.51,    2.52
 452, 87,   2, 5938.34,    0.00,    5.83,    4.99,    0.17,    1.66,    2.53,    2.54
 453, 88,   2, 5952.34,    0.00,    5.85,    5.20,    0.28,    1.64,    2.56,    2.57
 454, 89,   2, 5966.35,    0.00,    5.86,    5.41,    0.39,    1.62,    2.58,    2.60
 455, 90,   2, 5980.35,    0.00,    5.88,    5.62,    0.51,    1.60,    2.61,    2.63
 456, 91,   2, 5994.36,    0.00,    5.89,    5.84,    0.62,    1.58,    2.64,    2.66
 457, 92,   2, 6008.36,    0.00,    5.90,    6.05,    0.74,    1.56,    2.67,    2.69
 458, 93,   2, 6022.36,    0.00,    5.92,    6.26,    0.87,    1.55,    2.71,    2.73
 459, 94,   2, 6036.37,    0.00,    5.93,    6.48,    0.99,    1.54,    2.74,    2.76
 460, 95,   2, 6050.37,    0.00,    5.94,    6.69,    1.12,    1.53,    2.78,    2.80
 461, 96,   2, 6064.38,    0.00,    5.96,    6.91,    1.25,    1.53,    2.82,    2.84
 462, 97,   2, 6078.38,    0.00,    5.97,    7.12,    1.38,    1.52,    2.86,    2.88
 463, 98,   2, 6092.38,    0.00,    5.99,    7.34,    1.52,    1.52,    2.90,    2.92
 464, 99,   2, 6106.39,    0.00,    6.00,    7.55,    1.66,    1.52,    2.94,    2.96
 465,100,   2, 1014.00,    0.00,    1.00,    7.77,    1.80,    1.53,    2.98,    3.10
 466,101,   2, 1028.00,    0.00,    1.01,    7.98,    1.94,    1.53,    3.20,    3.31
 467,102,   2, 1042.00,    0.00,    1.02,    8.20,    2.09,    1.54,    3.40,    3.51
 468,103,   2, 1056.00,    0.00,    1.04,    8.41,    2.23,    1.55,    3.61,    3.71
 469,104,   2, 1070.00,    0.00,    1.05,    8.63,    2.38,    1.56,    3.81,    3.91
 470,105,   2, 1084.00,    0.00,    1.06,    8.84,    2.53,    1.58,    4.01,    4.11
 471,106,   2, 1098.00,    0.00,    1.08,    9.06,    2.69,    1.60,    4.20,    4.30
 472,107,   2, 1112.01,    0.00,    1.09,    9.27,    2.84,    1.62,    4.39,    4.49
 473,108,   2, 1126.01,    0.00,    1.11,    9.48,    3.00,    1.64,    4.58,    4.68
 474,109,   2, 1140.01,    0.00,    1.12,    9.69,    3.16,    1.66,    4.77,    4.86
 475,110,   2, 1154.01,    0.00,    1.13,    9.91,    3.32,    1.69,    4.95,    5.05
 476,111,   2, 1168.01,    0.00,    1.15,   10.12,    3.48,    1.72,    5.13,    5.23
 477,112,   2, 1182.01,    0.00,    1.16,   10.33,    3.65,    1.75,    5.31,    5.41
 478,113,   2, 1196.01,    0.00,    1.18,   10.54,    3.81,    1.78,    5.49,    5.59
 479,114,   2, 1210.01,    0.00,    1.19,   10.74,    3.98,    1.82,    5.67,    5.76
 480,115,   2, 1224.01,    0.00,    1.20,   10.95,    4.15,    1.86,    5.84,    5.94
 481,116,   2, 1238.01,    0.00,    1.22,   11.16,    4.32,    1.90,    6.02,    6.11
 482,117,   2, 1252.02,    0.00,    1.23,   11.36,    4.50,    1.94,    6.19,    6.28
 483,118,   2, 1266.02,    0.00,    1.24,   11.57,    4.67,    1.99,    6.36,    6.45
 484,119,   2, 1280.02,    0.00,    1.26,   11.77,    4.85,    2.04,    6.53,    6.62
 485,120,   2, 1294.02,    0.00,    1.27,   11.97,    5.02,    2.09,    6.70,    6.79
 486,121,   2, 1308.02,    0.00,    1.29,   12.17,    5.20,    2.14,    6.86,    6.95
 487,122,   2, 1322.02,    0.00,    1.30,   12.37,    5.38,    2.19,    7.03,    7.12
 488,123,   2, 1336.02,    0.00,    1.31,   12.57,    5.56,    2.25,    7.20,    7.28
 489,124,   2, 1350.02,    0.00,    1.33,   12.76,    5.74,    2.31,    7.36,    7.44
 490,125,   2, 1364.02,    0.00,    1.34,   12.96,    5.93,    2.37,    7.52,    7.61
 491,126,   2, 1378.02,    0.00,    1.35,   13.15,    6.11,    2.43,    7.68,    7.77
 492,127,   2, 1392.02,    0.00,    1.37,   13.34,    6.30,    2.49,    7.84,    7.93
 493,128,   2, 1406.03,    0.00,    1.38,   13.53,    6.48,    2.56,    8.00,    8.09
 494,129,   2, 1420.03,    0.00,    1.40,   13.72,    6.67,    2.63,    8.16,    8.24
 495,130,   2, 1434.03,    0.00,    1.41,   13.90,    6.86,    2.70,    8.32,    8.40
 496,131,   2, 1448.03,    0.00,    1.42,   14.09,    7.05,    2.77,    8.48,    8.56
 497,132,   2, 1462.03,    0.00,    1.44,   14.27,    7.24,    2.85,    8.63,    8.71
 498,133,   2, 1476.03,    0.00,    1.45,   14.45,    7.43,    2.93,    8.79,    8.87
 499,134,   2, 1490.03,    0.00,    1.46,   14.63,    7.62,    3.00,    8.94,    9.02
 500,135,   2, 1504.03,    0.00,    1.48,   14.80,    7.81,    3.08,    9.09,    9.17
 501,136,   2, 1518.03,    0.00,    1.49,   14.98,    8.00,    3.17,    9.25,    9.33
 502,137,   2, 1532.03,    0.00,    1.51,   15.15,    8.19,    3.25,    9.40,    9.48
 503,138,   2, 1546.04,    0.00,    1.52,   15.32,    8.39,    3.34,    9.55,    9.63
 504,139,   2, 1560.04,    0.00,    1.53,   15.48,    8.58,    3.43,    9.70,    9.78
 505,140,   2, 1574.04,    0.00,    1.55,   15.65,    8.77,    3.52,    9.85,    9.92
 506,141,   2, 1588.04,    0.00,    1.56,   15.81,    8.97,    3.61,    9.99,   10.07
 507,142,   2, 1602.04,    0.00,    1.57,   15.97,    9.16,    3.70,   10.14,   10.22
 508,143,   2, 1616.04,    0.00,    1.59,   16.13,    9.35,    3.80,   10.29,   10.36
 509,144,   2, 1630.04,    0.00,    1.60,   16.28,    9.55,    3.89,   10.43,   10.51
 510,145,   2, 1644.04,    0.00,    1.62,   16.43,    9.74,    3.99,   10.58,   10.65
 511,146,   2, 1658.04,    0.00,    1.63,   16.58,    9.94,    4.09,   10.72,   10.80
 512,147,   2, 1672.04,    0.00,    1.64,   16.73,   10.13,    4.19,   10.87,   10.94
 513,148,   2, 1686.05,    0.00,    1.66,   16.87,   10.32,    4.30,   11.01,   11.08
 514,149,   2, 1700.05,    0.00,    1.67,   17.01,   10.52,    4.40,   11.15,   11.22
 515,150,   2, 1714.05,    0.00,    1.68,   17.15,   10.71,    4.51,   11.29,   11.36
 516,151,   2, 1728.05,    0.00,    1.70,   17.29,   10.90,    4.62,   11.43,   11.50
 517,152,   2, 1742.05,    0.00,    1.71,   17.42,   11.09,    4.73,   11.57,   11.64
 518,153,   2, 1756.05,    0.00,    1.73,   17.55,   11.29,    4.84,   11.71,   11.78
 519,154,   2, 1770.05,    0.00,    1.74,   17.68,   11.48,    4.95,   11.84,   11.92
 520,155,   2, 1784.05,    0.00,    1.75,   17.80,   11.67,    5.06,   11.98,   12.05
 521,156,   2, 1798.05,    0.00,    1.77,   17.92,   11.86,    5.18,   12.11,   12.18
 522,157,   2, 1812.05,    0.00,    1.78,   18.04,   12.05,    5.29,   12.25,   12.32
 523,158,   2, 1826.06,    0.00,    1.79,   18.15,   12.23,    5.41,   12.38,   12.45
 524,159,   2, 1840.06,    0.00,    1.81,   18.26,   12.42,    5.53,   12.51,   12.58
 525,160,   2, 1854.06,    0.00,    1.82,   18.37,   12.61,    5.65,   12.64,   12.71
 526,161,   2, 1868.06,    0.00,    1.84,   18.47,   12.79,    5.77,   12.77,   12.84
 527,162,   2, 1882.06,    0.00,    1.85,   18.58,   12.98,    5.89,   12.90,   12.97
 528,163,   2, 1896.06,    0.00,    1.86,   18.67,   13.16,    6.02,   13.03,   13.09
 529,164,   2, 1910.06,    0.00,    1.88,   18.77,   13.35,    6.14,   13.15,   13.22
 530,165,   2, 1924.06,    0.00,    1.89,   18.86,   13.53,    6.26,   13.28,   13.34
 531,166,   2, 1938.06,    0.00,    1.90,   18.95,   13.71,    6.39,   13.40,   13.46
 532,167,   2, 1952.06,    0.00,    1.92,   19.03,   13.89,    6.52,   13.52,   13.59
 533,168,   2, 1966.06,    0.00,    1.93,   19.11,   14.07,    6.65,   13.64,   13.71
 534,169,   2, 1980.07,    0.00,    1.95,   19.19,   14.24,    6.77,   13.76,   13.82
 535,170,   2, 1994.07,    0.00,    1.96,   19.27,   14.42,    6.90,   13.88,   13.94
 536,171,   2, 2008.07,    0.00,    1.97,   19.34,   14.59,    7.03,   14.00,   14.06
 537,172,   2, 2022.07,    0.00,    1.99,   19.40,   14.76,    7.17,   14.11,   14.17
 538,173,   2, 2036.07,    0.00,    2.00,   19.47,   14.93,    7.30,   14.23,   14.29
 539,174,   2, 2050.07,    0.00,    2.01,   19.53,   15.10,    7.43,   14.34,   14.40
 540,175,   2, 2064.07,    0.00,    2.03,   19.59,   15.27,    7.56,   14.45,   14.51
 541,176,   2, 2078.07,    0.00,    2.04,   19.64,   15.44,    7.70,   14.56,   14.62
 542,177,   2, 2092.06,    0.00,    2.06,   19.69,   15.60,    7.83,   14.67,   14.72
 543,178,   2, 2106.06,    0.00,    2.07,   19.73,   15.76,    7.96,   14.78,   14.83
 544,179,   2, 2120.06,    0.00,    2.08,   19.78,   15.92,    8.10,   14.88,   14.93
 545,180,   2, 2134.06,    0.00,    2.10,   19.82,   16.08,    8.23,   14.98,   15.04
 546,181,   2, 2148.06,    0.00,    2.11,   19.85,   16.24,    8.37,   15.09,   15.14
 547,182,   2, 2162.05,    0.00,    2.12,   19.88,   16.39,    8.51,   15.19,   15.24
 548,183,   2, 2176.05,    0.00,    2.14,   19.91,   16.54,    8.64,   15.29,   15.34
 549,184,   2, 2190.05,    0.00,    2.15,   19.93,   16.69,    8.78,   15.38,   15.43
 550,185,   2, 2204.05,    0.00,    2.17,   19.95,   16.84,    8.92,   15.48,   15.53
 551,186,   2, 2218.05,    0.00,    2.18,   19.97,   16.99,    9.05,   15.57,   15.62
 552,187,   2, 2232.04,    0.00,    2.19,   19.98,   17.13,    9.19,   15.67,   15.71
 553,188,   2, 2246.04,    0.00,    2.21,   19.99,   17.27,    9.33,   15.76,   15.80
 554,189,   2, 2260.04,    0.00,    2.22,   20.00,   17.41,    9.47,   15.85,   15.89
 555,190,   2, 2274.04,    0.00,    2.23,   20.00,   17.55,    9.60,   15.93,   15.98
 556,191,   2, 2288.04,    0.00,    2.25,   20.00,   17.68,    9.74,   16.02,   16.06
 557,192,   2, 2302.04,    0.00,    2.26,   19.99,   17.81,    9.88,   16.10,   16.15
 558,193,   2, 2316.03,    0.00,    2.28,   19.98,   17.94,   10.01,   16.19,   16.23
 559,194,   2, 2330.03,    0.00,    2.29,   19.97,   18.07,   10.15,   16.27,   16.31
 560,195,   2, 2344.03,    0.00,    2.30,   19.95,   18.20,   10.29,   16.35,   16.39
 561,196,   2, 2358.03,    0.00,    2.32,   19.93,   18.32,   10.43,   16.42,   16.46
 562,197,   2, 2372.03,    0.00,    2.33,   19.91,   18.44,   10.56,   16.50,   16.54
 563,198,   2, 2386.02,    0.00,    2.34,   19.88,   18.55,   10.70,   16.57,   16.61
 564,199,   2, 2400.02,    0.00,    2.36,   19.85,   18.67,   10.83,   16.64,   16.68
 565,200,   2, 2414.02,    0.00,    2.37,   19.82,   18.78,   10.97,   16.71,   16.75
 566,201,   2, 2428.02,    0.00,    2.39,   19.78,   18.89,   11.10,   16.78,   16.81
 567,202,   2, 2442.02,    0.00,    2.40,   19.73,   18.99,   11.24,   16.85,   16.88
 568,203,   2, 2456.01,    0.00,    2.41,   19.69,   19.09,   11.37,   16.91,   16.94
 569,204,   2, 2470.01,    0.00,    2.43,   19.64,   19.20,   11.50,   16.97,   17.00
 570,205,   2, 2484.01,    0.00,    2.44,   19.59,   19.29,   11.64,   17.03,   17.06
 571,206,   2, 2498.01,    0.00,    2.45,   19.53,   19.39,   11.77,   17.09,   17.12
 572,207,   2, 2512.01,    0.00,    2.47,   19.47,   19.48,   11.90,   17.15,   17.17
 573,208,   2, 2526.00,    0.00,    2.48,   19.40,   19.57,   12.03,   17.20,   17.23
 574,209,   2, 2540.00,    0.00,    2.50,   19.34,   19.65,   12.16,   17.25,   17.28
 575,210,   2, 2554.00,    0.00,    2.51,   19.27,   19.73,   12.29,   17.30,   17.33
 576,211,   2, 2568.00,    0.00,    2.52,   19.19,   19.81,   12.42,   17.35,   17.38
 577,212,   2, 2582.00,    0.00,    2.54,   19.11,   19.89,   12.55,   17.40,   17.42
 578,213,   2, 2595.99,    0.00,    2.55,   19.03,   19.96,   12.67,   17.44,   17.47
 579,214,   2, 2609.99,    0.00,    2.56,   18.95,   20.03,   12.80,   17.49,   17.51
 580,215,   2, 2623.99,    0.00,    2.58,   18.86,   20.10,   12.92,   17.53,   17.55
 581,216,   2, 2637.99,    0.00,    2.59,   18.77,   20.16,   13.05,   17.57,   17.59
 582,217,   2, 2651.99,    0.00,    2.61,   18.67,   20.22,   13.17,   17.60,   17.62
 583,218,   2, 2665.98,    0.00,    2.62,   18.58,   20.28,   13.29,   17.64,   17.65
 584,219,   2, 2679.98,    0.00,    2.63,   18.47,   20.34,   13.41,   17.67,   17.69
 585,220,   2, 2693.98,    0.00,    2.65,   18.37,   20.39,   13.53,   17.70,   17.72
 586,221,   2, 2707.98,    0.00,    2.66,   18.26,   20.44,   13.65,   17.73,   17.74
 587,222,   2, 2721.98,    0.00,    2.67,   18.15,   20.48,   13.76,   17.76,   17.77
 588,223,   2, 2735.97,    0.00,    2.69,   18.04,   20.52,   13.88,   17.78,   17.79
 589,224,   2, 2749.97,    0.00,    2.70,   17.92,   20.56,   13.99,   17.80,   17.81
 590,225,   2, 2763.97,    0.00,    2.72,   17.80,   20.59,   14.11,   17.82,   17.83
 591,226,   2, 2777.97,    0.00,    2.73,   17.68,   20.63,   14.22,   17.84,   17.85
 592,227,   2, 2791.97,    0.00,    2.74,   17.55,   20.65,   14.33,   17.86,   17.87
 593,228,   2, 2805.96,    0.00,    2.76,   17.42,   20.68,   14.44,   17.87,   17.88
 594,229,   2, 2819.96,    0.00,    2.77,   17.29,   20.70,   14.54,   17.89,   17.89
 595,230,   2, 2833.96,    0.00,    2.78,   17.15,   20.72,   14.65,   17.90,   17.90
 596,231,   2, 2847.96,    0.00,    2.80,   17.01,   20.73,   14.75,   17.90,   17.91
 597,232,   2, 2861.96,    0.00,    2.81,   16.87,   20.75,   14.86,   17.91,   17.91
 598,233,   2, 2875.96,    0.00,    2.83,   16.73,   20.75,   14.96,   17.91,   17.92
 599,234,   2, 2889.95,    0.00,    2.84,   16.58,   20.76,   15.06,   17.92,   17.92
 600,235,   2, 2903.95,    0.00,    2.85,   16.43,   20.76,   15.15,   17.92,   17.92
 601,236,   2, 2917.95,    0.00,    2.87,   16.28,   20.76,   15.25,   17.92,   17.91
 602,237,   2, 2931.95,    0.00,    2.88,   16.13,   20.75,   15.35,   17.91,   17.91
 603,238,   2, 2945.95,    0.00,    2.89,   15.97,   20.75,   15.44,   17.91,   17.90
 604,239,   2, 2959.94,    0.00,    2.91,   15.81,   20.73,   15.53,   17.90,   17.89
 605,240,   2, 2973.94,    0.00,    2.92,   15.65,   20.72,   15.62,   17.89,   17.88
 606,241,   2, 2987.94,    0.00,    2.94,   15.48,   20.70,   15.70,   17.88,   17.87
 607,242,   2, 3001.94,    0.00,    2.95,   15.32,   20.68,   15.79,   17.86,   17.85
 608,243,   2, 3015.94,    0.00,    2.96,   15.15,   20.65,   15.87,   17.85,   17.84
 609,244,   2, 3029.93,    0.00,    2.98,   14.98,   20.63,   15.96,   17.83,   17.82
 610,245,   2, 3043.93,    0.00,    2.99,   14.80,   20.59,   16.04,   17.81,   17.80
 611,246,   2, 3057.93,    0.00,    3.00,   14.63,   20.56,   16.11,   17.79,   17.78
 612,247,   2, 3071.93,    0.00,    3.02,   14.45,   20.52,   16.19,   17.76,   17.75
 613,248,   2, 3085.93,    0.00,    3.03,   14.27,   20.48,   16.26,   17.74,   17.72
 614,249,   2, 3099.92,    0.00,    3.05,   14.09,   20.44,   16.33,   17.71,   17.70
 615,250,   2, 3113.92,    0.00,    3.06,   13.90,   20.39,   16.40,   17.68,   17.67
 616,251,   2, 3127.92,    0.00,    3.07,   13.72,   20.34,   16.47,   17.65,   17.63
 617,252,   2, 3141.92,    0.00,    3.09,   13.53,   20.28,   16.54,   17.62,   17.60
 618,253,   2, 3155.92,    0.00,    3.10,   13.34,   20.22,   16.60,   17.58,   17.56
 619,254,   2, 3169.91,    0.00,    3.11,   13.15,   20.16,   16.66,   17.54,   17.52
 620,255,   2, 3183.91,    0.00,    3.13,   12.96,   20.10,   16.72,   17.51,   17.48
 621,256,   2, 3197.91,    0.00,    3.14,   12.76,   20.03,   16.78,   17.46,   17.44
 622,257,   2, 3211.91,    0.00,    3.16,   12.57,   19.96,   16.84,   17.42,   17.40
 623,258,   2, 3225.91,    0.00,    3.17,   12.37,   19.89,   16.89,   17.38,   17.35
 624,259,   2, 3239.90,    0.00,    3.18,   12.17,   19.81,   16.94,   17.33,   17.31
 625,260,   2, 3253.90,    0.00,    3.20,   11.97,   19.73,   16.99,   17.28,   17.26
 626,261,   2, 3267.90,    0.00,    3.21,   11.77,   19.65,   17.03,   17.23,   17.21
 627,262,   2, 3281.90,    0.00,    3.22,   11.57,   19.57,   17.08,   17.18,   17.15
 628,263,   2, 3295.90,    0.00,    3.24,   11.36,   19.48,   17.12,   17.13,   17.10
 629,264,   2, 3309.89,    0.00,    3.25,   11.16,   19.39,   17.16,   17.07,   17.04
 630,265,   2, 3323.89,    0.00,    3.27,   10.95,   19.29,   17.20,   17.02,   16.99
 631,266,   2, 3337.89,    0.00,    3.28,   10.74,   19.20,   17.23,   16.96,   16.93
 632,267,   2, 3351.89,    0.00,    3.29,   10.54,   19.09,   17.27,   16.90,   16.86
 633,268,   2, 3365.89,    0.00,    3.31,   10.33,   18.99,   17.30,   16.83,   16.80
 634,269,   2, 3379.88,    0.00,    3.32,   10.12,   18.89,   17.32,   16.77,   16.74
 635,270,   2, 3393.88,    0.00,    3.33,    9.91,   18.78,   17.35,   16.71,   16.67
 636,271,   2, 3407.88,    0.00,    3.35,    9.69,   18.67,   17.37,   16.64,   16.60
 637,272,   2, 3421.88,    0.00,    3.36,    9.48,   18.55,   17.39,   16.57,   16.53
 638,273,   2, 3435.88,    0.00,    3.38,    9.27,   18.44,   17.41,   16.50,   16.46
 639,274,   2, 3449.88,    0.00,    3.39,    9.06,   18.32,   17.43,   16.43,   16.39
 640,275,   2, 3463.87,    0.00,    3.40,    8.84,   18.20,   17.44,   16.35,   16.32
 641,276,   2, 3477.87,    0.00,    3.42,    8.63,   18.07,   17.46,   16.28,   16.24
 642,277,   2, 3491.87,    0.00,    3.43,    8.41,   17.94,   17.47,   16.20,   16.16
 643,278,   2, 3505.87,    0.00,    3.44,    8.20,   17.81,   17.47,   16.13,   16.08
 644,279,   2, 3519.87,    0.00,    3.46,    7.98,   17.68,   17.48,   16.05,   16.00
 645,280,   2, 3533.86,    0.00,    3.47,    7.77,   17.55,   17.48,   15.96,   15.92
 646,281,   2, 3547.86,    0.00,    3.49,    7.55,   17.41,   17.48,   15.88,   15.84
 647,282,   2, 3561.86,    0.00,    3.50,    7.34,   17.27,   17.48,   15.80,   15.75
 648,283,   2, 3575.86,    0.00,    3.51,    7.12,   17.13,   17.47,   15.71,   15.67
 649,284,   2, 3589.86,    0.00,    3.53,    6.91,   16.99,   17.47,   15.63,   15.58
 650,285,   2, 3603.85,    0.00,    3.54,    6.69,   16.84,   17.46,   15.54,   15.49
 651,286,   2, 3617.85,    0.00,    3.55,    6.48,   16.69,   17.44,   15.45,   15.40
 652,287,   2, 3631.85,    0.00,    3.57,    6.26,   16.54,   17.43,   15.36,   15.31
 653,288,   2, 3645.85,    0.00,    3.58,    6.05,   16.39,   17.41,   15.27,   15.22
 654,289,   2, 3659.85,    0.00,    3.60,    5.84,   16.24,   17.39,   15.18,   15.13
 655,290,   2, 3673.84,    0.00,    3.61,    5.62,   16.08,   17.37,   15.08,   15.03
 656,291,   2, 3687.84,    0.00,    3.62,    5.41,   15.92,   17.35,   14.99,   14.94
 657,292,   2, 3701.84,    0.00,    3.64,    5.20,   15.76,   17.32,   14.89,   14.84
 658,293,   2, 3715.84,    0.00,    3.65,    4.99,   15.60,   17.30,   14.79,   14.74
 659,294,   2, 3729.84,    0.00,    3.66,    4.78,   15.44,   17.27,   14.69,   14.64
 660,295,   2, 3743.83,    0.00,    3.68,    4.57,   15.27,   17.23,   14.59,   14.54
 661,296,   2, 3757.83,    0.00,    3.69,    4.36,   15.10,   17.20,   14.49,   14.44
 662,297,   2, 3771.83,    0.00,    3.71,    4.15,   14.93,   17.16,   14.39,   14.34
 663,298,   2, 3785.83,    0.00,    3.72,    3.95,   14.76,   17.12,   14.29,   14.23
 664,299,   2, 3799.83,    0.00,    3.73,    3.74,   14.59,   17.08,   14.18,   14.13
 665,300,   2, 3813.82,    0.00,    3.75,    3.54,   14.42,   17.03,   14.08,   14.02
 666,301,   2, 3827.82,    0.00,    3.76,    3.33,   14.24,   16.99,   13.97,   13.92
 667,302,   2, 3841.82,    0.00,    3.77,    3.13,   14.07,   16.94,   13.86,   13.81
 668,303,   2, 3855.82,    0.00,    3.79,    2.93,   13.89,   16.89,   13.76,   13.70
 669,304,   2, 3869.82,    0.00,    3.80,    2.73,   13.71,   16.84,   13.65,   13.59
 670,305,   2, 3883.81,    0.00,    3.82,    2.53,   13.53,   16.78,   13.54,   13.48
 671,306,   2, 3897.81,    0.00,    3.83,    2.33,   13.35,   16.72,   13.43,   13.37
 672,307,   2, 3911.81,    0.00,    3.84,    2.14,   13.16,   16.66,   13.32,   13.26
 673,308,   2, 3925.81,    0.00,    3.86,    1.95,   12.98,   16.60,   13.21,   13.15
 674,309,   2, 3939.81,    0.00,    3.87,    1.75,   12.79,   16.54,   13.09,   13.03
 675,310,   2, 3953.80,    0.00,    3.88,    1.56,   12.61,   16.47,   12.98,   12.92
 676,311,   2, 3967.80,    0.00,    3.90,    1.37,   12.42,   16.40,   12.87,   12.81
 677,312,   2, 3981.80,    0.00,    3.91,    1.19,   12.23,   16.33,   12.75,   12.69
 678,313,   2, 3995.80,    0.00,    3.93,    1.00,   12.05,   16.26,   12.64,   12.58
 679,314,   2, 4009.80,    0.00,    3.94,    0.82,   11.86,   16.19,   12.52,   12.46
 680,315,   2, 4023.79,    0.00,    3.95,    0.64,   11.67,   16.11,   12.40,   12.34
 681,316,   2, 4037.79,    0.00,    3.97,    0.46,   11.48,   16.04,   12.29,   12.23
 682,317,   2, 4051.79,    0.00,    3.98,    0.28,   11.29,   15.96,   12.17,   12.11
 683,318,   2, 4065.79,    0.00,    3.99,    0.11,   11.09,   15.87,   12.05,   11.99
 684,319,   2, 4079.79,    0.00,    4.01,   -0.06,   10.90,   15.79,   11.93,   11.87
 685,320,   2, 4093.79,    0.00,    4.02,   -0.23,   10.71,   15.70,   11.82,   11.75
 686,321,   2, 4107.79,    0.00,    4.04,   -0.40,   10.52,   15.62,   11.70,   11.63
 687,322,   2, 4121.79,    0.00,    4.05,   -0.57,   10.32,   15.53,   11.58,   11.52
 688,323,   2, 4135.80,    0.00,    4.06,   -0.73,   10.13,   15.44,   11.46,   11.40
 689,324,   2, 4149.80,    0.00,    4.08,   -0.89,    9.94,   15.35,   11.34,   11.28
 690,325,   2, 4163.80,    0.00,    4.09,   -1.05,    9.74,   15.25,   11.22,   11.16
 691,326,   2, 4177.81,    0.00,    4.10,   -1.20,    9.55,   15.15,   11.10,   11.03
 692,327,   2, 4191.81,    0.00,    4.12,   -1.36,    9.35,   15.06,   10.98,   10.91
 693,328,   2, 4205.82,    0.00,    4.13,   -1.51,    9.16,   14.96,   10.86,   10.79
 694,329,   2, 4219.82,    0.00,    4.15,   -1.66,    8.97,   14.86,   10.74,   10.67
 695,330,   2, 4233.82,    0.00,    4.16,   -1.80,    8.77,   14.75,   10.61,   10.55
 696,331,   2, 4247.83,    0.00,    4.17,   -1.94,    8.58,   14.65,   10.49,   10.43
 697,332,   2, 4261.83,    0.00,    4.19,   -2.08,    8.39,   14.54,   10.37,   10.31
 698,333,   2, 4275.83,    0.00,    4.20,   -2.22,    8.19,   14.44,   10.25,   10.19
 699,334,   2, 4289.84,    0.00,    4.21,   -2.35,    8.00,   14.33,   10.13,   10.07
 700,335,   2, 4303.84,    0.00,    4.23,   -2.48,    7.81,   14.22,   10.01,    9.95
 701,336,   2, 4317.85,    0.00,    4.24,   -2.61,    7.62,   14.11,    9.89,    9.82
 702,337,   2, 4331.85,    0.00,    4.26,   -2.74,    7.43,   13.99,    9.77,    9.70
 703,338,   2, 4345.85,    0.00,    4.27,   -2.86,    7.24,   13.88,    9.65,    9.58
 704,339,   2, 4359.86,    0.00,    4.28,   -2.98,    7.05,   13.76,    9.53,    9.46
 705,340,   2, 4373.86,    0.00,    4.30,   -3.09,    6.86,   13.65,    9.41,    9.34
 706,341,   2, 4387.87,    0.00,    4.31,   -3.21,    6.67,   13.53,    9.29,    9.22
 707,342,   2, 4401.87,    0.00,    4.32,   -3.32,    6.48,   13.41,    9.17,    9.10
 708,343,   2, 4415.87,    0.00,    4.34,   -3.42,    6.30,   13.29,    9.05,    8.98
 709,344,   2, 4429.88,    0.00,    4.35,   -3.53,    6.11,   13.17,    8.93,    8.86
 710,345,   2, 4443.88,    0.00,    4.37,   -3.63,    5.93,   13.05,    8.81,    8.74
 711,346,   2, 4457.89,    0.00,    4.38,   -3.72,    5.74,   12.92,    8.69,    8.63
 712,347,   2, 4471.89,    0.00,    4.39,   -3.81,    5.56,   12.80,    8.57,    8.51
 713,348,   2, 4485.89,    0.00,    4.41,   -3.90,    5.38,   12.67,    8.45,    8.39
 714,349,   2, 4499.90,    0.00,    4.42,   -3.99,    5.20,   12.55,    8.33,    8.27
 715,350,   2, 4513.90,    0.00,    4.43,   -4.07,    5.02,   12.42,    8.22,    8.16
 716,351,   2, 4527.91,    0.00,    4.45,   -4.15,    4.85,   12.29,    8.10,    8.04
 717,352,   2, 4541.91,    0.00,    4.46,   -4.23,    4.67,   12.16,    7.98,    7.92
 718,353,   2, 4555.91,    0.00,    4.48,   -4.30,    4.50,   12.03,    7.87,    7.81
 719,354,   2, 4569.92,    0.00,    4.49,   -4.37,    4.32,   11.90,    7.75,    7.69
 720,355,   2, 4583.92,    0.00,    4.50,   -4.44,    4.15,   11.77,    7.64,    7.58
 721,356,   2, 4597.92,    0.00,    4.52,   -4.50,    3.98,   11.64,    7.53,    7.47
 722,357,   2, 4611.93,    0.00,    4.53,   -4.56,    3.81,   11.50,    7.41,    7.35
 723,358,   2, 4625.93,    0.00,    4.54,   -4.61,    3.65,   11.37,    7.30,    7.24
 724,359,   2, 4639.94,    0.00,    4.56,   -4.66,    3.48,   11.24,    7.19,    7.13
 725,360,   2, 4653.94,    0.00,    4.57,   -4.71,    3.32,   11.10,    7.08,    7.02
 726,361,   2, 4667.94,    0.00,    4.59,   -4.76,    3.16,   10.97,    6.97,    6.91
 727,362,   2, 4681.95,    0.00,    4.60,   -4.80,    3.00,   10.83,    6.86,    6.80
 728,363,   2, 4695.95,    0.00,    4.61,   -4.83,    2.84,   10.70,    6.75,    6.69
 729,364,   2, 4709.96,    0.00,    4.63,   -4.87,    2.69,   10.56,    6.64,    6.59
 730,365,   2, 4723.96,    0.00,    4.64,   -4.90,    2.53,   10.43,    6.54,    6.48
 731,  1,   3, 4734.00,    0.00,    4.65,   -4.92,    2.38,   10.29,    6.43,    6.38
 732,  2,   3, 4748.01,    0.00,    4.66,   -4.94,    2.23,   10.15,    6.33,    6.27
 733,  3,   3, 4762.01,    0.00,    4.68,   -4.96,    2.09,   10.01,    6.22,    6.17
 734,  4,   3, 4776.02,    0.00,    4.69,   -4.98,    1.94,    9.88,    6.12,    6.06
 735,  5,   3, 4790.02,    0.00,    4.71,   -4.99,    1.80,    9.74,    6.02,    5.96
 736,  6,   3, 4804.02,    0.00,    4.72,   -5.00,    1.66,    9.60,    5.91,    5.86
 737,  7,   3, 4818.03,    0.00,    4.73,   -5.00,    1.52,    9.47,    5.81,    5.76
 738,  8,   3, 4832.03,    0.00,    4.75,   -5.00,    1.38,    9.33,    5.72,    5.66
 739,  9,   3, 4846.04,    0.00,    4.76,   -5.00,    1.25,    9.19,    5.62,    5.57
 740, 10,   3, 4860.04,    0.00,    4.77,   -4.99,    1.12,    9.05,    5.52,    5.47
 741, 11,   3, 4874.04,    0.00,    4.79,   -4.98,    0.99,    8.92,    5.43,    5.38
 742, 12,   3, 4888.05,    0.00,    4.80,   -4.96,    0.87,    8.78,    5.33,    5.28
 743, 13,   3, 4902.05,    0.00,    4.82,   -4.94,    0.74,    8.64,    5.24,    5.19
 744, 14,   3, 4916.05,    0.00,    4.83,   -4.92,    0.62,    8.51,    5.15,    5.10
 745, 15,   3, 4930.06,    0.00,    4.84,   -4.90,    0.51,    8.37,    5.05,    5.01
 746, 16,   3, 4944.06,    0.00,    4.86,   -4.87,    0.39,    8.23,    4.96,    4.92
 747, 17,   3, 4958.07,    0.00,    4.87,   -4.83,    0.28,    8.10,    4.88,    4.83
 748, 18,   3, 4972.07,    0.00,    4.88,   -4.80,    0.17,    7.96,    4.79,    4.74
 749, 19,   3, 4986.07,    0.00,    4.90,   -4.76,    0.06,    7.83,    4.70,    4.66
 750, 20,   3, 5000.08,    0.00,    4.91,   -4.71,   -0.04,    7.70,    4.62,    4.57
 751, 21,   3, 5014.08,    0.00,    4.93,   -4.66,   -0.15,    7.56,    4.53,    4.49
 752, 22,   3, 5028.09,    0.00,    4.94,   -4.61,   -0.24,    7.43,    4.45,    4.41
 753, 23,   3, 5042.09,    0.00,    4.95,   -4.56,   -0.34,    7.30,    4.37,    4.33
 754, 24,   3, 5056.09,    0.00,    4.97,   -4.50,   -0.43,    7.17,    4.29,    4.25
 755, 25,   3, 5070.10,    0.00,    4.98,   -4.44,   -0.52,    7.03,    4.21,    4.17
 756, 26,   3, 5084.10,    0.00,    4.99,   -4.37,   -0.61,    6.90,    4.14,    4.10
 757, 27,   3, 5098.11,    0.00,    5.01,   -4.30,   -0.69,    6.77,    4.06,    4.02
 758, 28,   3, 5112.11,    0.00,    5.02,   -4.23,   -0.77,    6.65,    3.99,    3.95
 759, 29,   3, 5126.11,    0.00,    5.04,   -4.15,   -0.85,    6.52,    3.92,    3.88
 760, 30,   3, 5140.12,    0.00,    5.05,   -4.07,   -0.93,    6.39,    3.85,    3.81
 761, 31,   3, 5154.12,    0.00,    5.06,   -3.99,   -1.00,    6.26,    3.78,    3.74
 762, 32,   3, 5168.12,    0.00,    5.08,   -3.90,   -1.07,    6.14,    3.71,    3.67
 763, 33,   3, 5182.13,    0.00,    5.09,   -3.81,   -1.13,    6.02,    3.64,    3.61
 764, 34,   3, 5196.13,    0.00,    5.10,   -3.72,   -1.19,    5.89,    3.58,    3.55
 765, 35,   3, 5210.14,    0.00,    5.12,   -3.63,   -1.25,    5.77,    3.52,    3.48
 766, 36,   3, 5224.14,    0.00,    5.13,   -3.53,   -1.31,    5.65,    3.45,    3.42
 767, 37,   3, 5238.14,    0.00,    5.15,   -3.42,   -1.36,    5.53,    3.39,    3.36
 768, 38,   3, 5252.15,    0.00,    5.16,   -3.32,   -1.41,    5.41,    3.34,    3.31
 769, 39,   3, 5266.15,    0.00,    5.17,   -3.21,   -1.46,    5.29,    3.28,    3.25
 770, 40,   3, 5280.16,    0.00,    5.19,   -3.09,   -1.50,    5.18,    3.22,    3.20
 771, 41,   3, 5294.16,    0.00,    5.20,   -2.98,   -1.54,    5.06,    3.17,    3.14
 772, 42,   3, 5308.16,    0.00,    5.21,   -2.86,   -1.58,    4.95,    3.12,    3.09
 773, 43,   3, 5322.17,    0.00,    5.23,   -2.74,   -1.61,    4.84,    3.07,    3.04
 774, 44,   3, 5336.17,    0.00,    5.24,   -2.61,   -1.64,    4.73,    3.02,    2.99
 775, 45,   3, 5350.18,    0.00,    5.26,   -2.48,   -1.67,    4.62,    2.97,    2.95
 776, 46,   3, 5364.18,    0.00,    5.27,   -2.35,   -1.69,    4.51,    2.93,    2.90
 777, 47,   3, 5378.18,    0.00,    5.28,   -2.22,   -1.71,    4.40,    2.88,    2.86
 778, 48,   3, 5392.19,    0.00,    5.30,   -2.08,   -1.73,    4.30,    2.84,    2.82
 779, 49,   3, 5406.19,    0.00,    5.31,   -1.94,   -1.74,    4.19,    2.80,    2.78
 780, 50,   3, 5420.20,    0.00,    5.33,   -1.80,   -1.75,    4.09,    2.76,    2.74
 781, 51,   3, 5434.20,    0.00,    5.34,   -1.66,   -1.76,    3.99,    2.72,    2.70
 782, 52,   3, 5448.20,    0.00,    5.35,   -1.51,   -1.76,    3.89,    2.69,    2.67
 783, 53,   3, 5462.21,    0.00,    5.37,   -1.36,   -1.76,    3.80,    2.65,    2.64
 784, 54,   3, 5476.21,    0.00,    5.38,   -1.20,   -1.76,    3.70,    2.62,    2.61
 785, 55,   3, 5490.21,    0.00,    5.39,   -1.05,   -1.75,    3.61,    2.59,    2.58
 786, 56,   3, 5504.22,    0.00,    5.41,   -0.89,   -1.74,    3.52,    2.56,    2.55
 787, 57,   3, 5518.22,    0.00,    5.42,   -0.73,   -1.73,    3.43,    2.54,    2.52
 788, 58,   3, 5532.23,    0.00,    5.44,   -0.57,   -1.71,    3.34,    2.51,    2.50
 789, 59,   3, 5546.23,    0.00,    5.45,   -0.40,   -1.69,    3.25,    2.49,    2.48
 790, 60,   3, 5560.23,    0.00,    5.46,   -0.23,   -1.67,    3.17,    2.47,    2.46
 791, 61,   3, 5574.24,    0.00,    5.48,   -0.06,   -1.64,    3.08,    2.45,    2.44
 792, 62,   3, 5588.24,    0.00,    5.49,    0.11,   -1.61,    3.00,    2.43,    2.42
 793, 63,   3, 5602.25,    0.00,    5.50,    0.28,   -1.58,    2.93,    2.41,    2.40
 794, 64,   3, 5616.25,    0.00,    5.52,    0.46,   -1.54,    2.85,    2.40,    2.39
 795, 65,   3, 5630.25,    0.00,    5.53,    0.64,   -1.50,    2.77,    2.38,    2.38
 796, 66,   3, 5644.26,    0.00,    5.55,    0.82,   -1.46,    2.70,    2.37,    2.37
 797, 67,   3, 5658.26,    0.00,    5.56,    1.00,   -1.41,    2.63,    2.36,    2.36
 798, 68,   3, 5672.27,    0.00,    5.57,    1.19,   -1.36,    2.56,    2.36,    2.35
 799, 69,   3, 5686.27,    0.00,    5.59,    1.37,   -1.31,    2.49,    2.35,    2.35
 800, 70,   3, 5700.27,    0.00,    5.60,    1.56,   -1.25,    2.43,    2.34,    2.34
 801, 71,   3, 5714.28,    0.00,    5.61,    1.75,   -1.19,    2.37,    2.34,    2.34
 802, 72,   3, 5728.28,    0.00,    5.63,    1.95,   -1.13,    2.31,    2.34,    2.34
 803, 73,   3, 5742.29,    0.00,    5.64,    2.14,   -1.07,    2.25,    2.34,    2.34
 804, 74,   3, 5756.29,    0.00,    5.66,    2.33,   -1.00,    2.19,    2.34,    2.35
 805, 75,   3, 5770.29,    0.00,    5.67,    2.53,   -0.93,    2.14,    2.35,    2.35
 806, 76,   3, 5784.30,    0.00,    5.68,    2.73,   -0.85,    2.09,    2.35,    2.36
 807, 77,   3, 5798.30,    0.00,    5.70,    2.93,   -0.77,    2.04,    2.36,    2.37
 808, 78,   3, 5812.30,    0.00,    5.71,    3.13,   -0.69,    1.99,    2.37,    2.38
 809, 79,   3, 5826.31,    0.00,    5.72,    3.33,   -0.61,    1.94,    2.38,    2.39
 810, 80,   3, 5840.31,    0.00,    5.74,    3.54,   -0.52,    1.90,    2.39,    2.40
 811, 81,   3, 5854.32,    0.00,    5.75,    3.74,   -0.43,    1.86,    2.41,    2.42
 812, 82,   3, 5868.32,    0.00,    5.77,    3.95,   -0.34,    1.82,    2.42,    2.43
 813, 83,   3, 5882.32,    0.00,    5.78,    4.15,   -0.24,    1.78,    2.44,    2.45
 814, 84,   3, 5896.33,    0.00,    5.79,    4.36,   -0.15,    1.75,    2.46,    2.47
 815, 85,   3, 5910.33,    0.00,    5.81,    4.57,   -0.04,    1.72,    2.48,    2.49
 816, 86,   3, 5924.34,    0.00,    5.82,    4.78,    0.06,    1.69,    2.50,    2.52
 817, 87,   3, 5938.34,    0.00,    5.83,    4.99,    0.17,    1.66,    2.53,    2.54
 818, 88,   3, 5952.34,    0.00,    5.85,    5.20,    0.28,    1.64,    2.55,    2.57
 819, 89,   3, 5966.35,    0.00,    5.86,    5.41,    0.39,    1.62,    2.58,    2.60
 820, 90,   3, 5980.35,    0.00,    5.88,    5.62,    0.51,    1.60,    2.61,    2.63
 821, 91,   3, 5994.36,    0.00,    5.89,    5.84,    0.62,    1.58,    2.64,    2.66
 822, 92,   3, 6008.36,    0.00,    5.90,    6.05,    0.74,    1.56,    2.67,    2.69
 823, 93,   3, 6022.36,    0.00,    5.92,    6.26,    0.87,    1.55,    2.71,    2.72
 824, 94,   3, 6036.37,    0.00,    5.93,    6.48,    0.99,    1.54,    2.74,    2.76
 825, 95,   3, 6050.37,    0.00,    5.94,    6.69,    1.12,    1.53,    2.78,    2.80
 826, 96,   3, 6064.38,    0.00,    5.96,    6.91,    1.25,    1.53,    2.82,    2.84
 827, 97,   3, 6078.38,    0.00,    5.97,    7.12,    1.38,    1.52,    2.86,    2.88
 828, 98,   3, 6092.38,    0.00,    5.99,    7.34,    1.52,    1.52,    2.90,    2.92
 829, 99,   3, 6106.39,    0.00,    6.00,    7.55,    1.66,    1.52,    2.94,    2.96
 830,100,   3, 1014.00,    0.00,    1.00,    7.77,    1.80,    1.53,    2.98,    3.09
 831,101,   3, 1028.00,    0.00,    1.01,    7.98,    1.94,    1.53,    3.19,    3.30
 832,102,   3, 1042.00,    0.00,    1.02,    8.20,    2.09,    1.54,    3.40,    3.51
 833,103,   3, 1056.00,    0.00,    1.04,    8.41,    2.23,    1.55,    3.61,    3.71
 834,104,   3, 1070.00,    0.00,    1.05,    8.63,    2.38,    1.56,    3.81,    3.91
 835,105,   3, 1084.00,    0.00,    1.06,    8.84,    2.53,    1.58,    4.00,    4.11
 836,106,   3, 1098.00,    0.00,    1.08,    9.06,    2.69,    1.60,    4.20,    4.30
 837,107,   3, 1112.01,    0.00,    1.09,    9.27,    2.84,    1.62,    4.39,    4.49
 838,108,   3, 1126.01,    0.00,    1.11,    9.48,    3.00,    1.64,    4.58,    4.68
 839,109,   3, 1140.01,    0.00,    1.12,    9.69,    3.16,    1.66,    4.77,    4.86
 840,110,   3, 1154.01,    0.00,    1.13,    9.91,    3.32,    1.69,    4.95,    5.05
 841,111,   3, 1168.01,    0.00,    1.15,   10.12,    3.48,    1.72,    5.13,    5.23
 842,112,   3, 1182.01,    0.00,    1.16,   10.33,    3.65,    1.75,    5.31,    5.41
 843,113,   3, 1196.01,    0.00,    1.18,   10.54,    3.81,    1.78,    5.49,    5.58
 844,114,   3, 1210.01,    0.00,    1.19,   10.74,    3.98,    1.82,    5.67,    5.76
 845,115,   3, 1224.01,    0.00,    1.20,   10.95,    4.15,    1.86,    5.84,    5.93
 846,116,   3, 1238.01,    0.00,    1.22,   11.16,    4.32,    1.90,    6.02,    6.11
 847,117,   3, 1252.02,    0.00,    1.23,   11.36,    4.50,    1.94,    6.19,    6.28
 848,118,   3, 1266.02,    0.00,    1.24,   11.57,    4.67,    1.99,    6.36,    6.45
 849,119,   3, 1280.02,    0.00,    1.26,   11.77,    4.85,    2.04,    6.53,    6.62
 850,120,   3, 1294.02,    0.00,    1.27,   11.97,    5.02,    2.09,    6.70,    6.78
 851,121,   3, 1308.02,    0.00,    1.29,   12.17,    5.20,    2.14,    6.86,    6.95
 852,122,   3, 1322.02,    0.00,    1.30,   12.37,    5.38,    2.19,    7.03,    7.12
 853,123,   3, 1336.02,    0.00,    1.31,   12.57,    5.56,    2.25,    7.19,    7.28
 854,124,   3, 1350.02,    0.00,    1.33,   12.76,    5.74,    2.31,    7.36,    7.44
 855,125,   3, 1364.02,    0.00,    1.34,   12.96,    5.93,    2.37,    7.52,    7.61
 856,126,   3, 1378.02,    0.00,    1.35,   13.15,    6.11,    2.43,    7.68,    7.77
 857,127,   3, 1392.02,    0.00,    1.37,   13.34,    6.30,    2.49,    7.84,    7.93
 858,128,   3, 1406.03,    0.00,    1.38,   13.53,    6.48,    2.56,    8.00,    8.09
 859,129,   3, 1420.03,    0.00,    1.40,   13.72,    6.67,    2.63,    8.16,    8.24
 860,130,   3, 1434.03,    0.00,    1.41,   13.90,    6.86,    2.70,    8.32,    8.40
 861,131,   3, 1448.03,    0.00,    1.42,   14.09,    7.05,    2.77,    8.47,    8.56
 862,132,   3, 1462.03,    0.00,    1.44,   14.27,    7.24,    2.85,    8.63,    8.71
 863,133,   3, 1476.03,    0.00,    1.45,   14.45,    7.43,    2.93,    8.79,    8.87
 864,134,   3, 1490.03,    0.00,    1.46,   14.63,    7.62,    3.00,    8.94,    9.02
 865,135,   3, 1504.03,    0.00,    1.48,   14.80,    7.81,    3.08,    9.09,    9.17
 866,136,   3, 1518.03,    0.00,    1.49,   14.98,    8.00,    3.17,    9.25,    9.32
 867,137,   3, 1532.03,    0.00,    1.51,   15.15,    8.19,    3.25,    9.40,    9.48
 868,138,   3, 1546.04,    0.00,    1.52,   15.32,    8.39,    3.34,    9.55,    9.63
 869,139,   3, 1560.04,    0.00,    1.53,   15.48,    8.58,    3.43,    9.70,    9.77
 870,140,   3, 1574.04,    0.00,    1.55,   15.65,    8.77,    3.52,    9.85,    9.92
 871,141,   3, 1588.04,    0.00,    1.56,   15.81,    8.97,    3.61,    9.99,   10.07
 872,142,   3, 1602.04,    0.00,    1.57,   15.97,    9.16,    3.70,   10.14,   10.22
 873,143,   3, 1616.04,    0.00,    1.59,   16.13,    9.35,    3.80,   10.29,   10.36
 874,144,   3, 1630.04,    0.00,    1.60,   16.28,    9.55,    3.89,   10.43,   10.51
 875,145,   3, 1644.04,    0.00,    1.62,   16.43,    9.74,    3.99,   10.58,   10.65
 876,146,   3, 1658.04,    0.00,    1.63,   16.58,    9.94,    4.09,   10.72,   10.80
 877,147,   3, 1672.04,    0.00,    1.64,   16.73,   10.13,    4.19,   10.87,   10.94
 878,148,   3, 1686.05,    0.00,    1.66,   16.87,   10.32,    4.30,   11.01,   11.08
 879,149,   3, 1700.05,    0.00,    1.67,   17.01,   10.52,    4.40,   11.15,   11.22
 880,150,   3, 1714.05,    0.00,    1.68,   17.15,   10.71,    4.51,   11.29,   11.36
 881,151,   3, 1728.05,    0.00,    1.70,   17.29,   10.90,    4.62,   11.43,   11.50
 882,152,   3, 1742.05,    0.00,    1.71,   17.42,   11.09,    4.73,   11.57,   11.64
 883,153,   3, 1756.05,    0.00,    1.73,   17.55,   11.29,    4.84,   11.71,   11.78
 884,154,   3, 1770.05,    0.00,    1.74,   17.68,   11.48,    4.95,   11.84,   11.92
 885,155,   3, 1784.05,    0.00,    1.75,   17.80,   11.67,    5.06,   11.98,   12.05
 886,156,   3, 1798.05,    0.00,    1.77,   17.92,   11.86,    5.18,   12.11,   12.18
 887,157,   3, 1812.05,    0.00,    1.78,   18.04,   12.05,    5.29,   12.25,   12.32
 888,158,   3, 1826.06,    0.00,    1.79,   18.15,   12.23,    5.41,   12.38,   12.45
 889,159,   3, 1840.06,    0.00,    1.81,   18.26,   12.42,    5.53,   12.51,   12.58
 890,160,   3, 1854.06,    0.00,    1.82,   18.37,   12.61,    5.65,   12.64,   12.71
 891,161,   3, 1868.06,    0.00,    1.84,   18.47,   12.79,    5.77,   12.77,   12.84
 892,162,   3, 1882.06,    0.00,    1.85,   18.58,   12.98,    5.89,   12.90,   12.97
 893,163,   3, 1896.06,    0.00,    1.86,   18.67,   13.16,    6.02,   13.03,   13.09
 894,164,   3, 1910.06,    0.00,    1.88,   18.77,   13.35,    6.14,   13.15,   13.22
 895,165,   3, 1924.06,    0.00,    1.89,   18.86,   13.53,    6.26,   13.28,   13.34
 896,166,   3, 1938.06,    0.00,    1.90,   18.95,   13.71,    6.39,   13.40,   13.46
 897,167,   3, 1952.06,    0.00,    1.92,   19.03,   13.89,    6.52,   13.52,   13.59
 898,168,   3, 1966.06,    0.00,    1.93,   19.11,   14.07,    6.65,   13.64,   13.71
 899,169,   3, 1980.07,    0.00,    1.95,   19.19,   14.24,    6.77,   13.76,   13.82
 900,170,   3, 1994.07,    0.00,    1.96,   19.27,   14.42,    6.90,   13.88,   13.94
 901,171,   3, 2008.07,    0.00,    1.97,   19.34,   14.59,    7.03,   14.00,   14.06
 902,172,   3, 2022.07,    0.00,    1.99,   19.40,   14.76,    7.17,   14.11,   14.17
 903,173,   3, 2036.07,    0.00,    2.00,   19.47,   14.93,    7.30,   14.23,   14.29
 904,174,   3, 2050.07,    0.00,    2.01,   19.53,   15.10,    7.43,   14.34,   14.40
 905,175,   3, 2064.07,    0.00,    2.03,   19.59,   15.27,    7.56,   14.45,   14.51
 906,176,   3, 2078.07,    0.00,    2.04,   19.64,   15.44,    7.70,   14.56,   14.62
 907,177,   3, 2092.06,    0.00,    2.06,   19.69,   15.60,    7.83,   14.67,   14.72
 908,178,   3, 2106.06,    0.00,    2.07,   19.73,   15.76,    7.96,   14.78,   14.83
 909,179,   3, 2120.06,    0.00,    2.08,   19.78,   15.92,    8.10,   14.88,   14.93
 910,180,   3, 2134.06,    0.00,    2.10,   19.82,   16.08,    8.23,   14.98,   15.04
 911,181,   3, 2148.06,    0.00,    2.11,   19.85,   16.24,    8.37,   15.09,   15.14
 912,182,   3, 2162.05,    0.00,    2.12,   19.88,   16.39,    8.51,   15.19,   15.24
 913,183,   3, 2176.05,    0.00,    2.14,   19.91,   16.54,    8.64,   15.29,   15.34
 914,184,   3, 2190.05,    0.00,    2.15,   19.93,   16.69,    8.78,   15.38,   15.43
 915,185,   3, 2204.05,    0.00,    2.17,   19.95,   16.84,    8.92,   15.48,   15.53
 916,186,   3, 2218.05,    0.00,    2.18,   19.97,   16.99,    9.05,   15.57,   15.62
 917,187,   3, 2232.04,    0.00,    2.19,   19.98,   17.13,    9.19,   15.67,   15.71
 918,188,   3, 2246.04,    0.00,    2.21,   19.99,   17.27,    9.33,   15.76,   15.80
 919,189,   3, 2260.04,    0.00,    2.22,   20.00,   17.41,    9.47,   15.85,   15.89
 920,190,   3, 2274.04,    0.00,    2.23,   20.00,   17.55,    9.60,   15.93,   15.98
 921,191,   3, 2288.04,    0.00,    2.25,   20.00,   17.68,    9.74,   16.02,   16.06
 922,192,   3, 2302.04,    0.00,    2.26,   19.99,   17.81,    9.88,   16.10,   16.15
 923,193,   3, 2316.03,    0.00,    2.28,   19.98,   17.94,   10.01,   16.19,   16.23
 924,194,   3, 2330.03,    0.00,    2.29,   19.97,   18.07,   10.15,   16.27,   16.31
 925,195,   3, 2344.03,    0.00,    2.30,   19.95,   18.20,   10.29,   16.34,   16.39
 926,196,   3, 2358.03,    0.00,    2.32,   19.93,   18.32,   10.43,   16.42,   16.46
 927,197,   3, 2372.03,    0.00,    2.33,   19.91,   18.44,   10.56,   16.50,   16.54
 928,198,   3, 2386.02,    0.00,    2.34,   19.88,   18.55,   10.70,   16.57,   16.61
 929,199,   3, 2400.02,    0.00,    2.36,   19.85,   18.67,   10.83,   16.64,   16.68
 930,200,   3, 2414.02,    0.00,    2.37,   19.82,   18.78,   10.97,   16.71,   16.75
 931,201,   3, 2428.02,    0.00,    2.39,   19.78,   18.89,   11.10,   16.78,   16.81
 932,202,   3, 2442.02,    0.00,    2.40,   19.73,   18.99,   11.24,   16.85,   16.88
 933,203,   3, 2456.01,    0.00,    2.41,   19.69,   19.09,   11.37,   16.91,   16.94
 934,204,   3, 2470.01,    0.00,    2.43,   19.64,   19.20,   11.50,   16.97,   17.00
 935,205,   3, 2484.01,    0.00,    2.44,   19.59,   19.29,   11.64,   17.03,   17.06
 936,206,   3, 2498.01,    0.00,    2.45,   19.53,   19.39,   11.77,   17.09,   17.12
 937,207,   3, 2512.01,    0.00,    2.47,   19.47,   19.48,   11.90,   17.15,   17.17
 938,208,   3, 2526.00,    0.00,    2.48,   19.40,   19.57,   12.03,   17.20,   17.23
 939,209,   3, 2540.00,    0.00,    2.50,   19.34,   19.65,   12.16,   17.25,   17.28
 940,210,   3, 2554.00,    0.00,    2.51,   19.27,   19.73,   12.29,   17.30,   17.33
 941,211,   3, 2568.00,    0.00,    2.52,   19.19,   19.81,   12.42,   17.35,   17.38
 942,212,   3, 2582.00,    0.00,    2.54,   19.11,   19.89,   12.55,   17.40,   17.42
 943,213,   3, 2595.99,    0.00,    2.55,   19.03,   19.96,   12.67,   17.44,   17.47
 944,214,   3, 2609.99,    0.00,    2.56,   18.95,   20.03,   12.80,   17.49,   17.51
 945,215,   3, 2623.99,    0.00,    2.58,   18.86,   20.10,   12.92,   17.53,   17.55
 946,216,   3, 2637.99,    0.00,    2.59,   18.77,   20.16,   13.05,   17.57,   17.59
 947,217,   3, 2651.99,    0.00,    2.61,   18.67,   20.22,   13.17,   17.60,   17.62
 948,218,   3, 2665.98,    0.00,    2.62,   18.58,   20.28,   13.29,   17.64,   17.65
 949,219,   3, 2679.98,    0.00,    2.63,   18.47,   20.34,   13.41,   17.67,   17.69
 950,220,   3, 2693.98,    0.00,    2.65,   18.37,   20.39,   13.53,   17.70,   17.72
 951,221,   3, 2707.98,    0.00,    2.66,   18.26,   20.44,   13.65,   17.73,   17.74
 952,222,   3, 2721.98,    0.00,    2.67,   18.15,   20.48,   13.76,   17.76,   17.77
 953,223,   3, 2735.97,    0.00,    2.69,   18.04,   20.52,   13.88,   17.78,   17.79
 954,224,   3, 2749.97,    0.00,    2.70,   17.92,   20.56,   13.99,   17.80,   17.81
 955,225,   3, 2763.97,    0.00,    2.72,   17.80,   20.59,   14.11,   17.82,   17.83
 956,226,   3, 2777.97,    0.00,    2.73,   17.68,   20.63,   14.22,   17.84,   17.85
 957,227,   3, 2791.97,    0.00,    2.74,   17.55,   20.65,   14.33,   17.86,   17.87
 958,228,   3, 2805.96,    0.00,    2.76,   17.42,   20.68,   14.44,   17.87,   17.88
 959,229,   3, 2819.96,    0.00,    2.77,   17.29,   20.70,   14.54,   17.89,   17.89
 960,230,   3, 2833.96,    0.00,    2.78,   17.15,   20.72,   14.65,   17.90,   17.90
 961,231,   3, 2847.96,    0.00,    2.80,   17.01,   20.73,   14.75,   17.90,   17.91
 962,232,   3, 2861.96,    0.00,    2.81,   16.87,   20.75,   14.86,   17.91,   17.91
 963,233,   3, 2875.96,    0.00,    2.83,   16.73,   20.75,   14.96,   17.91,   17.92
 964,234,   3, 2889.95,    0.00,    2.84,   16.58,   20.76,   15.06,   17.92,   17.92
 965,235,   3, 2903.95,    0.00,    2.85,   16.43,   20.76,   15.15,   17.92,   17.92
 966,236,   3, 2917.95,    0.00,    2.87,   16.28,   20.76,   15.25,   17.92,   17.91
 967,237,   3, 2931.95,    0.00,    2.88,   16.13,   20.75,   15.35,   17.91,   17.91
 968,238,   3, 2945.95,    0.00,    2.89,   15.97,   20.75,   15.44,   17.91,   17.90
 969,239,   3, 2959.94,    0.00,    2.91,   15.81,   20.73,   15.53,   17.90,   17.89
 970,240,   3, 2973.94,    0.00,    2.92,   15.65,   20.72,   15.62,   17.89,   17.88
 971,241,   3, 2987.94,    0.00,    2.94,   15.48,   20.70,   15.70,   17.88,   17.87
 972,242,   3, 3001.94,    0.00,    2.95,   15.32,   20.68,   15.79,   17.86,   17.85
 973,243,   3, 3015.94,    0.00,    2.96,   15.15,   20.65,   15.87,   17.85,   17.84
 974,244,   3, 3029.93,    0.00,    2.98,   14.98,   20.63,   15.96,   17.83,   17.82
 975,245,   3, 3043.93,    0.00,    2.99,   14.80,   20.59,   16.04,   17.81,   17.80
 976,246,   3, 3057.93,    0.00,    3.00,   14.63,   20.56,   16.11,   17.79,   17.78
 977,247,   3, 3071.93,    0.00,    3.02,   14.45,   20.52,   16.19,   17.76,   17.75
 978,248,   3, 3085.93,    0.00,    3.03,   14.27,   20.48,   16.26,   17.74,   17.72
 979,249,   3, 3099.92,    0.00,    3.05,   14.09,   20.44,   16.33,   17.71,   17.70
 980,250,   3, 3113.92,    0.00,    3.06,   13.90,   20.39,   16.40,   17.68,   17.67
 981,251,   3, 3127.92,    0.00,    3.07,   13.72,   20.34,   16.47,   17.65,   17.63
 982,252,   3, 3141.92,    0.00,    3.09,   13.53,   20.28,   16.54,   17.62,   17.60
 983,253,   3, 3155.92,    0.00,    3.10,   13.34,   20.22,   16.60,   17.58,   17.56
 984,254,   3, 3169.91,    0.00,    3.11,   13.15,   20.16,   16.66,   17.54,   17.52
 985,255,   3, 3183.91,    0.00,    3.13,   12.96,   20.10,   16.72,   17.51,   17.48
 986,256,   3, 3197.91,    0.00,    3.14,   12.76,   20.03,   16.78,   17.46,   17.44
 987,257,   3, 3211.91,    0.00,    3.16,   12.57,   19.96,   16.84,   17.42,   17.40
 988,258,   3, 3225.91,    0.00,    3.17,   12.37,   19.89,   16.89,   17.38,   17.35
 989,259,   3, 3239.90,    0.00,    3.18,   12.17,   19.81,   16.94,   17.33,   17.31
 990,260,   3, 3253.90,    0.00,    3.20,   11.97,   19.73,   16.99,   17.28,   17.26
 991,261,   3, 3267.90,    0.00,    3.21,   11.77,   19.65,   17.03,   17.23,   17.21
 992,262,   3, 3281.90,    0.00,    3.22,   11.57,   19.57,   17.08,   17.18,   17.15
 993,263,   3, 3295.90,    0.00,    3.24,   11.36,   19.48,   17.12,   17.13,   17.10
 994,264,   3, 3309.89,    0.00,    3.25,   11.16,   19.39,   17.16,   17.07,   17.04
 995,265,   3, 3323.89,    0.00,    3.27,   10.95,   19.29,   17.20,   17.02,   16.99
 996,266,   3, 3337.89,    0.00,    3.28,   10.74,   19.20,   17.23,   16.96,   16.93
 997,267,   3, 3351.89,    0.00,    3.29,   10.54,   19.09,   17.27,   16.90,   16.86
 998,268,   3, 3365.89,    0.00,    3.31,   10.33,   18.99,   17.30,   16.83,   16.80
 999,269,   3, 3379.88,    0.00,    3.32,   10.12,   18.89,   17.32,   16.77,   16.74
1000,270,   3, 3393.88,    0.00,    3.33,    9.91,   18.78,   17.35,   16.71,   16.67
1001,271,   3, 3407.88,    0.00,    3.35,    9.69,   18.67,   17.37,   16.64,   16.60
1002,272,   3, 3421.88,    0.00,    3.36,    9.48,   18.55,   17.39,   16.57,   16.53
1003,273,   3, 3435.88,    0.00,    3.38,    9.27,   18.44,   17.41,   16.50,   16.46
1004,274,   3, 3449.88,    0.00,    3.39,    9.06,   18.32,   17.43,   16.43,   16.39
1005,275,   3, 3463.87,    0.00,    3.40,    8.84,   18.20,   17.44,   16.35,   16.32
1006,276,   3, 3477.87,    0.00,    3.42,    8.63,   18.07,   17.46,   16.28,   16.24
1007,277,   3, 3491.87,    0.00,    3.43,    8.41,   17.94,   17.47,   16.20,   16.16
1008,278,   3, 3505.87,    0.00,    3.44,    8.20,   17.81,   17.47,   16.13,   16.08
1009,279,   3, 3519.87,    0.00,    3.46,    7.98,   17.68,   17.48,   16.05,   16.00
1010,280,   3, 3533.86,    0.00,    3.47,    7.77,   17.55,   17.48,   15.96,   15.92
1011,281,   3, 3547.86,    0.00,    3.49,    7.55,   17.41,   17.48,   15.88,   15.84
1012,282,   3, 3561.86,    0.00,    3.50,    7.34,   17.27,   17.48,   15.80,   15.75
1013,283,   3, 3575.86,    0.00,    3.51,    7.12,   17.13,   17.47,   15.71,   15.67
1014,284,   3, 3589.86,    0.00,    3.53,    6.91,   16.99,   17.47,   15.63,   15.58
1015,285,   3, 3603.85,    0.00,    3.54,    6.69,   16.84,   17.46,   15.54,   15.49
1016,286,   3, 3617.85,    0.00,    3.55,    6.48,   16.69,   17.44,   15.45,   15.40
1017,287,   3, 3631.85,    0.00,    3.57,    6.26,   16.54,   17.43,   15.36,   15.31
1018,288,   3, 3645.85,    0.00,    3.58,    6.05,   16.39,   17.41,   15.27,   15.22
1019,289,   3, 3659.85,    0.00,    3.60,    5.84,   16.24,   17.39,   15.18,   15.13
1020,290,   3, 3673.84,    0.00,    3.61,    5.62,   16.08,   17.37,   15.08,   15.03
1021,291,   3, 3687.84,    0.00,    3.62,    5.41,   15.92,   17.35,   14.99,   14.94
1022,292,   3, 3701.84,    0.00,    3.64,    5.20,   15.76,   17.32,   14.89,   14.84
1023,293,   3, 3715.84,    0.00,    3.65,    4.99,   15.60,   17.30,   14.79,   14.74
1024,294,   3, 3729.84,    0.00,    3.66,    4.78,   15.44,   17.27,   14.69,   14.64
1025,295,   3, 3743.83,    0.00,    3.68,    4.57,   15.27,   17.23,   14.59,   14.54
1026,296,   3, 3757.83,    0.00,    3.69,    4.36,   15.10,   17.20,   14.49,   14.44
1027,297,   3, 3771.83,    0.00,    3.71,    4.15,   14.93,   17.16,   14.39,   14.34
1028,298,   3, 3785.83,    0.00,    3.72,    3.95,   14.76,   17.12,   14.29,   14.23
1029,299,   3, 3799.83,    0.00,    3.73,    3.74,   14.59,   17.08,   14.18,   14.13
1030,300,   3, 3813.82,    0.00,    3.75,    3.54,   14.42,   17.03,   14.08,   14.02
1031,301,   3, 3827.82,    0.00,    3.76,    3.33,   14.24,   16.99,   13.97,   13.92
1032,302,   3, 3841.82,    0.00,    3.77,    3.13,   14.07,   16.94,   13.86,   13.81
1033,303,   3, 3855.82,    0.00,    3.79,    2.93,   13.89,   16.89,   13.76,   13.70
1034,304,   3, 3869.82,    0.00,    3.80,    2.73,   13.71,   16.84,   13.65,   13.59
1035,305,   3, 3883.81,    0.00,    3.82,    2.53,   13.53,   16.78,   13.54,   13.48
1036,306,   3, 3897.81,    0.00,    3.83,    2.33,   13.35,   16.72,   13.43,   13.37
1037,307,   3, 3911.81,    0.00,    3.84,    2.14,   13.16,   16.66,   13.32,   13.26
1038,308,   3, 3925.81,    0.00,    3.86,    1.95,   12.98,   16.60,   13.21,   13.15
1039,309,   3, 3939.81,    0.00,    3.87,    1.75,   12.79,   16.54,   13.09,   13.03
1040,310,   3, 3953.80,    0.00,    3.88,    1.56,   12.61,   16.47,   12.98,   12.92
1041,311,   3, 3967.80,    0.00,    3.90,    1.37,   12.42,   16.40,   12.87,   12.81
1042,312,   3, 3981.80,    0.00,    3.91,    1.19,   12.23,   16.33,   12.75,   12.69
1043,313,   3, 3995.80,    0.00,    3.93,    1.00,   12.05,   16.26,   12.64,   12.58
1044,314,   3, 4009.80,    0.00,    3.94,    0.82,   11.86,   16.19,   12.52,   12.46
1045,315,   3, 4023.79,    0.00,    3.95,    0.64,   11.67,   16.11,   12.40,   12.34
1046,316,   3, 4037.79,    0.00,    3.97,    0.46,   11.48,   16.04,   12.29,   12.23
1047,317,   3, 4051.79,    0.00,    3.98,    0.28,   11.29,   15.96,   12.17,   12.11
1048,318,   3, 4065.79,    0.00,    3.99,    0.11,   11.09,   15.87,   12.05,   11.99
1049,319,   3, 4079.79,    0.00,    4.01,   -0.06,   10.90,   15.79,   11.93,   11.87
1050,320,   3, 4093.79,    0.00,    4.02,   -0.23,   10.71,   15.70,   11.82,   11.75
1051,321,   3, 4107.79,    0.00,    4.04,   -0.40,   10.52,   15.62,   11.70,   11.63
1052,322,   3, 4121.79,    0.00,    4.05,   -0.57,   10.32,   15.53,   11.58,   11.52
1053,323,   3, 4135.80,    0.00,    4.06,   -0.73,   10.13,   15.44,   11.46,   11.40
1054,324,   3, 4149.80,    0.00,    4.08,   -0.89,    9.94,   15.35,   11.34,   11.28
1055,325,   3, 4163.80,    0.00,    4.09,   -1.05,    9.74,   15.25,   11.22,   11.16
1056,326,   3, 4177.81,    0.00,    4.10,   -1.20,    9.55,   15.15,   11.10,   11.03
1057,327,   3, 4191.81,    0.00,    4.12,   -1.36,    9.35,   15.06,   10.98,   10.91
1058,328,   3, 4205.82,    0.00,    4.13,   -1.51,    9.16,   14.96,   10.86,   10.79
1059,329,   3, 4219.82,    0.00,    4.15,   -1.66,    8.97,   14.86,   10.74,   10.67
1060,330,   3, 4233.82,    0.00,    4.16,   -1.80,    8.77,   14.75,   10.61,   10.55
1061,331,   3, 4247.83,    0.00,    4.17,   -1.94,    8.58,   14.65,   10.49,   10.43
1062,332,   3, 4261.83,    0.00,    4.19,   -2.08,    8.39,   14.54,   10.37,   10.31
1063,333,   3, 4275.83,    0.00,    4.20,   -2.22,    8.19,   14.44,   10.25,   10.19
1064,334,   3, 4289.84,    0.00,    4.21,   -2.35,    8.00,   14.33,   10.13,   10.07
1065,335,   3, 4303.84,    0.00,    4.23,   -2.48,    7.81,   14.22,   10.01,    9.95
1066,336,   3, 4317.85,    0.00,    4.24,   -2.61,    7.62,   14.11,    9.89,    9.82
1067,337,   3, 4331.85,    0.00,    4.26,   -2.74,    7.43,   13.99,    9.77,    9.70
1068,338,   3, 4345.85,    0.00,    4.27,   -2.86,    7.24,   13.88,    9.65,    9.58
1069,339,   3, 4359.86,    0.00,    4.28,   -2.98,    7.05,   13.76,    9.53,    9.46
1070,340,   3, 4373.86,    0.00,    4.30,   -3.09,    6.86,   13.65,    9.41,    9.34
1071,341,   3, 4387.87,    0.00,    4.31,   -3.21,    6.67,   13.53,    9.29,    9.22
1072,342,   3, 4401.87,    0.00,    4.32,   -3.32,    6.48,   13.41,    9.17,    9.10
1073,343,   3, 4415.87,    0.00,    4.34,   -3.42,    6.30,   13.29,    9.05,    8.98
1074,344,   3, 4429.88,    0.00,    4.35,   -3.53,    6.11,   13.17,    8.93,    8.86
1075,345,   3, 4443.88,    0.00,    4.37,   -3.63,    5.93,   13.05,    8.81,    8.74
1076,346,   3, 4457.89,    0.00,    4.38,   -3.72,    5.74,   12.92,    8.69,    8.63
1077,347,   3, 4471.89,    0.00,    4.39,   -3.81,    5.56,   12.80,    8.57,    8.51
1078,348,   3, 4485.89,    0.00,    4.41,   -3.90,    5.38,   12.67,    8.45,    8.39
1079,349,   3, 4499.90,    0.00,    4.42,   -3.99,    5.20,   12.55,    8.33,    8.27
1080,350,   3, 4513.90,    0.00,    4.43,   -4.07,    5.02,   12.42,    8.22,    8.16
1081,351,   3, 4527.91,    0.00,    4.45,   -4.15,    4.85,   12.29,    8.10,    8.04
1082,352,   3, 4541.91,    0.00,    4.46,   -4.23,    4.67,   12.16,    7.98,    7.92
1083,353,   3, 4555.91,    0.00,    4.48,   -4.30,    4.50,   12.03,    7.87,    7.81
1084,354,   3, 4569.92,    0.00,    4.49,   -4.37,    4.32,   11.90,    7.75,    7.69
1085,355,   3, 4583.92,    0.00,    4.50,   -4.44,    4.15,   11.77,    7.64,    7.58
1086,356,   3, 4597.92,    0.00,    4.52,   -4.50,    3.98,   11.64,    7.53,    7.47
1087,357,   3, 4611.93,    0.00,    4.53,   -4.56,    3.81,   11.50,    7.41,    7.35
1088,358,   3, 4625.93,    0.00,    4.54,   -4.61,    3.65,   11.37,    7.30,    7.24
1089,359,   3, 4639.94,    0.00,    4.56,   -4.66,    3.48,   11.24,    7.19,    7.13
1090,360,   3, 4653.94,    0.00,    4.57,   -4.71,    3.32,   11.10,    7.08,    7.02
1091,361,   3, 4667.94,    0.00,    4.59,   -4.76,    3.16,   10.97,    6.97,    6.91
1092,362,   3, 4681.95,    0.00,    4.60,   -4.80,    3.00,   10.83,    6.86,    6.80
1093,363,   3, 4695.95,    0.00,    4.61,   -4.83,    2.84,   10.70,    6.75,    6.69
1094,364,   3, 4709.96,    0.00,    4.63,   -4.87,    2.69,   10.56,    6.64,    6.59
1095,365,   3, 4723.96,    0.00,    4.64,   -4.90,    2.53,   10.43,    6.54,    6.48
