 Day of sim.,Day of year,Year,Slurry mass,Frozen mass,Slurry depth,Air T,Wall T,Floor T,Slurry T
 ,,,(Mg = 1000 kg),(Mg = 1000 kg),(m),(deg. C),(deg. C),(deg. C),(deg. C)
 day,doy,year,slurry_mass,frozen_mass,slurry_depth,air_temp,wall_temp,floor_temp,slurry_temp
   1,  1,   1,  692.72,    0.00,    2.00,    0.13,    8.13,   10.51,   14.88
   2,  2,   1,  697.59,    0.00,    2.01,    0.63,    7.98,   10.49,   14.65
   3,  3,   1,  702.47,    0.00,    2.03,   -0.76,    7.82,   10.47,   14.42
   4,  4,   1,  707.34,    0.00,    2.04,   -0.13,    7.68,   10.46,   14.19
   5,  5,   1,  712.21,    0.00,    2.06,   -0.56,    7.53,   10.45,   13.97
   6,  6,   1,  717.08,    0.00,    2.07,   -1.87,    7.36,   10.44,   13.74
   7,  7,   1,  721.96,    0.00,    2.08,   -0.74,    7.22,   10.42,   13.51
   8,  8,   1,  726.83,    0.00,    2.10,   -0.19,    7.11,   10.40,   13.30
   9,  9,   1,  731.70,    0.00,    2.11,   -2.27,    6.99,   10.38,   13.09
  10, 10,   1,  736.57,    0.00,    2.13,   -1.53,    6.89,   10.37,   12.87
  11, 11,   1,  741.45,    0.00,    2.14,   -1.90,    6.78,   10.35,   12.66
  12, 12,   1,  746.32,    0.00,    2.15,   -3.19,    6.67,   10.33,   12.44
  13, 13,   1,  751.19,    0.00,    2.17,   -3.35,    6.55,   10.31,   12.22
  14, 14,   1,  756.06,    0.00,    2.18,   -4.47,    6.42,   10.28,   11.99
  15, 15,   1,  760.94,    0.00,    2.20,  -10.20,    6.26,   10.22,   11.72
  16, 16,   1,  765.81,    0.00,    2.21,   -3.91,    6.14,   10.18,   11.46
  17, 17,   1,  770.68,    0.00,    2.23,   -3.05,    6.03,   10.15,   11.26
  18, 18,   1,  775.55,    0.00,    2.24,   -1.67,    5.90,   10.12,   11.07
  19, 19,   1,  780.43,    0.00,    2.25,   -1.51,    5.78,   10.08,   10.90
  20, 20,   1,  785.30,    0.00,    2.27,    0.34,    5.67,   10.08,   10.75
  21, 21,   1,  790.17,    0.00,    2.28,    2.02,    5.59,   10.07,   10.62
  22, 22,   1,  795.04,    0.00,    2.30,    1.96,    5.52,   10.07,   10.50
  23, 23,   1,  799.92,    0.00,    2.31,    3.00,    5.44,   10.08,   10.40
  24, 24,   1,  804.79,    0.00,    2.32,   -1.90,    5.33,   10.07,   10.27
  25, 25,   1,  809.66,    0.00,    2.34,   -0.95,    5.24,   10.05,   10.12
  26, 26,   1,  814.53,    0.00,    2.35,   -3.49,    5.14,   10.03,    9.96
  27, 27,   1,  819.41,    0.00,    2.37,   -7.17,    4.99,    9.99,    9.76
  28, 28,   1,  824.28,    0.00,    2.38,   -4.99,    4.86,    9.96,    9.56
  29, 29,   1,  829.15,    0.00,    2.39,   -4.31,    4.72,    9.93,    9.39
  30, 30,   1,  834.03,    0.00,    2.41,  -12.10,    4.53,    9.86,    9.17
  31, 31,   1,  838.90,    0.00,    2.42,  -14.30,    4.33,    9.79,    8.89
  32, 32,   1,  843.77,    0.00,    2.44,  -11.20,    4.17,    9.72,    8.64
  33, 33,   1,  848.64,    0.00,    2.45,   -7.32,    4.04,    9.69,    8.42
  34, 34,   1,  853.52,    0.00,    2.46,   -7.08,    3.92,    9.65,    8.23
  35, 35,   1,  858.39,    0.00,    2.48,   -9.35,    3.80,    9.60,    8.04
  36, 36,   1,  863.26,    0.00,    2.49,  -10.90,    3.62,    9.54,    7.83
  37, 37,   1,  868.13,    0.00,    2.51,  -10.50,    3.44,    9.48,    7.61
  38, 38,   1,  873.01,    0.00,    2.52,  -14.30,    3.24,    9.38,    7.38
  39, 39,   1,  877.88,    0.00,    2.53,  -12.80,    3.04,    9.28,    7.14
  40, 40,   1,  882.75,    0.00,    2.55,  -17.20,    2.83,    9.16,    6.89
  41, 41,   1,  887.62,    0.00,    2.56,  -15.40,    2.61,    9.04,    6.62
  42, 42,   1,  892.50,    0.00,    2.58,  -14.20,    2.41,    8.94,    6.38
  43, 43,   1,  897.37,    0.00,    2.59,  -11.40,    2.24,    8.86,    6.17
  44, 44,   1,  902.24,    0.00,    2.60,   -9.19,    2.07,    8.79,    5.99
  45, 45,   1,  907.11,    0.00,    2.62,   -4.32,    1.95,    8.73,    5.86
  46, 46,   1,  911.99,    0.00,    2.63,  -10.40,    1.78,    8.65,    5.72
  47, 47,   1,  916.86,    0.00,    2.65,   -9.96,    1.61,    8.57,    5.55
  48, 48,   1,  921.73,    0.00,    2.66,   -4.58,    1.49,    8.51,    5.42
  49, 49,   1,  926.60,    0.00,    2.68,   -4.90,    1.35,    8.45,    5.31
  50, 50,   1,  931.48,    0.00,    2.69,    0.31,    1.25,    8.41,    5.24
  51, 51,   1,  936.35,    0.00,    2.70,    2.10,    1.17,    8.39,    5.20
  52, 52,   1,  941.22,    0.00,    2.72,    3.37,    1.10,    8.37,    5.18
  53, 53,   1,  946.09,    0.00,    2.73,    2.15,    1.02,    8.34,    5.16
  54, 54,   1,  950.97,    0.00,    2.75,    2.42,    0.97,    8.31,    5.14
  55, 55,   1,  955.84,    0.00,    2.76,    5.28,    0.94,    8.31,    5.13
  56, 56,   1,  960.71,    0.00,    2.77,    8.64,    0.95,    8.30,    5.16
  57, 57,   1,  965.58,    0.00,    2.79,    5.76,    0.94,    8.27,    5.20
  58, 58,   1,  970.46,    0.00,    2.80,    2.15,    0.91,    8.23,    5.20
  59, 59,   1,  975.33,    0.00,    2.82,    3.62,    0.89,    8.20,    5.19
  60, 60,   1,  980.20,    0.00,    2.83,    3.07,    0.86,    8.16,    5.19
  61, 61,   1,  173.18,    0.00,    0.50,    3.08,    0.85,    8.12,    5.18
  62, 62,   1,  174.23,    0.00,    0.50,    2.35,    0.81,    8.07,    5.17
  63, 63,   1,  175.28,    0.00,    0.51,   -1.00,    0.79,    8.01,    5.03
  64, 64,   1,  176.33,    0.00,    0.51,   -3.36,    0.75,    7.93,    4.75
  65, 65,   1,  177.37,    0.00,    0.51,    1.65,    0.76,    7.87,    4.55
  66, 66,   1,  178.42,    0.00,    0.52,   -0.44,    0.69,    7.79,    4.42
  67, 67,   1,  179.47,    0.00,    0.52,   -0.88,    0.61,    7.73,    4.27
  68, 68,   1,  180.52,    0.00,    0.52,   -1.76,    0.57,    7.66,    4.08
  69, 69,   1,  181.57,    0.00,    0.52,   -5.37,    0.52,    7.57,    3.74
  70, 70,   1,  182.62,    0.00,    0.53,   -1.65,    0.45,    7.49,    3.44
  71, 71,   1,  183.67,    0.00,    0.53,    1.73,    0.39,    7.44,    3.35
  72, 72,   1,  184.71,    0.00,    0.53,    3.08,    0.34,    7.40,    3.39
  73, 73,   1,  185.76,    0.00,    0.54,    1.80,    0.30,    7.35,    3.42
  74, 74,   1,  186.81,    0.00,    0.54,    1.88,    0.27,    7.31,    3.45
  75, 75,   1,  187.86,    0.00,    0.54,    0.96,    0.27,    7.24,    3.47
  76, 76,   1,  188.91,    0.00,    0.55,   -0.37,    0.23,    7.18,    3.41
  77, 77,   1,  189.96,    0.00,    0.55,   -1.41,    0.15,    7.13,    3.29
  78, 78,   1,  191.01,    0.00,    0.55,   -2.34,    0.04,    7.06,    3.15
  79, 79,   1,  192.06,    0.00,    0.55,    2.65,   -0.02,    6.99,    3.13
  80, 80,   1,  193.10,    0.00,    0.56,    3.33,   -0.03,    6.93,    3.24
  81, 81,   1,  194.15,    0.00,    0.56,    4.03,   -0.06,    6.87,    3.39
  82, 82,   1,  195.20,    0.00,    0.56,    6.68,   -0.07,    6.83,    3.62
  83, 83,   1,  196.25,    0.00,    0.57,    7.06,   -0.07,    6.79,    3.91
  84, 84,   1,  197.30,    0.00,    0.57,    6.62,   -0.07,    6.73,    4.17
  85, 85,   1,  198.35,    0.00,    0.57,    6.45,   -0.06,    6.67,    4.41
  86, 86,   1,  199.40,    0.00,    0.58,    7.14,   -0.04,    6.61,    4.63
  87, 87,   1,  200.44,    0.00,    0.58,    4.45,   -0.05,    6.54,    4.75
  88, 88,   1,  201.49,    0.00,    0.58,    8.21,   -0.03,    6.49,    4.88
  89, 89,   1,  202.54,    0.00,    0.58,   10.80,    0.00,    6.45,    5.15
  90, 90,   1,  203.59,    0.00,    0.59,    5.88,   -0.00,    6.42,    5.35
  91, 91,   1,  204.64,    0.00,    0.59,    3.55,   -0.03,    6.37,    5.40
  92, 92,   1,  205.69,    0.00,    0.59,    3.70,   -0.08,    6.33,    5.42
  93, 93,   1,  206.74,    0.00,    0.60,    5.08,   -0.11,    6.29,    5.48
  94, 94,   1,  207.78,    0.00,    0.60,    6.60,   -0.14,    6.27,    5.63
  95, 95,   1,  208.83,    0.00,    0.60,    2.11,   -0.17,    6.22,    5.66
  96, 96,   1,  209.88,    0.00,    0.61,    3.40,   -0.14,    6.18,    5.62
  97, 97,   1,  210.93,    0.00,    0.61,    3.07,   -0.13,    6.14,    5.61
  98, 98,   1,  211.98,    0.00,    0.61,    1.28,   -0.17,    6.10,    5.57
  99, 99,   1,  213.03,    0.00,    0.62,    4.12,   -0.16,    6.06,    5.54
 100,100,   1,  214.08,    0.00,    0.62,    4.18,   -0.14,    6.03,    5.58
 101,101,   1,  215.12,    0.00,    0.62,    3.23,   -0.17,    5.99,    5.61
 102,102,   1,  216.17,    0.00,    0.62,    2.96,   -0.19,    5.95,    5.56
 103,103,   1,  217.22,    0.00,    0.63,    2.29,   -0.16,    5.91,    5.49
 104,104,   1,  218.27,    0.00,    0.63,    1.39,   -0.16,    5.86,    5.44
 105,105,   1,  219.32,    0.00,    0.63,    2.40,   -0.13,    5.81,    5.41
 106,106,   1,  220.37,    0.00,    0.64,    4.49,   -0.09,    5.76,    5.47
 107,107,   1,  221.42,    0.00,    0.64,    6.48,   -0.05,    5.71,    5.62
 108,108,   1,  222.46,    0.00,    0.64,    6.48,   -0.02,    5.66,    5.80
 109,109,   1,  223.51,    0.00,    0.65,    6.22,    0.01,    5.61,    5.97
 110,110,   1,  224.56,    0.00,    0.65,    7.10,    0.04,    5.56,    6.14
 111,111,   1,  225.61,    0.00,    0.65,    7.52,    0.05,    5.54,    6.31
 112,112,   1,  226.66,    0.00,    0.65,    1.53,    0.01,    5.49,    6.28
 113,113,   1,  227.71,    0.00,    0.66,    3.52,    0.00,    5.46,    6.18
 114,114,   1,  228.76,    0.00,    0.66,    1.88,   -0.00,    5.41,    6.10
 115,115,   1,  229.80,    0.00,    0.66,    0.99,   -0.01,    5.36,    5.96
 116,116,   1,  230.85,    0.00,    0.67,    1.74,   -0.01,    5.31,    5.82
 117,117,   1,  231.90,    0.00,    0.67,    2.71,   -0.00,    5.25,    5.76
 118,118,   1,  232.95,    0.00,    0.67,    3.22,   -0.01,    5.20,    5.74
 119,119,   1,  234.00,    0.00,    0.68,    3.48,   -0.01,    5.16,    5.73
 120,120,   1,  235.05,    0.00,    0.68,    3.42,    0.01,    5.11,    5.75
 121,121,   1,  236.10,    0.00,    0.68,    3.76,    0.00,    5.06,    5.77
 122,122,   1,  237.15,    0.00,    0.68,    6.16,    0.01,    5.02,    5.83
 123,123,   1,  238.19,    0.00,    0.69,    5.55,    0.03,    4.97,    5.93
 124,124,   1,  239.24,    0.00,    0.69,    6.52,    0.04,    4.93,    6.03
 125,125,   1,  240.29,    0.00,    0.69,    3.37,    0.02,    4.88,    6.04
 126,126,   1,  241.34,    0.00,    0.70,    3.10,    0.00,    4.84,    5.94
 127,127,   1,  242.39,    0.00,    0.70,    3.17,   -0.02,    4.78,    5.87
 128,128,   1,  243.44,    0.00,    0.70,    6.07,   -0.01,    4.72,    5.92
 129,129,   1,  244.49,    0.00,    0.71,    5.90,    0.02,    4.66,    6.00
 130,130,   1,  245.53,    0.00,    0.71,   12.50,    0.12,    4.64,    6.17
 131,131,   1,  246.58,    0.00,    0.71,   15.40,    0.24,    4.63,    6.55
 132,132,   1,  247.63,    0.00,    0.71,   15.60,    0.38,    4.64,    7.01
 133,133,   1,  248.68,    0.00,    0.72,   17.60,    0.49,    4.63,    7.51
 134,134,   1,  249.73,    0.00,    0.72,   13.00,    0.56,    4.61,    7.88
 135,135,   1,  250.78,    0.00,    0.72,    9.62,    0.60,    4.57,    8.04
 136,136,   1,  251.83,    0.00,    0.73,   10.90,    0.67,    4.53,    8.14
 137,137,   1,  252.87,    0.00,    0.73,   10.90,    0.75,    4.50,    8.26
 138,138,   1,  253.92,    0.00,    0.73,   11.50,    0.83,    4.47,    8.42
 139,139,   1,  254.97,    0.00,    0.74,   12.50,    0.93,    4.44,    8.64
 140,140,   1,  256.02,    0.00,    0.74,   12.50,    1.02,    4.40,    8.88
 141,141,   1,  257.07,    0.00,    0.74,    9.93,    1.10,    4.37,    9.03
 142,142,   1,  258.12,    0.00,    0.75,   11.20,    1.19,    4.34,    9.14
 143,143,   1,  259.17,    0.00,    0.75,    8.07,    1.26,    4.29,    9.19
 144,144,   1,  260.21,    0.00,    0.75,    8.70,    1.32,    4.26,    9.16
 145,145,   1,  261.26,    0.00,    0.75,   11.80,    1.43,    4.24,    9.23
 146,146,   1,  262.31,    0.00,    0.76,    9.02,    1.50,    4.23,    9.28
 147,147,   1,  263.36,    0.00,    0.76,    6.45,    1.56,    4.20,    9.18
 148,148,   1,  264.41,    0.00,    0.76,   11.30,    1.67,    4.20,    9.21
 149,149,   1,  265.46,    0.00,    0.77,   12.10,    1.78,    4.20,    9.41
 150,150,   1,  266.51,    0.00,    0.77,   13.60,    1.92,    4.20,    9.65
 151,151,   1,  267.56,    0.00,    0.77,   13.60,    2.09,    4.20,    9.86
 152,152,   1,  268.60,    0.00,    0.78,   13.00,    2.22,    4.21,   10.05
 153,153,   1,  269.65,    0.00,    0.78,   14.90,    2.35,    4.22,   10.26
 154,154,   1,  270.70,    0.00,    0.78,   15.40,    2.47,    4.23,   10.51
 155,155,   1,  271.75,    0.00,    0.78,   15.90,    2.60,    4.23,   10.78
 156,156,   1,  272.80,    0.00,    0.79,   18.00,    2.73,    4.24,   11.08
 157,157,   1,  273.85,    0.00,    0.79,   18.80,    2.86,    4.26,   11.42
 158,158,   1,  274.90,    0.00,    0.79,   19.10,    2.98,    4.28,   11.73
 159,159,   1,  275.94,    0.00,    0.80,   17.40,    3.09,    4.30,   11.98
 160,160,   1,  276.99,    0.00,    0.80,   17.30,    3.23,    4.31,   12.17
 161,161,   1,  278.04,    0.00,    0.80,   18.40,    3.37,    4.33,   12.42
 162,162,   1,  279.09,    0.00,    0.81,   19.40,    3.54,    4.36,   12.70
 163,163,   1,  280.14,    0.00,    0.81,   15.70,    3.71,    4.38,   12.88
 164,164,   1,  281.19,    0.00,    0.81,   14.90,    3.85,    4.39,   13.00
 165,165,   1,  282.24,    0.00,    0.81,   15.40,    4.00,    4.40,   13.12
 166,166,   1,  283.28,    0.00,    0.82,   13.00,    4.18,    4.39,   13.11
 167,167,   1,  284.33,    0.00,    0.82,   18.30,    4.42,    4.41,   13.20
 168,168,   1,  285.38,    0.00,    0.82,   16.40,    4.63,    4.42,   13.33
 169,169,   1,  286.43,    0.00,    0.83,   13.30,    4.78,    4.43,   13.33
 170,170,   1,  287.48,    0.00,    0.83,   17.60,    4.96,    4.46,   13.42
 171,171,   1,  289.21,    0.00,    0.83,   20.40,    5.18,    4.50,   13.67
 172,172,   1,  290.94,    0.00,    0.84,   20.60,    5.41,    4.55,   13.96
 173,173,   1,  292.67,    0.00,    0.84,   19.30,    5.63,    4.57,   14.22
 174,174,   1,  294.41,    0.00,    0.85,   17.60,    5.86,    4.58,   14.42
 175,175,   1,  296.14,    0.00,    0.85,   19.10,    6.10,    4.61,   14.60
 176,176,   1,  297.87,    0.00,    0.86,   22.50,    6.39,    4.64,   14.86
 177,177,   1,  299.60,    0.00,    0.86,   23.50,    6.68,    4.68,   15.18
 178,178,   1,  301.33,    0.00,    0.87,   23.10,    6.95,    4.71,   15.49
 179,179,   1,  303.07,    0.00,    0.87,   23.20,    7.20,    4.75,   15.77
 180,180,   1,  304.80,    0.00,    0.88,   22.70,    7.44,    4.79,   16.02
 181,181,   1,  306.53,    0.00,    0.88,   19.80,    7.62,    4.81,   16.18
 182,182,   1,  308.26,    0.00,    0.89,   15.60,    7.81,    4.82,   16.21
 183,183,   1,  309.99,    0.00,    0.89,   15.70,    8.00,    4.84,   16.18
 184,184,   1,  311.72,    0.00,    0.90,   15.50,    8.14,    4.84,   16.15
 185,185,   1,  313.46,    0.00,    0.90,   15.40,    8.29,    4.85,   16.15
 186,186,   1,  315.19,    0.00,    0.91,   13.60,    8.39,    4.85,   16.09
 187,187,   1,  316.92,    0.00,    0.91,   14.50,    8.48,    4.85,   15.98
 188,188,   1,  318.65,    0.00,    0.92,   14.30,    8.56,    4.86,   15.88
 189,189,   1,  320.38,    0.00,    0.92,   14.70,    8.65,    4.87,   15.84
 190,190,   1,  322.11,    0.00,    0.93,   11.90,    8.72,    4.87,   15.77
 191,191,   1,  323.85,    0.00,    0.93,   14.60,    8.79,    4.88,   15.72
 192,192,   1,  325.58,    0.00,    0.94,   12.90,    8.82,    4.90,   15.67
 193,193,   1,  327.31,    0.00,    0.94,   14.20,    8.89,    4.92,   15.59
 194,194,   1,  329.04,    0.00,    0.95,   13.30,    8.97,    4.94,   15.54
 195,195,   1,  330.77,    0.00,    0.95,   13.50,    9.04,    4.97,   15.49
 196,196,   1,  332.51,    0.00,    0.96,   16.00,    9.14,    5.01,   15.48
 197,197,   1,  334.24,    0.00,    0.96,   16.20,    9.23,    5.04,   15.49
 198,198,   1,  335.97,    0.00,    0.97,   17.30,    9.34,    5.08,   15.53
 199,199,   1,  337.70,    0.00,    0.97,   20.00,    9.50,    5.13,   15.66
 200,200,   1,  339.43,    0.00,    0.98,   19.50,    9.66,    5.20,   15.80
 201,201,   1,  341.16,    0.00,    0.98,   20.50,    9.80,    5.27,   15.93
 202,202,   1,  342.90,    0.00,    0.99,   19.50,    9.95,    5.33,   16.04
 203,203,   1,  344.63,    0.00,    0.99,   13.90,   10.06,    5.35,   16.03
 204,204,   1,  346.36,    0.00,    1.00,   14.30,   10.18,    5.37,   15.98
 205,205,   1,  348.09,    0.00,    1.01,   12.80,   10.31,    5.40,   15.94
 206,206,   1,  349.82,    0.00,    1.01,   14.40,   10.43,    5.45,   15.90
 207,207,   1,  351.56,    0.00,    1.01,   15.20,   10.53,    5.48,   15.89
 208,208,   1,  353.29,    0.00,    1.02,   17.20,   10.63,    5.50,   15.93
 209,209,   1,  355.02,    0.00,    1.02,   18.80,   10.76,    5.54,   16.01
 210,210,   1,  356.75,    0.00,    1.03,   16.10,   10.86,    5.57,   16.04
 211,211,   1,  358.48,    0.00,    1.03,   15.60,   10.97,    5.60,   16.02
 212,212,   1,  360.21,    0.00,    1.04,   16.00,   11.09,    5.66,   16.00
 213,213,   1,  361.95,    0.00,    1.04,   16.90,   11.22,    5.70,   16.01
 214,214,   1,  363.68,    0.00,    1.05,   18.10,   11.37,    5.73,   16.06
 215,215,   1,  365.41,    0.00,    1.05,   19.10,   11.49,    5.75,   16.14
 216,216,   1,  367.14,    0.00,    1.06,   17.50,   11.60,    5.78,   16.20
 217,217,   1,  368.87,    0.00,    1.06,   15.90,   11.69,    5.82,   16.22
 218,218,   1,  370.61,    0.00,    1.07,   15.60,   11.75,    5.85,   16.21
 219,219,   1,  372.34,    0.00,    1.07,   19.70,   11.84,    5.89,   16.25
 220,220,   1,  374.07,    0.00,    1.08,   21.70,   11.96,    5.94,   16.37
 221,221,   1,  375.80,    0.00,    1.08,   22.70,   12.08,    6.00,   16.55
 222,222,   1,  377.53,    0.00,    1.09,   18.30,   12.16,    6.05,   16.67
 223,223,   1,  379.26,    0.00,    1.09,   15.80,   12.24,    6.10,   16.70
 224,224,   1,  381.00,    0.00,    1.10,   14.90,   12.29,    6.13,   16.69
 225,225,   1,  382.73,    0.00,    1.10,   19.20,   12.35,    6.18,   16.72
 226,226,   1,  384.46,    0.00,    1.11,   18.60,   12.45,    6.22,   16.79
 227,227,   1,  386.19,    0.00,    1.11,   20.30,   12.57,    6.27,   16.86
 228,228,   1,  387.92,    0.00,    1.12,   21.90,   12.70,    6.32,   16.98
 229,229,   1,  389.66,    0.00,    1.12,   20.30,   12.81,    6.36,   17.10
 230,230,   1,  391.39,    0.00,    1.13,   19.90,   12.91,    6.40,   17.19
 231,231,   1,  393.12,    0.00,    1.13,   20.80,   13.05,    6.44,   17.27
 232,232,   1,  394.85,    0.00,    1.14,   20.90,   13.18,    6.49,   17.36
 233,233,   1,  396.58,    0.00,    1.14,   19.40,   13.30,    6.56,   17.42
 234,234,   1,  398.31,    0.00,    1.15,   19.80,   13.43,    6.63,   17.46
 235,235,   1,  400.05,    0.00,    1.15,   20.60,   13.56,    6.69,   17.51
 236,236,   1,  401.78,    0.00,    1.16,   18.30,   13.66,    6.74,   17.53
 237,237,   1,  403.51,    0.00,    1.16,   15.90,   13.75,    6.79,   17.50
 238,238,   1,  405.24,    0.00,    1.17,   13.20,   13.83,    6.81,   17.42
 239,239,   1,  407.51,    0.00,    1.18,   13.00,   13.91,    6.84,   17.31
 240,240,   1,  409.77,    0.00,    1.18,   12.40,   13.99,    6.89,   17.20
 241,241,   1,  412.03,    0.00,    1.19,   12.10,   14.06,    6.93,   17.07
 242,242,   1,  414.30,    0.00,    1.20,   12.40,   14.12,    6.98,   16.93
 243,243,   1,  416.56,    0.00,    1.20,   13.70,   14.17,    7.04,   16.81
 244,244,   1,  418.82,    0.00,    1.21,   10.80,   14.20,    7.07,   16.68
 245,245,   1,  421.09,    0.00,    1.22,   13.40,   14.25,    7.12,   16.58
 246,246,   1,  423.35,    0.00,    1.22,   11.50,   14.29,    7.15,   16.47
 247,247,   1,  425.61,    0.00,    1.23,   15.90,   14.35,    7.20,   16.38
 248,248,   1,  427.88,    0.00,    1.24,   15.60,   14.45,    7.23,   16.34
 249,249,   1,  430.14,    0.00,    1.24,   14.40,   14.53,    7.26,   16.30
 250,250,   1,  432.41,    0.00,    1.25,   12.70,   14.61,    7.29,   16.24
 251,251,   1,  434.67,    0.00,    1.25,   12.20,   14.69,    7.32,   16.16
 252,252,   1,  436.93,    0.00,    1.26,   14.10,   14.78,    7.37,   16.09
 253,253,   1,  439.20,    0.00,    1.27,   13.00,   14.86,    7.41,   16.02
 254,254,   1,  441.46,    0.00,    1.27,   10.50,   14.91,    7.44,   15.92
 255,255,   1,  443.72,    0.00,    1.28,   10.90,   14.97,    7.46,   15.81
 256,256,   1,  445.99,    0.00,    1.29,   13.20,   15.04,    7.50,   15.72
 257,257,   1,  448.25,    0.00,    1.29,   12.90,   15.11,    7.55,   15.65
 258,258,   1,  450.51,    0.00,    1.30,   14.70,   15.17,    7.58,   15.60
 259,259,   1,  452.78,    0.00,    1.31,   13.70,   15.23,    7.61,   15.55
 260,260,   1,  455.04,    0.00,    1.31,   12.90,   15.28,    7.65,   15.47
 261,261,   1,  457.31,    0.00,    1.32,    9.51,   15.32,    7.67,   15.37
 262,262,   1,  459.57,    0.00,    1.33,   11.10,   15.38,    7.68,   15.27
 263,263,   1,  461.83,    0.00,    1.33,    8.37,   15.42,    7.70,   15.17
 264,264,   1,  464.10,    0.00,    1.34,    8.07,   15.43,    7.70,   15.02
 265,265,   1,  466.36,    0.00,    1.35,   13.40,   15.49,    7.73,   14.91
 266,266,   1,  468.62,    0.00,    1.35,   13.40,   15.50,    7.77,   14.88
 267,267,   1,  470.89,    0.00,    1.36,   12.90,   15.48,    7.83,   14.85
 268,268,   1,  473.15,    0.00,    1.37,   14.40,   15.47,    7.88,   14.82
 269,269,   1,  475.41,    0.00,    1.37,   12.20,   15.43,    7.94,   14.79
 270,270,   1,  477.68,    0.00,    1.38,   14.30,   15.44,    7.98,   14.75
 271,271,   1,  479.94,    0.00,    1.39,   12.70,   15.46,    8.02,   14.70
 272,272,   1,  482.20,    0.00,    1.39,   12.20,   15.47,    8.05,   14.63
 273,273,   1,  484.47,    0.00,    1.40,   12.90,   15.49,    8.09,   14.57
 274,274,   1,  486.73,    0.00,    1.41,   13.20,   15.50,    8.14,   14.52
 275,275,   1,  489.00,    0.00,    1.41,   11.70,   15.49,    8.18,   14.47
 276,276,   1,  491.26,    0.00,    1.42,   13.10,   15.50,    8.23,   14.42
 277,277,   1,  493.52,    0.00,    1.42,   12.70,   15.52,    8.27,   14.38
 278,278,   1,  495.79,    0.00,    1.43,   13.70,   15.54,    8.33,   14.34
 279,279,   1,  498.05,    0.00,    1.44,   14.10,   15.58,    8.38,   14.32
 280,280,   1,  500.31,    0.00,    1.44,   12.90,   15.61,    8.43,   14.29
 281,281,   1,  502.58,    0.00,    1.45,   13.10,   15.62,    8.48,   14.25
 282,282,   1,  504.84,    0.00,    1.46,   12.10,   15.64,    8.54,   14.21
 283,283,   1,  507.10,    0.00,    1.46,   10.30,   15.67,    8.58,   14.15
 284,284,   1,  509.37,    0.00,    1.47,    8.55,   15.65,    8.62,   14.05
 285,285,   1,  511.63,    0.00,    1.48,    7.65,   15.62,    8.66,   13.93
 286,286,   1,  513.89,    0.00,    1.48,    7.19,   15.57,    8.70,   13.80
 287,287,   1,  516.16,    0.00,    1.49,    6.15,   15.52,    8.73,   13.66
 288,288,   1,  518.42,    0.00,    1.50,    6.31,   15.47,    8.80,   13.51
 289,289,   1,  520.69,    0.00,    1.50,    6.52,   15.41,    8.83,   13.38
 290,290,   1,  522.95,    0.00,    1.51,    5.62,   15.33,    8.87,   13.24
 291,291,   1,  525.21,    0.00,    1.52,    6.54,   15.26,    8.90,   13.11
 292,292,   1,  527.48,    0.00,    1.52,    2.31,   15.15,    8.91,   12.95
 293,293,   1,  529.74,    0.00,    1.53,    1.62,   15.02,    8.91,   12.75
 294,294,   1,  532.00,    0.00,    1.54,    0.80,   14.89,    8.91,   12.55
 295,295,   1,  534.27,    0.00,    1.54,    8.47,   14.82,    8.93,   12.40
 296,296,   1,  536.53,    0.00,    1.55,   10.60,   14.77,    8.96,   12.34
 297,297,   1,  538.79,    0.00,    1.56,    3.65,   14.66,    8.98,   12.24
 298,298,   1,  541.06,    0.00,    1.56,    0.89,   14.53,    8.99,   12.06
 299,299,   1,  543.32,    0.00,    1.57,    7.93,   14.47,    9.03,   11.92
 300,300,   1,  545.59,    0.00,    1.58,   10.50,   14.44,    9.09,   11.87
 301,301,   1,  547.85,    0.00,    1.58,    9.36,   14.39,    9.15,   11.83
 302,302,   1,  550.11,    0.00,    1.59,    7.71,   14.36,    9.19,   11.77
 303,303,   1,  552.38,    0.00,    1.59,    5.48,   14.26,    9.26,   11.68
 304,304,   1,  554.64,    0.00,    1.60,    1.63,   14.15,    9.31,   11.53
 305,305,   1,  556.90,    0.00,    1.61,    5.27,   14.09,    9.37,   11.39
 306,306,   1,  559.17,    0.00,    1.61,    9.44,   14.03,    9.44,   11.32
 307,307,   1,  561.43,    0.00,    1.62,   12.80,   13.98,    9.51,   11.32
 308,308,   1,  563.69,    0.00,    1.63,    9.79,   13.90,    9.58,   11.32
 309,309,   1,  565.96,    0.00,    1.63,    5.61,   13.80,    9.64,   11.26
 310,310,   1,  568.22,    0.00,    1.64,    7.16,   13.72,    9.70,   11.18
 311,311,   1,  570.48,    0.00,    1.65,    7.95,   13.64,    9.79,   11.13
 312,312,   1,  572.75,    0.00,    1.65,    7.95,   13.53,    9.86,   11.08
 313,313,   1,  575.01,    0.00,    1.66,    6.25,   13.41,    9.95,   11.02
 314,314,   1,  577.28,    0.00,    1.67,    5.05,   13.27,   10.02,   10.93
 315,315,   1,  579.54,    0.00,    1.67,    3.98,   13.13,   10.09,   10.83
 316,316,   1,  581.80,    0.00,    1.68,    6.07,   13.01,   10.15,   10.73
 317,317,   1,  584.07,    0.00,    1.69,    5.30,   12.90,   10.21,   10.65
 318,318,   1,  586.33,    0.00,    1.69,    6.58,   12.84,   10.25,   10.57
 319,319,   1,  588.59,    0.00,    1.70,    7.00,   12.77,   10.31,   10.51
 320,320,   1,  590.86,    0.00,    1.71,    7.63,   12.71,   10.37,   10.47
 321,321,   1,  593.12,    0.00,    1.71,    9.99,   12.67,   10.43,   10.44
 322,322,   1,  595.38,    0.00,    1.72,    8.66,   12.64,   10.48,   10.43
 323,323,   1,  597.65,    0.00,    1.73,   11.50,   12.62,   10.52,   10.43
 324,324,   1,  599.91,    0.00,    1.73,    5.96,   12.55,   10.53,   10.41
 325,325,   1,  602.18,    0.00,    1.74,   -0.44,   12.44,   10.52,   10.29
 326,326,   1,  604.44,    0.00,    1.75,    1.90,   12.37,   10.52,   10.14
 327,327,   1,  606.70,    0.00,    1.75,    5.53,   12.30,   10.53,   10.05
 328,328,   1,  608.97,    0.00,    1.76,    2.80,   12.23,   10.52,    9.96
 329,329,   1,  611.23,    0.00,    1.76,    2.16,   12.14,   10.50,    9.85
 330,330,   1,  613.49,    0.00,    1.77,    7.45,   12.10,   10.50,    9.78
 331,331,   1,  615.76,    0.00,    1.78,    5.18,   12.04,   10.51,    9.73
 332,332,   1,  618.02,    0.00,    1.78,   -1.01,   11.91,   10.50,    9.62
 333,333,   1,  620.28,    0.00,    1.79,    0.30,   11.79,   10.49,    9.47
 334,334,   1,  622.55,    0.00,    1.80,   -1.28,   11.66,   10.47,    9.32
 335,335,   1,  624.81,    0.00,    1.80,   -0.82,   11.50,   10.46,    9.16
 336,336,   1,  627.08,    0.00,    1.81,    1.63,   11.37,   10.47,    9.03
 337,337,   1,  629.34,    0.00,    1.82,    1.42,   11.23,   10.49,    8.93
 338,338,   1,  631.60,    0.00,    1.82,    2.42,   11.11,   10.49,    8.83
 339,339,   1,  633.87,    0.00,    1.83,    3.24,   11.03,   10.50,    8.74
 340,340,   1,  636.13,    0.00,    1.84,    5.76,   10.97,   10.53,    8.69
 341,341,   1,  638.39,    0.00,    1.84,    7.10,   10.92,   10.56,    8.66
 342,342,   1,  640.66,    0.00,    1.85,    4.73,   10.85,   10.60,    8.63
 343,343,   1,  642.92,    0.00,    1.86,    2.77,   10.76,   10.61,    8.56
 344,344,   1,  645.18,    0.00,    1.86,    1.98,   10.65,   10.61,    8.48
 345,345,   1,  647.45,    0.00,    1.87,    1.87,   10.53,   10.61,    8.39
 346,346,   1,  649.71,    0.00,    1.88,    1.66,   10.42,   10.61,    8.30
 347,347,   1,  651.97,    0.00,    1.88,    4.28,   10.34,   10.62,    8.23
 348,348,   1,  654.24,    0.00,    1.89,    2.65,   10.24,   10.62,    8.17
 349,349,   1,  656.50,    0.00,    1.90,    0.75,   10.12,   10.63,    8.08
 350,350,   1,  658.77,    0.00,    1.90,    5.41,   10.03,   10.65,    8.02
 351,351,   1,  661.03,    0.00,    1.91,    4.84,    9.92,   10.68,    7.99
 352,352,   1,  663.29,    0.00,    1.92,    3.28,    9.82,   10.68,    7.94
 353,353,   1,  665.56,    0.00,    1.92,    4.60,    9.73,   10.69,    7.90
 354,354,   1,  667.82,    0.00,    1.93,    6.02,    9.66,   10.69,    7.87
 355,355,   1,  670.08,    0.00,    1.93,    5.60,    9.56,   10.69,    7.85
 356,356,   1,  672.35,    0.00,    1.94,    6.16,    9.44,   10.69,    7.84
 357,357,   1,  674.61,    0.00,    1.95,    4.42,    9.31,   10.68,    7.81
 358,358,   1,  676.87,    0.00,    1.95,    2.92,    9.20,   10.66,    7.76
 359,359,   1,  679.14,    0.00,    1.96,   -1.91,    9.07,   10.63,    7.67
 360,360,   1,  681.40,    0.00,    1.97,   -0.83,    8.95,   10.61,    7.55
 361,361,   1,  683.67,    0.00,    1.97,   -3.49,    8.78,   10.57,    7.42
 362,362,   1,  685.93,    0.00,    1.98,    3.25,    8.67,   10.54,    7.33
 363,363,   1,  688.19,    0.00,    1.99,    3.42,    8.55,   10.53,    7.28
 364,364,   1,  690.46,    0.00,    1.99,    3.88,    8.42,   10.53,    7.24
 365,365,   1,  692.72,    0.00,    2.00,    1.42,    8.28,   10.53,    7.19
 366,  1,   2,  692.72,    0.00,    2.00,    0.13,    8.13,   10.51,    7.11
 367,  2,   2,  697.59,    0.00,    2.01,    0.63,    7.98,   10.49,    7.03
 368,  3,   2,  702.47,    0.00,    2.03,   -0.76,    7.82,   10.47,    6.94
 369,  4,   2,  707.34,    0.00,    2.04,   -0.13,    7.68,   10.46,    6.85
 370,  5,   2,  712.21,    0.00,    2.06,   -0.56,    7.53,   10.45,    6.76
 371,  6,   2,  717.08,    0.00,    2.07,   -1.87,    7.36,   10.44,    6.67
 372,  7,   2,  721.96,    0.00,    2.08,   -0.74,    7.22,   10.42,    6.57
 373,  8,   2,  726.83,    0.00,    2.10,   -0.19,    7.11,   10.40,    6.49
 374,  9,   2,  731.70,    0.00,    2.11,   -2.27,    6.99,   10.38,    6.40
 375, 10,   2,  736.57,    0.00,    2.13,   -1.53,    6.89,   10.37,    6.30
 376, 11,   2,  741.45,    0.00,    2.14,   -1.90,    6.78,   10.35,    6.20
 377, 12,   2,  746.32,    0.00,    2.15,   -3.19,    6.67,   10.33,    6.10
 378, 13,   2,  751.19,    0.00,    2.17,   -3.35,    6.55,   10.31,    5.99
 379, 14,   2,  756.06,    0.00,    2.18,   -4.47,    6.42,   10.28,    5.87
 380, 15,   2,  760.94,    0.00,    2.20,  -10.20,    6.26,   10.22,    5.71
 381, 16,   2,  765.81,    0.00,    2.21,   -3.91,    6.14,   10.18,    5.56
 382, 17,   2,  770.68,    0.00,    2.23,   -3.05,    6.03,   10.15,    5.46
 383, 18,   2,  775.55,    0.00,    2.24,   -1.67,    5.90,   10.12,    5.37
 384, 19,   2,  780.43,    0.00,    2.25,   -1.51,    5.78,   10.08,    5.29
 385, 20,   2,  785.30,    0.00,    2.27,    0.34,    5.67,   10.08,    5.23
 386, 21,   2,  790.17,    0.00,    2.28,    2.02,    5.59,   10.07,    5.20
 387, 22,   2,  795.04,    0.00,    2.30,    1.96,    5.52,   10.07,    5.17
 388, 23,   2,  799.92,    0.00,    2.31,    3.00,    5.44,   10.08,    5.16
 389, 24,   2,  804.79,    0.00,    2.32,   -1.90,    5.33,   10.07,    5.12
 390, 25,   2,  809.66,    0.00,    2.34,   -0.95,    5.24,   10.05,    5.05
 391, 26,   2,  814.53,    0.00,    2.35,   -3.49,    5.14,   10.03,    4.98
 392, 27,   2,  819.41,    0.00,    2.37,   -7.17,    4.99,    9.99,    4.86
 393, 28,   2,  824.28,    0.00,    2.38,   -4.99,    4.86,    9.96,    4.74
 394, 29,   2,  829.15,    0.00,    2.39,   -4.31,    4.72,    9.93,    4.64
 395, 30,   2,  834.03,    0.00,    2.41,  -12.10,    4.53,    9.86,    4.50
 396, 31,   2,  838.90,    0.00,    2.42,  -14.30,    4.33,    9.79,    4.30
 397, 32,   2,  843.77,    0.00,    2.44,  -11.20,    4.17,    9.72,    4.12
 398, 33,   2,  848.64,    0.00,    2.45,   -7.32,    4.04,    9.69,    3.98
 399, 34,   2,  853.52,    0.00,    2.46,   -7.08,    3.92,    9.65,    3.86
 400, 35,   2,  858.39,    0.00,    2.48,   -9.35,    3.80,    9.60,    3.73
 401, 36,   2,  863.26,    0.00,    2.49,  -10.90,    3.62,    9.54,    3.59
 402, 37,   2,  868.13,    0.00,    2.51,  -10.50,    3.44,    9.48,    3.44
 403, 38,   2,  873.01,    0.00,    2.52,  -14.30,    3.24,    9.38,    3.27
 404, 39,   2,  877.88,    0.00,    2.53,  -12.80,    3.04,    9.28,    3.09
 405, 40,   2,  882.75,    0.00,    2.55,  -17.20,    2.83,    9.16,    2.90
 406, 41,   2,  887.62,    0.00,    2.56,  -15.40,    2.61,    9.04,    2.70
 407, 42,   2,  892.50,    0.00,    2.58,  -14.20,    2.41,    8.94,    2.52
 408, 43,   2,  897.37,    0.00,    2.59,  -11.40,    2.24,    8.86,    2.36
 409, 44,   2,  902.24,    0.00,    2.60,   -9.19,    2.07,    8.79,    2.24
 410, 45,   2,  907.11,    0.00,    2.62,   -4.32,    1.95,    8.73,    2.17
 411, 46,   2,  911.99,    0.00,    2.63,  -10.40,    1.78,    8.65,    2.08
 412, 47,   2,  916.86,    0.00,    2.65,   -9.96,    1.61,    8.57,    1.97
 413, 48,   2,  921.73,    0.00,    2.66,   -4.58,    1.49,    8.51,    1.89
 414, 49,   2,  926.60,    0.00,    2.68,   -4.90,    1.35,    8.45,    1.83
 415, 50,   2,  931.48,    0.00,    2.69,    0.31,    1.25,    8.41,    1.81
 416, 51,   2,  936.35,    0.00,    2.70,    2.10,    1.17,    8.39,    1.82
 417, 52,   2,  941.22,    0.00,    2.72,    3.37,    1.10,    8.37,    1.85
 418, 53,   2,  946.09,    0.00,    2.73,    2.15,    1.02,    8.34,    1.88
 419, 54,   2,  950.97,    0.00,    2.75,    2.42,    0.97,    8.31,    1.91
 420, 55,   2,  955.84,    0.00,    2.76,    5.28,    0.94,    8.31,    1.95
 421, 56,   2,  960.71,    0.00,    2.77,    8.64,    0.95,    8.30,    2.02
 422, 57,   2,  965.58,    0.00,    2.79,    5.76,    0.94,    8.27,    2.10
 423, 58,   2,  970.46,    0.00,    2.80,    2.15,    0.91,    8.23,    2.15
 424, 59,   2,  975.33,    0.00,    2.82,    3.62,    0.89,    8.20,    2.18
 425, 60,   2,  980.20,    0.00,    2.83,    3.07,    0.86,    8.16,    2.22
 426, 61,   2,  173.18,    0.00,    0.50,    3.08,    0.85,    8.12,    2.35
 427, 62,   2,  174.23,    0.00,    0.50,    2.35,    0.81,    8.07,    2.53
 428, 63,   2,  175.28,    0.00,    0.51,   -1.00,    0.79,    8.01,    2.57
 429, 64,   2,  176.33,    0.00,    0.51,   -3.36,    0.75,    7.93,    2.46
 430, 65,   2,  177.37,    0.00,    0.51,    1.65,    0.76,    7.87,    2.41
 431, 66,   2,  178.42,    0.00,    0.52,   -0.44,    0.69,    7.79,    2.43
 432, 67,   2,  179.47,    0.00,    0.52,   -0.88,    0.61,    7.73,    2.41
 433, 68,   2,  180.52,    0.00,    0.52,   -1.76,    0.57,    7.66,    2.34
 434, 69,   2,  181.57,    0.00,    0.52,   -5.37,    0.52,    7.57,    2.12
 435, 70,   2,  182.62,    0.00,    0.53,   -1.65,    0.45,    7.49,    1.93
 436, 71,   2,  183.67,    0.00,    0.53,    1.73,    0.39,    7.44,    1.93
 437, 72,   2,  184.71,    0.00,    0.53,    3.08,    0.34,    7.40,    2.06
 438, 73,   2,  185.76,    0.00,    0.54,    1.80,    0.30,    7.35,    2.19
 439, 74,   2,  186.81,    0.00,    0.54,    1.88,    0.27,    7.31,    2.29
 440, 75,   2,  187.86,    0.00,    0.54,    0.96,    0.27,    7.24,    2.38
 441, 76,   2,  188.91,    0.00,    0.55,   -0.37,    0.23,    7.18,    2.39
 442, 77,   2,  189.96,    0.00,    0.55,   -1.41,    0.15,    7.13,    2.34
 443, 78,   2,  191.01,    0.00,    0.55,   -2.34,    0.04,    7.06,    2.26
 444, 79,   2,  192.06,    0.00,    0.55,    2.65,   -0.02,    6.99,    2.29
 445, 80,   2,  193.10,    0.00,    0.56,    3.33,   -0.03,    6.93,    2.46
 446, 81,   2,  194.15,    0.00,    0.56,    4.03,   -0.06,    6.87,    2.66
 447, 82,   2,  195.20,    0.00,    0.56,    6.68,   -0.07,    6.83,    2.94
 448, 83,   2,  196.25,    0.00,    0.57,    7.06,   -0.07,    6.79,    3.26
 449, 84,   2,  197.30,    0.00,    0.57,    6.62,   -0.07,    6.73,    3.57
 450, 85,   2,  198.35,    0.00,    0.57,    6.45,   -0.06,    6.67,    3.84
 451, 86,   2,  199.40,    0.00,    0.58,    7.14,   -0.04,    6.61,    4.09
 452, 87,   2,  200.44,    0.00,    0.58,    4.45,   -0.05,    6.54,    4.25
 453, 88,   2,  201.49,    0.00,    0.58,    8.21,   -0.03,    6.49,    4.40
 454, 89,   2,  202.54,    0.00,    0.58,   10.80,    0.00,    6.45,    4.71
 455, 90,   2,  203.59,    0.00,    0.59,    5.88,   -0.00,    6.42,    4.93
 456, 91,   2,  204.64,    0.00,    0.59,    3.55,   -0.03,    6.37,    5.01
 457, 92,   2,  205.69,    0.00,    0.59,    3.70,   -0.08,    6.33,    5.05
 458, 93,   2,  206.74,    0.00,    0.60,    5.08,   -0.11,    6.29,    5.13
 459, 94,   2,  207.78,    0.00,    0.60,    6.60,   -0.14,    6.27,    5.30
 460, 95,   2,  208.83,    0.00,    0.60,    2.11,   -0.17,    6.22,    5.35
 461, 96,   2,  209.88,    0.00,    0.61,    3.40,   -0.14,    6.18,    5.32
 462, 97,   2,  210.93,    0.00,    0.61,    3.07,   -0.13,    6.14,    5.33
 463, 98,   2,  211.98,    0.00,    0.61,    1.28,   -0.17,    6.10,    5.31
 464, 99,   2,  213.03,    0.00,    0.62,    4.12,   -0.16,    6.06,    5.29
 465,100,   2,  214.08,    0.00,    0.62,    4.18,   -0.14,    6.03,    5.35
 466,101,   2,  215.12,    0.00,    0.62,    3.23,   -0.17,    5.99,    5.40
 467,102,   2,  216.17,    0.00,    0.62,    2.96,   -0.19,    5.95,    5.36
 468,103,   2,  217.22,    0.00,    0.63,    2.29,   -0.16,    5.91,    5.30
 469,104,   2,  218.27,    0.00,    0.63,    1.39,   -0.16,    5.86,    5.25
 470,105,   2,  219.32,    0.00,    0.63,    2.40,   -0.13,    5.81,    5.24
 471,106,   2,  220.37,    0.00,    0.64,    4.49,   -0.09,    5.76,    5.31
 472,107,   2,  221.42,    0.00,    0.64,    6.48,   -0.05,    5.71,    5.46
 473,108,   2,  222.46,    0.00,    0.64,    6.48,   -0.02,    5.66,    5.65
 474,109,   2,  223.51,    0.00,    0.65,    6.22,    0.01,    5.61,    5.83
 475,110,   2,  224.56,    0.00,    0.65,    7.10,    0.04,    5.56,    6.01
 476,111,   2,  225.61,    0.00,    0.65,    7.52,    0.05,    5.54,    6.18
 477,112,   2,  226.66,    0.00,    0.65,    1.53,    0.01,    5.49,    6.16
 478,113,   2,  227.71,    0.00,    0.66,    3.52,    0.00,    5.46,    6.06
 479,114,   2,  228.76,    0.00,    0.66,    1.88,   -0.00,    5.41,    6.00
 480,115,   2,  229.80,    0.00,    0.66,    0.99,   -0.01,    5.36,    5.86
 481,116,   2,  230.85,    0.00,    0.67,    1.74,   -0.01,    5.31,    5.73
 482,117,   2,  231.90,    0.00,    0.67,    2.71,   -0.00,    5.25,    5.67
 483,118,   2,  232.95,    0.00,    0.67,    3.22,   -0.01,    5.20,    5.66
 484,119,   2,  234.00,    0.00,    0.68,    3.48,   -0.01,    5.16,    5.65
 485,120,   2,  235.05,    0.00,    0.68,    3.42,    0.01,    5.11,    5.67
 486,121,   2,  236.10,    0.00,    0.68,    3.76,    0.00,    5.06,    5.70
 487,122,   2,  237.15,    0.00,    0.68,    6.16,    0.01,    5.02,    5.77
 488,123,   2,  238.19,    0.00,    0.69,    5.55,    0.03,    4.97,    5.87
 489,124,   2,  239.24,    0.00,    0.69,    6.52,    0.04,    4.93,    5.97
 490,125,   2,  240.29,    0.00,    0.69,    3.37,    0.02,    4.88,    5.98
 491,126,   2,  241.34,    0.00,    0.70,    3.10,    0.00,    4.84,    5.89
 492,127,   2,  242.39,    0.00,    0.70,    3.17,   -0.02,    4.78,    5.82
 493,128,   2,  243.44,    0.00,    0.70,    6.07,   -0.01,    4.72,    5.87
 494,129,   2,  244.49,    0.00,    0.71,    5.90,    0.02,    4.66,    5.96
 495,130,   2,  245.53,    0.00,    0.71,   12.50,    0.12,    4.64,    6.13
 496,131,   2,  246.58,    0.00,    0.71,   15.40,    0.24,    4.63,    6.51
 497,132,   2,  247.63,    0.00,    0.71,   15.60,    0.38,    4.64,    6.97
 498,133,   2,  248.68,    0.00,    0.72,   17.60,    0.49,    4.63,    7.47
 499,134,   2,  249.73,    0.00,    0.72,   13.00,    0.56,    4.61,    7.85
 500,135,   2,  250.78,    0.00,    0.72,    9.62,    0.60,    4.57,    8.00
 501,136,   2,  251.83,    0.00,    0.73,   10.90,    0.67,    4.53,    8.10
 502,137,   2,  252.87,    0.00,    0.73,   10.90,    0.75,    4.50,    8.23
 503,138,   2,  253.92,    0.00,    0.73,   11.50,    0.83,    4.47,    8.39
 504,139,   2,  254.97,    0.00,    0.74,   12.50,    0.93,    4.44,    8.61
 505,140,   2,  256.02,    0.00,    0.74,   12.50,    1.02,    4.40,    8.85
 506,141,   2,  257.07,    0.00,    0.74,    9.93,    1.10,    4.37,    9.00
 507,142,   2,  258.12,    0.00,    0.75,   11.20,    1.19,    4.34,    9.12
 508,143,   2,  259.17,    0.00,    0.75,    8.07,    1.26,    4.29,    9.17
 509,144,   2,  260.21,    0.00,    0.75,    8.70,    1.32,    4.26,    9.14
 510,145,   2,  261.26,    0.00,    0.75,   11.80,    1.43,    4.24,    9.21
 511,146,   2,  262.31,    0.00,    0.76,    9.02,    1.50,    4.23,    9.26
 512,147,   2,  263.36,    0.00,    0.76,    6.45,    1.56,    4.20,    9.16
 513,148,   2,  264.41,    0.00,    0.76,   11.30,    1.67,    4.20,    9.19
 514,149,   2,  265.46,    0.00,    0.77,   12.10,    1.78,    4.20,    9.39
 515,150,   2,  266.51,    0.00,    0.77,   13.60,    1.92,    4.20,    9.64
 516,151,   2,  267.56,    0.00,    0.77,   13.60,    2.09,    4.20,    9.85
 517,152,   2,  268.60,    0.00,    0.78,   13.00,    2.22,    4.21,   10.03
 518,153,   2,  269.65,    0.00,    0.78,   14.90,    2.35,    4.22,   10.25
 519,154,   2,  270.70,    0.00,    0.78,   15.40,    2.47,    4.23,   10.50
 520,155,   2,  271.75,    0.00,    0.78,   15.90,    2.60,    4.23,   10.76
 521,156,   2,  272.80,    0.00,    0.79,   18.00,    2.73,    4.24,   11.07
 522,157,   2,  273.85,    0.00,    0.79,   18.80,    2.86,    4.26,   11.41
 523,158,   2,  274.90,    0.00,    0.79,   19.10,    2.98,    4.28,   11.72
 524,159,   2,  275.94,    0.00,    0.80,   17.40,    3.09,    4.30,   11.96
 525,160,   2,  276.99,    0.00,    0.80,   17.30,    3.23,    4.31,   12.16
 526,161,   2,  278.04,    0.00,    0.80,   18.40,    3.37,    4.33,   12.41
 527,162,   2,  279.09,    0.00,    0.81,   19.40,    3.54,    4.36,   12.69
 528,163,   2,  280.14,    0.00,    0.81,   15.70,    3.71,    4.38,   12.87
 529,164,   2,  281.19,    0.00,    0.81,   14.90,    3.85,    4.39,   12.99
 530,165,   2,  282.24,    0.00,    0.81,   15.40,    4.00,    4.40,   13.11
 531,166,   2,  283.28,    0.00,    0.82,   13.00,    4.18,    4.39,   13.11
 532,167,   2,  284.33,    0.00,    0.82,   18.30,    4.42,    4.41,   13.19
 533,168,   2,  285.38,    0.00,    0.82,   16.40,    4.63,    4.42,   13.33
 534,169,   2,  286.43,    0.00,    0.83,   13.30,    4.78,    4.43,   13.33
 535,170,   2,  287.48,    0.00,    0.83,   17.60,    4.96,    4.46,   13.41
 536,171,   2,  289.21,    0.00,    0.83,   20.40,    5.18,    4.50,   13.67
 537,172,   2,  290.94,    0.00,    0.84,   20.60,    5.41,    4.55,   13.95
 538,173,   2,  292.67,    0.00,    0.84,   19.30,    5.63,    4.57,   14.21
 539,174,   2,  294.41,    0.00,    0.85,   17.60,    5.86,    4.58,   14.41
 540,175,   2,  296.14,    0.00,    0.85,   19.10,    6.10,    4.61,   14.60
 541,176,   2,  297.87,    0.00,    0.86,   22.50,    6.39,    4.64,   14.85
 542,177,   2,  299.60,    0.00,    0.86,   23.50,    6.68,    4.68,   15.17
 543,178,   2,  301.33,    0.00,    0.87,   23.10,    6.95,    4.71,   15.48
 544,179,   2,  303.07,    0.00,    0.87,   23.20,    7.20,    4.75,   15.77
 545,180,   2,  304.80,    0.00,    0.88,   22.70,    7.44,    4.79,   16.01
 546,181,   2,  306.53,    0.00,    0.88,   19.80,    7.62,    4.81,   16.18
 547,182,   2,  308.26,    0.00,    0.89,   15.60,    7.81,    4.82,   16.20
 548,183,   2,  309.99,    0.00,    0.89,   15.70,    8.00,    4.84,   16.17
 549,184,   2,  311.72,    0.00,    0.90,   15.50,    8.14,    4.84,   16.15
 550,185,   2,  313.46,    0.00,    0.90,   15.40,    8.29,    4.85,   16.14
 551,186,   2,  315.19,    0.00,    0.91,   13.60,    8.39,    4.85,   16.09
 552,187,   2,  316.92,    0.00,    0.91,   14.50,    8.48,    4.85,   15.98
 553,188,   2,  318.65,    0.00,    0.92,   14.30,    8.56,    4.86,   15.88
 554,189,   2,  320.38,    0.00,    0.92,   14.70,    8.65,    4.87,   15.83
 555,190,   2,  322.11,    0.00,    0.93,   11.90,    8.72,    4.87,   15.77
 556,191,   2,  323.85,    0.00,    0.93,   14.60,    8.79,    4.88,   15.72
 557,192,   2,  325.58,    0.00,    0.94,   12.90,    8.82,    4.90,   15.66
 558,193,   2,  327.31,    0.00,    0.94,   14.20,    8.89,    4.92,   15.59
 559,194,   2,  329.04,    0.00,    0.95,   13.30,    8.97,    4.94,   15.54
 560,195,   2,  330.77,    0.00,    0.95,   13.50,    9.04,    4.97,   15.49
 561,196,   2,  332.51,    0.00,    0.96,   16.00,    9.14,    5.01,   15.48
 562,197,   2,  334.24,    0.00,    0.96,   16.20,    9.23,    5.04,   15.49
 563,198,   2,  335.97,    0.00,    0.97,   17.30,    9.34,    5.08,   15.53
 564,199,   2,  337.70,    0.00,    0.97,   20.00,    9.50,    5.13,   15.66
 565,200,   2,  339.43,    0.00,    0.98,   19.50,    9.66,    5.20,   15.80
 566,201,   2,  341.16,    0.00,    0.98,   20.50,    9.80,    5.27,   15.93
 567,202,   2,  342.90,    0.00,    0.99,   19.50,    9.95,    5.33,   16.04
 568,203,   2,  344.63,    0.00,    0.99,   13.90,   10.06,    5.35,   16.03
 569,204,   2,  346.36,    0.00,    1.00,   14.30,   10.18,    5.37,   15.98
 570,205,   2,  348.09,    0.00,    1.01,   12.80,   10.31,    5.40,   15.94
 571,206,   2,  349.82,    0.00,    1.01,   14.40,   10.43,    5.45,   15.90
 572,207,   2,  351.56,    0.00,    1.01,   15.20,   10.53,    5.48,   15.89
 573,208,   2,  353.29,    0.00,    1.02,   17.20,   10.63,    5.50,   15.93
 574,209,   2,  355.02,    0.00,    1.02,   18.80,   10.76,    5.54,   16.01
 575,210,   2,  356.75,    0.00,    1.03,   16.10,   10.86,    5.57,   16.04
 576,211,   2,  358.48,    0.00,    1.03,   15.60,   10.97,    5.60,   16.02
 577,212,   2,  360.21,    0.00,    1.04,   16.00,   11.09,    5.66,   16.00
 578,213,   2,  361.95,    0.00,    1.04,   16.90,   11.22,    5.70,   16.00
 579,214,   2,  363.68,    0.00,    1.05,   18.10,   11.37,    5.73,   16.06
 580,215,   2,  365.41,    0.00,    1.05,   19.10,   11.49,    5.75,   16.14
 581,216,   2,  367.14,    0.00,    1.06,   17.50,   11.60,    5.78,   16.20
 582,217,   2,  368.87,    0.00,    1.06,   15.90,   11.69,    5.82,   16.22
 583,218,   2,  370.61,    0.00,    1.07,   15.60,   11.75,    5.85,   16.21
 584,219,   2,  372.34,    0.00,    1.07,   19.70,   11.84,    5.89,   16.25
 585,220,   2,  374.07,    0.00,    1.08,   21.70,   11.96,    5.94,   16.37
 586,221,   2,  375.80,    0.00,    1.08,   22.70,   12.08,    6.00,   16.55
 587,222,   2,  377.53,    0.00,    1.09,   18.30,   12.16,    6.05,   16.67
 588,223,   2,  379.26,    0.00,    1.09,   15.80,   12.24,    6.10,   16.70
 589,224,   2,  381.00,    0.00,    1.10,   14.90,   12.29,    6.13,   16.69
 590,225,   2,  382.73,    0.00,    1.10,   19.20,   12.35,    6.18,   16.72
 591,226,   2,  384.46,    0.00,    1.11,   18.60,   12.45,    6.22,   16.79
 592,227,   2,  386.19,    0.00,    1.11,   20.30,   12.57,    6.27,   16.86
 593,228,   2,  387.92,    0.00,    1.12,   21.90,   12.70,    6.32,   16.98
 594,229,   2,  389.66,    0.00,    1.12,   20.30,   12.81,    6.36,   17.10
 595,230,   2,  391.39,    0.00,    1.13,   19.90,   12.91,    6.40,   17.18
 596,231,   2,  393.12,    0.00,    1.13,   20.80,   13.05,    6.44,   17.26
 597,232,   2,  394.85,    0.00,    1.14,   20.90,   13.18,    6.49,   17.36
 598,233,   2,  396.58,    0.00,    1.14,   19.40,   13.30,    6.56,   17.42
 599,234,   2,  398.31,    0.00,    1.15,   19.80,   13.43,    6.63,   17.46
 600,235,   2,  400.05,    0.00,    1.15,   20.60,   13.56,    6.69,   17.51
 601,236,   2,  401.78,    0.00,    1.16,   18.30,   13.66,    6.74,   17.53
 602,237,   2,  403.51,    0.00,    1.16,   15.90,   13.75,    6.79,   17.50
 603,238,   2,  405.24,    0.00,    1.17,   13.20,   13.83,    6.81,   17.42
 604,239,   2,  407.51,    0.00,    1.18,   13.00,   13.91,    6.84,   17.31
 605,240,   2,  409.77,    0.00,    1.18,   12.40,   13.99,    6.89,   17.20
 606,241,   2,  412.03,    0.00,    1.19,   12.10,   14.06,    6.93,   17.07
 607,242,   2,  414.30,    0.00,    1.20,   12.40,   14.12,    6.98,   16.93
 608,243,   2,  416.56,    0.00,    1.20,   13.70,   14.17,    7.04,   16.81
 609,244,   2,  418.82,    0.00,    1.21,   10.80,   14.20,    7.07,   16.68
 610,245,   2,  421.09,    0.00,    1.22,   13.40,   14.25,    7.12,   16.57
 611,246,   2,  423.35,    0.00,    1.22,   11.50,   14.29,    7.15,   16.47
 612,247,   2,  425.61,    0.00,    1.23,   15.90,   14.35,    7.20,   16.38
 613,248,   2,  427.88,    0.00,    1.24,   15.60,   14.45,    7.23,   16.34
 614,249,   2,  430.14,    0.00,    1.24,   14.40,   14.53,    7.26,   16.30
 615,250,   2,  432.41,    0.00,    1.25,   12.70,   14.61,    7.29,   16.24
 616,251,   2,  434.67,    0.00,    1.25,   12.20,   14.69,    7.32,   16.16
 617,252,   2,  436.93,    0.00,    1.26,   14.10,   14.78,    7.37,   16.09
 618,253,   2,  439.20,    0.00,    1.27,   13.00,   14.86,    7.41,   16.02
 619,254,   2,  441.46,    0.00,    1.27,   10.50,   14.91,    7.44,   15.92
 620,255,   2,  443.72,    0.00,    1.28,   10.90,   14.97,    7.46,   15.81
 621,256,   2,  445.99,    0.00,    1.29,   13.20,   15.04,    7.50,   15.72
 622,257,   2,  448.25,    0.00,    1.29,   12.90,   15.11,    7.55,   15.65
 623,258,   2,  450.51,    0.00,    1.30,   14.70,   15.17,    7.58,   15.60
 624,259,   2,  452.78,    0.00,    1.31,   13.70,   15.23,    7.61,   15.55
 625,260,   2,  455.04,    0.00,    1.31,   12.90,   15.28,    7.65,   15.47
 626,261,   2,  457.31,    0.00,    1.32,    9.51,   15.32,    7.67,   15.37
 627,262,   2,  459.57,    0.00,    1.33,   11.10,   15.38,    7.68,   15.27
 628,263,   2,  461.83,    0.00,    1.33,    8.37,   15.42,    7.70,   15.16
 629,264,   2,  464.10,    0.00,    1.34,    8.07,   15.43,    7.70,   15.02
 630,265,   2,  466.36,    0.00,    1.35,   13.40,   15.49,    7.73,   14.91
 631,266,   2,  468.62,    0.00,    1.35,   13.40,   15.50,    7.77,   14.88
 632,267,   2,  470.89,    0.00,    1.36,   12.90,   15.48,    7.83,   14.85
 633,268,   2,  473.15,    0.00,    1.37,   14.40,   15.47,    7.88,   14.82
 634,269,   2,  475.41,    0.00,    1.37,   12.20,   15.43,    7.94,   14.79
 635,270,   2,  477.68,    0.00,    1.38,   14.30,   15.44,    7.98,   14.75
 636,271,   2,  479.94,    0.00,    1.39,   12.70,   15.46,    8.02,   14.70
 637,272,   2,  482.20,    0.00,    1.39,   12.20,   15.47,    8.05,   14.63
 638,273,   2,  484.47,    0.00,    1.40,   12.90,   15.49,    8.09,   14.57
 639,274,   2,  486.73,    0.00,    1.41,   13.20,   15.50,    8.14,   14.52
 640,275,   2,  489.00,    0.00,    1.41,   11.70,   15.49,    8.18,   14.47
 641,276,   2,  491.26,    0.00,    1.42,   13.10,   15.50,    8.23,   14.42
 642,277,   2,  493.52,    0.00,    1.42,   12.70,   15.52,    8.27,   14.38
 643,278,   2,  495.79,    0.00,    1.43,   13.70,   15.54,    8.33,   14.34
 644,279,   2,  498.05,    0.00,    1.44,   14.10,   15.58,    8.38,   14.32
 645,280,   2,  500.31,    0.00,    1.44,   12.90,   15.61,    8.43,   14.29
 646,281,   2,  502.58,    0.00,    1.45,   13.10,   15.62,    8.48,   14.25
 647,282,   2,  504.84,    0.00,    1.46,   12.10,   15.64,    8.54,   14.21
 648,283,   2,  507.10,    0.00,    1.46,   10.30,   15.67,    8.58,   14.15
 649,284,   2,  509.37,    0.00,    1.47,    8.55,   15.65,    8.62,   14.05
 650,285,   2,  511.63,    0.00,    1.48,    7.65,   15.62,    8.66,   13.93
 651,286,   2,  513.89,    0.00,    1.48,    7.19,   15.57,    8.70,   13.80
 652,287,   2,  516.16,    0.00,    1.49,    6.15,   15.52,    8.73,   13.66
 653,288,   2,  518.42,    0.00,    1.50,    6.31,   15.47,    8.80,   13.51
 654,289,   2,  520.69,    0.00,    1.50,    6.52,   15.41,    8.83,   13.38
 655,290,   2,  522.95,    0.00,    1.51,    5.62,   15.33,    8.87,   13.24
 656,291,   2,  525.21,    0.00,    1.52,    6.54,   15.26,    8.90,   13.11
 657,292,   2,  527.48,    0.00,    1.52,    2.31,   15.15,    8.91,   12.95
 658,293,   2,  529.74,    0.00,    1.53,    1.62,   15.02,    8.91,   12.75
 659,294,   2,  532.00,    0.00,    1.54,    0.80,   14.89,    8.91,   12.55
 660,295,   2,  534.27,    0.00,    1.54,    8.47,   14.82,    8.93,   12.40
 661,296,   2,  536.53,    0.00,    1.55,   10.60,   14.77,    8.96,   12.34
 662,297,   2,  538.79,    0.00,    1.56,    3.65,   14.66,    8.98,   12.24
 663,298,   2,  541.06,    0.00,    1.56,    0.89,   14.53,    8.99,   12.06
 664,299,   2,  543.32,    0.00,    1.57,    7.93,   14.47,    9.03,   11.92
 665,300,   2,  545.59,    0.00,    1.58,   10.50,   14.44,    9.09,   11.87
 666,301,   2,  547.85,    0.00,    1.58,    9.36,   14.39,    9.15,   11.83
 667,302,   2,  550.11,    0.00,    1.59,    7.71,   14.36,    9.19,   11.77
 668,303,   2,  552.38,    0.00,    1.59,    5.48,   14.26,    9.26,   11.68
 669,304,   2,  554.64,    0.00,    1.60,    1.63,   14.15,    9.31,   11.53
 670,305,   2,  556.90,    0.00,    1.61,    5.27,   14.09,    9.37,   11.39
 671,306,   2,  559.17,    0.00,    1.61,    9.44,   14.03,    9.44,   11.32
 672,307,   2,  561.43,    0.00,    1.62,   12.80,   13.98,    9.51,   11.32
 673,308,   2,  563.69,    0.00,    1.63,    9.79,   13.90,    9.58,   11.32
 674,309,   2,  565.96,    0.00,    1.63,    5.61,   13.80,    9.64,   11.26
 675,310,   2,  568.22,    0.00,    1.64,    7.16,   13.72,    9.70,   11.18
 676,311,   2,  570.48,    0.00,    1.65,    7.95,   13.64,    9.79,   11.13
 677,312,   2,  572.75,    0.00,    1.65,    7.95,   13.53,    9.86,   11.08
 678,313,   2,  575.01,    0.00,    1.66,    6.25,   13.41,    9.95,   11.02
 679,314,   2,  577.28,    0.00,    1.67,    5.05,   13.27,   10.02,   10.93
 680,315,   2,  579.54,    0.00,    1.67,    3.98,   13.13,   10.09,   10.83
 681,316,   2,  581.80,    0.00,    1.68,    6.07,   13.01,   10.15,   10.73
 682,317,   2,  584.07,    0.00,    1.69,    5.30,   12.90,   10.21,   10.65
 683,318,   2,  586.33,    0.00,    1.69,    6.58,   12.84,   10.25,   10.57
 684,319,   2,  588.59,    0.00,    1.70,    7.00,   12.77,   10.31,   10.51
 685,320,   2,  590.86,    0.00,    1.71,    7.63,   12.71,   10.37,   10.47
 686,321,   2,  593.12,    0.00,    1.71,    9.99,   12.67,   10.43,   10.44
 687,322,   2,  595.38,    0.00,    1.72,    8.66,   12.64,   10.48,   10.43
 688,323,   2,  597.65,    0.00,    1.73,   11.50,   12.62,   10.52,   10.43
 689,324,   2,  599.91,    0.00,    1.73,    5.96,   12.55,   10.53,   10.41
 690,325,   2,  602.18,    0.00,    1.74,   -0.44,   12.44,   10.52,   10.29
 691,326,   2,  604.44,    0.00,    1.75,    1.90,   12.37,   10.52,   10.14
 692,327,   2,  606.70,    0.00,    1.75,    5.53,   12.30,   10.53,   10.05
 693,328,   2,  608.97,    0.00,    1.76,    2.80,   12.23,   10.52,    9.96
 694,329,   2,  611.23,    0.00,    1.76,    2.16,   12.14,   10.50,    9.85
 695,330,   2,  613.49,    0.00,    1.77,    7.45,   12.10,   10.50,    9.78
 696,331,   2,  615.76,    0.00,    1.78,    5.18,   12.04,   10.51,    9.73
 697,332,   2,  618.02,    0.00,    1.78,   -1.01,   11.91,   10.50,    9.62
 698,333,   2,  620.28,    0.00,    1.79,    0.30,   11.79,   10.49,    9.47
 699,334,   2,  622.55,    0.00,    1.80,   -1.28,   11.66,   10.47,    9.32
 700,335,   2,  624.81,    0.00,    1.80,   -0.82,   11.50,   10.46,    9.16
 701,336,   2,  627.08,    0.00,    1.81,    1.63,   11.37,   10.47,    9.03
 702,337,   2,  629.34,    0.00,    1.82,    1.42,   11.23,   10.49,    8.93
 703,338,   2,  631.60,    0.00,    1.82,    2.42,   11.11,   10.49,    8.83
 704,339,   2,  633.87,    0.00,    1.83,    3.24,   11.03,   10.50,    8.74
 705,340,   2,  636.13,    0.00,    1.84,    5.76,   10.97,   10.53,    8.69
 706,341,   2,  638.39,    0.00,    1.84,    7.10,   10.92,   10.56,    8.66
 707,342,   2,  640.66,    0.00,    1.85,    4.73,   10.85,   10.60,    8.63
 708,343,   2,  642.92,    0.00,    1.86,    2.77,   10.76,   10.61,    8.56
 709,344,   2,  645.18,    0.00,    1.86,    1.98,   10.65,   10.61,    8.48
 710,345,   2,  647.45,    0.00,    1.87,    1.87,   10.53,   10.61,    8.39
 711,346,   2,  649.71,    0.00,    1.88,    1.66,   10.42,   10.61,    8.30
 712,347,   2,  651.97,    0.00,    1.88,    4.28,   10.34,   10.62,    8.23
 713,348,   2,  654.24,    0.00,    1.89,    2.65,   10.24,   10.62,    8.17
 714,349,   2,  656.50,    0.00,    1.90,    0.75,   10.12,   10.63,    8.08
 715,350,   2,  658.77,    0.00,    1.90,    5.41,   10.03,   10.65,    8.02
 716,351,   2,  661.03,    0.00,    1.91,    4.84,    9.92,   10.68,    7.99
 717,352,   2,  663.29,    0.00,    1.92,    3.28,    9.82,   10.68,    7.94
 718,353,   2,  665.56,    0.00,    1.92,    4.60,    9.73,   10.69,    7.90
 719,354,   2,  667.82,    0.00,    1.93,    6.02,    9.66,   10.69,    7.87
 720,355,   2,  670.08,    0.00,    1.93,    5.60,    9.56,   10.69,    7.85
 721,356,   2,  672.35,    0.00,    1.94,    6.16,    9.44,   10.69,    7.84
 722,357,   2,  674.61,    0.00,    1.95,    4.42,    9.31,   10.68,    7.81
 723,358,   2,  676.87,    0.00,    1.95,    2.92,    9.20,   10.66,    7.76
 724,359,   2,  679.14,    0.00,    1.96,   -1.91,    9.07,   10.63,    7.67
 725,360,   2,  681.40,    0.00,    1.97,   -0.83,    8.95,   10.61,    7.55
 726,361,   2,  683.67,    0.00,    1.97,   -3.49,    8.78,   10.57,    7.42
 727,362,   2,  685.93,    0.00,    1.98,    3.25,    8.67,   10.54,    7.33
 728,363,   2,  688.19,    0.00,    1.99,    3.42,    8.55,   10.53,    7.28
 729,364,   2,  690.46,    0.00,    1.99,    3.88,    8.42,   10.53,    7.24
 730,365,   2,  692.72,    0.00,    2.00,    1.42,    8.28,   10.53,    7.19
 731,  1,   3,  692.72,    0.00,    2.00,    0.13,    8.13,   10.51,    7.11
 732,  2,   3,  697.59,    0.00,    2.01,    0.63,    7.98,   10.49,    7.03
 733,  3,   3,  702.47,    0.00,    2.03,   -0.76,    7.82,   10.47,    6.94
 734,  4,   3,  707.34,    0.00,    2.04,   -0.13,    7.68,   10.46,    6.85
 735,  5,   3,  712.21,    0.00,    2.06,   -0.56,    7.53,   10.45,    6.76
 736,  6,   3,  717.08,    0.00,    2.07,   -1.87,    7.36,   10.44,    6.67
 737,  7,   3,  721.96,    0.00,    2.08,   -0.74,    7.22,   10.42,    6.57
 738,  8,   3,  726.83,    0.00,    2.10,   -0.19,    7.11,   10.40,    6.49
 739,  9,   3,  731.70,    0.00,    2.11,   -2.27,    6.99,   10.38,    6.40
 740, 10,   3,  736.57,    0.00,    2.13,   -1.53,    6.89,   10.37,    6.30
 741, 11,   3,  741.45,    0.00,    2.14,   -1.90,    6.78,   10.35,    6.20
 742, 12,   3,  746.32,    0.00,    2.15,   -3.19,    6.67,   10.33,    6.10
 743, 13,   3,  751.19,    0.00,    2.17,   -3.35,    6.55,   10.31,    5.99
 744, 14,   3,  756.06,    0.00,    2.18,   -4.47,    6.42,   10.28,    5.87
 745, 15,   3,  760.94,    0.00,    2.20,  -10.20,    6.26,   10.22,    5.71
 746, 16,   3,  765.81,    0.00,    2.21,   -3.91,    6.14,   10.18,    5.56
 747, 17,   3,  770.68,    0.00,    2.23,   -3.05,    6.03,   10.15,    5.46
 748, 18,   3,  775.55,    0.00,    2.24,   -1.67,    5.90,   10.12,    5.37
 749, 19,   3,  780.43,    0.00,    2.25,   -1.51,    5.78,   10.08,    5.29
 750, 20,   3,  785.30,    0.00,    2.27,    0.34,    5.67,   10.08,    5.23
 751, 21,   3,  790.17,    0.00,    2.28,    2.02,    5.59,   10.07,    5.20
 752, 22,   3,  795.04,    0.00,    2.30,    1.96,    5.52,   10.07,    5.17
 753, 23,   3,  799.92,    0.00,    2.31,    3.00,    5.44,   10.08,    5.16
 754, 24,   3,  804.79,    0.00,    2.32,   -1.90,    5.33,   10.07,    5.12
 755, 25,   3,  809.66,    0.00,    2.34,   -0.95,    5.24,   10.05,    5.05
 756, 26,   3,  814.53,    0.00,    2.35,   -3.49,    5.14,   10.03,    4.98
 757, 27,   3,  819.41,    0.00,    2.37,   -7.17,    4.99,    9.99,    4.86
 758, 28,   3,  824.28,    0.00,    2.38,   -4.99,    4.86,    9.96,    4.74
 759, 29,   3,  829.15,    0.00,    2.39,   -4.31,    4.72,    9.93,    4.64
 760, 30,   3,  834.03,    0.00,    2.41,  -12.10,    4.53,    9.86,    4.50
 761, 31,   3,  838.90,    0.00,    2.42,  -14.30,    4.33,    9.79,    4.30
 762, 32,   3,  843.77,    0.00,    2.44,  -11.20,    4.17,    9.72,    4.12
 763, 33,   3,  848.64,    0.00,    2.45,   -7.32,    4.04,    9.69,    3.98
 764, 34,   3,  853.52,    0.00,    2.46,   -7.08,    3.92,    9.65,    3.86
 765, 35,   3,  858.39,    0.00,    2.48,   -9.35,    3.80,    9.60,    3.73
 766, 36,   3,  863.26,    0.00,    2.49,  -10.90,    3.62,    9.54,    3.59
 767, 37,   3,  868.13,    0.00,    2.51,  -10.50,    3.44,    9.48,    3.44
 768, 38,   3,  873.01,    0.00,    2.52,  -14.30,    3.24,    9.38,    3.27
 769, 39,   3,  877.88,    0.00,    2.53,  -12.80,    3.04,    9.28,    3.09
 770, 40,   3,  882.75,    0.00,    2.55,  -17.20,    2.83,    9.16,    2.90
 771, 41,   3,  887.62,    0.00,    2.56,  -15.40,    2.61,    9.04,    2.70
 772, 42,   3,  892.50,    0.00,    2.58,  -14.20,    2.41,    8.94,    2.52
 773, 43,   3,  897.37,    0.00,    2.59,  -11.40,    2.24,    8.86,    2.36
 774, 44,   3,  902.24,    0.00,    2.60,   -9.19,    2.07,    8.79,    2.24
 775, 45,   3,  907.11,    0.00,    2.62,   -4.32,    1.95,    8.73,    2.17
 776, 46,   3,  911.99,    0.00,    2.63,  -10.40,    1.78,    8.65,    2.08
 777, 47,   3,  916.86,    0.00,    2.65,   -9.96,    1.61,    8.57,    1.97
 778, 48,   3,  921.73,    0.00,    2.66,   -4.58,    1.49,    8.51,    1.89
 779, 49,   3,  926.60,    0.00,    2.68,   -4.90,    1.35,    8.45,    1.83
 780, 50,   3,  931.48,    0.00,    2.69,    0.31,    1.25,    8.41,    1.81
 781, 51,   3,  936.35,    0.00,    2.70,    2.10,    1.17,    8.39,    1.82
 782, 52,   3,  941.22,    0.00,    2.72,    3.37,    1.10,    8.37,    1.85
 783, 53,   3,  946.09,    0.00,    2.73,    2.15,    1.02,    8.34,    1.88
 784, 54,   3,  950.97,    0.00,    2.75,    2.42,    0.97,    8.31,    1.91
 785, 55,   3,  955.84,    0.00,    2.76,    5.28,    0.94,    8.31,    1.95
 786, 56,   3,  960.71,    0.00,    2.77,    8.64,    0.95,    8.30,    2.02
 787, 57,   3,  965.58,    0.00,    2.79,    5.76,    0.94,    8.27,    2.10
 788, 58,   3,  970.46,    0.00,    2.80,    2.15,    0.91,    8.23,    2.15
 789, 59,   3,  975.33,    0.00,    2.82,    3.62,    0.89,    8.20,    2.18
 790, 60,   3,  980.20,    0.00,    2.83,    3.07,    0.86,    8.16,    2.22
 791, 61,   3,  173.18,    0.00,    0.50,    3.08,    0.85,    8.12,    2.35
 792, 62,   3,  174.23,    0.00,    0.50,    2.35,    0.81,    8.07,    2.53
 793, 63,   3,  175.28,    0.00,    0.51,   -1.00,    0.79,    8.01,    2.57
 794, 64,   3,  176.33,    0.00,    0.51,   -3.36,    0.75,    7.93,    2.46
 795, 65,   3,  177.37,    0.00,    0.51,    1.65,    0.76,    7.87,    2.41
 796, 66,   3,  178.42,    0.00,    0.52,   -0.44,    0.69,    7.79,    2.43
 797, 67,   3,  179.47,    0.00,    0.52,   -0.88,    0.61,    7.73,    2.41
 798, 68,   3,  180.52,    0.00,    0.52,   -1.76,    0.57,    7.66,    2.34
 799, 69,   3,  181.57,    0.00,    0.52,   -5.37,    0.52,    7.57,    2.12
 800, 70,   3,  182.62,    0.00,    0.53,   -1.65,    0.45,    7.49,    1.93
 801, 71,   3,  183.67,    0.00,    0.53,    1.73,    0.39,    7.44,    1.93
 802, 72,   3,  184.71,    0.00,    0.53,    3.08,    0.34,    7.40,    2.06
 803, 73,   3,  185.76,    0.00,    0.54,    1.80,    0.30,    7.35,    2.19
 804, 74,   3,  186.81,    0.00,    0.54,    1.88,    0.27,    7.31,    2.29
 805, 75,   3,  187.86,    0.00,    0.54,    0.96,    0.27,    7.24,    2.38
 806, 76,   3,  188.91,    0.00,    0.55,   -0.37,    0.23,    7.18,    2.39
 807, 77,   3,  189.96,    0.00,    0.55,   -1.41,    0.15,    7.13,    2.34
 808, 78,   3,  191.01,    0.00,    0.55,   -2.34,    0.04,    7.06,    2.26
 809, 79,   3,  192.06,    0.00,    0.55,    2.65,   -0.02,    6.99,    2.29
 810, 80,   3,  193.10,    0.00,    0.56,    3.33,   -0.03,    6.93,    2.46
 811, 81,   3,  194.15,    0.00,    0.56,    4.03,   -0.06,    6.87,    2.66
 812, 82,   3,  195.20,    0.00,    0.56,    6.68,   -0.07,    6.83,    2.94
 813, 83,   3,  196.25,    0.00,    0.57,    7.06,   -0.07,    6.79,    3.26
 814, 84,   3,  197.30,    0.00,    0.57,    6.62,   -0.07,    6.73,    3.57
 815, 85,   3,  198.35,    0.00,    0.57,    6.45,   -0.06,    6.67,    3.84
 816, 86,   3,  199.40,    0.00,    0.58,    7.14,   -0.04,    6.61,    4.09
 817, 87,   3,  200.44,    0.00,    0.58,    4.45,   -0.05,    6.54,    4.25
 818, 88,   3,  201.49,    0.00,    0.58,    8.21,   -0.03,    6.49,    4.40
 819, 89,   3,  202.54,    0.00,    0.58,   10.80,    0.00,    6.45,    4.71
 820, 90,   3,  203.59,    0.00,    0.59,    5.88,   -0.00,    6.42,    4.93
 821, 91,   3,  204.64,    0.00,    0.59,    3.55,   -0.03,    6.37,    5.01
 822, 92,   3,  205.69,    0.00,    0.59,    3.70,   -0.08,    6.33,    5.05
 823, 93,   3,  206.74,    0.00,    0.60,    5.08,   -0.11,    6.29,    5.13
 824, 94,   3,  207.78,    0.00,    0.60,    6.60,   -0.14,    6.27,    5.30
 825, 95,   3,  208.83,    0.00,    0.60,    2.11,   -0.17,    6.22,    5.35
 826, 96,   3,  209.88,    0.00,    0.61,    3.40,   -0.14,    6.18,    5.32
 827, 97,   3,  210.93,    0.00,    0.61,    3.07,   -0.13,    6.14,    5.33
 828, 98,   3,  211.98,    0.00,    0.61,    1.28,   -0.17,    6.10,    5.31
 829, 99,   3,  213.03,    0.00,    0.62,    4.12,   -0.16,    6.06,    5.29
 830,100,   3,  214.08,    0.00,    0.62,    4.18,   -0.14,    6.03,    5.35
 831,101,   3,  215.12,    0.00,    0.62,    3.23,   -0.17,    5.99,    5.40
 832,102,   3,  216.17,    0.00,    0.62,    2.96,   -0.19,    5.95,    5.36
 833,103,   3,  217.22,    0.00,    0.63,    2.29,   -0.16,    5.91,    5.30
 834,104,   3,  218.27,    0.00,    0.63,    1.39,   -0.16,    5.86,    5.25
 835,105,   3,  219.32,    0.00,    0.63,    2.40,   -0.13,    5.81,    5.24
 836,106,   3,  220.37,    0.00,    0.64,    4.49,   -0.09,    5.76,    5.31
 837,107,   3,  221.42,    0.00,    0.64,    6.48,   -0.05,    5.71,    5.46
 838,108,   3,  222.46,    0.00,    0.64,    6.48,   -0.02,    5.66,    5.65
 839,109,   3,  223.51,    0.00,    0.65,    6.22,    0.01,    5.61,    5.83
 840,110,   3,  224.56,    0.00,    0.65,    7.10,    0.04,    5.56,    6.01
 841,111,   3,  225.61,    0.00,    0.65,    7.52,    0.05,    5.54,    6.18
 842,112,   3,  226.66,    0.00,    0.65,    1.53,    0.01,    5.49,    6.16
 843,113,   3,  227.71,    0.00,    0.66,    3.52,    0.00,    5.46,    6.06
 844,114,   3,  228.76,    0.00,    0.66,    1.88,   -0.00,    5.41,    6.00
 845,115,   3,  229.80,    0.00,    0.66,    0.99,   -0.01,    5.36,    5.86
 846,116,   3,  230.85,    0.00,    0.67,    1.74,   -0.01,    5.31,    5.73
 847,117,   3,  231.90,    0.00,    0.67,    2.71,   -0.00,    5.25,    5.67
 848,118,   3,  232.95,    0.00,    0.67,    3.22,   -0.01,    5.20,    5.66
 849,119,   3,  234.00,    0.00,    0.68,    3.48,   -0.01,    5.16,    5.65
 850,120,   3,  235.05,    0.00,    0.68,    3.42,    0.01,    5.11,    5.67
 851,121,   3,  236.10,    0.00,    0.68,    3.76,    0.00,    5.06,    5.70
 852,122,   3,  237.15,    0.00,    0.68,    6.16,    0.01,    5.02,    5.77
 853,123,   3,  238.19,    0.00,    0.69,    5.55,    0.03,    4.97,    5.87
 854,124,   3,  239.24,    0.00,    0.69,    6.52,    0.04,    4.93,    5.97
 855,125,   3,  240.29,    0.00,    0.69,    3.37,    0.02,    4.88,    5.98
 856,126,   3,  241.34,    0.00,    0.70,    3.10,    0.00,    4.84,    5.89
 857,127,   3,  242.39,    0.00,    0.70,    3.17,   -0.02,    4.78,    5.82
 858,128,   3,  243.44,    0.00,    0.70,    6.07,   -0.01,    4.72,    5.87
 859,129,   3,  244.49,    0.00,    0.71,    5.90,    0.02,    4.66,    5.96
 860,130,   3,  245.53,    0.00,    0.71,   12.50,    0.12,    4.64,    6.13
 861,131,   3,  246.58,    0.00,    0.71,   15.40,    0.24,    4.63,    6.51
 862,132,   3,  247.63,    0.00,    0.71,   15.60,    0.38,    4.64,    6.97
 863,133,   3,  248.68,    0.00,    0.72,   17.60,    0.49,    4.63,    7.47
 864,134,   3,  249.73,    0.00,    0.72,   13.00,    0.56,    4.61,    7.85
 865,135,   3,  250.78,    0.00,    0.72,    9.62,    0.60,    4.57,    8.00
 866,136,   3,  251.83,    0.00,    0.73,   10.90,    0.67,    4.53,    8.10
 867,137,   3,  252.87,    0.00,    0.73,   10.90,    0.75,    4.50,    8.23
 868,138,   3,  253.92,    0.00,    0.73,   11.50,    0.83,    4.47,    8.39
 869,139,   3,  254.97,    0.00,    0.74,   12.50,    0.93,    4.44,    8.61
 870,140,   3,  256.02,    0.00,    0.74,   12.50,    1.02,    4.40,    8.85
 871,141,   3,  257.07,    0.00,    0.74,    9.93,    1.10,    4.37,    9.00
 872,142,   3,  258.12,    0.00,    0.75,   11.20,    1.19,    4.34,    9.12
 873,143,   3,  259.17,    0.00,    0.75,    8.07,    1.26,    4.29,    9.17
 874,144,   3,  260.21,    0.00,    0.75,    8.70,    1.32,    4.26,    9.14
 875,145,   3,  261.26,    0.00,    0.75,   11.80,    1.43,    4.24,    9.21
 876,146,   3,  262.31,    0.00,    0.76,    9.02,    1.50,    4.23,    9.26
 877,147,   3,  263.36,    0.00,    0.76,    6.45,    1.56,    4.20,    9.16
 878,148,   3,  264.41,    0.00,    0.76,   11.30,    1.67,    4.20,    9.19
 879,149,   3,  265.46,    0.00,    0.77,   12.10,    1.78,    4.20,    9.39
 880,150,   3,  266.51,    0.00,    0.77,   13.60,    1.92,    4.20,    9.64
 881,151,   3,  267.56,    0.00,    0.77,   13.60,    2.09,    4.20,    9.85
 882,152,   3,  268.60,    0.00,    0.78,   13.00,    2.22,    4.21,   10.03
 883,153,   3,  269.65,    0.00,    0.78,   14.90,    2.35,    4.22,   10.25
 884,154,   3,  270.70,    0.00,    0.78,   15.40,    2.47,    4.23,   10.50
 885,155,   3,  271.75,    0.00,    0.78,   15.90,    2.60,    4.23,   10.76
 886,156,   3,  272.80,    0.00,    0.79,   18.00,    2.73,    4.24,   11.07
 887,157,   3,  273.85,    0.00,    0.79,   18.80,    2.86,    4.26,   11.41
 888,158,   3,  274.90,    0.00,    0.79,   19.10,    2.98,    4.28,   11.72
 889,159,   3,  275.94,    0.00,    0.80,   17.40,    3.09,    4.30,   11.96
 890,160,   3,  276.99,    0.00,    0.80,   17.30,    3.23,    4.31,   12.16
 891,161,   3,  278.04,    0.00,    0.80,   18.40,    3.37,    4.33,   12.41
 892,162,   3,  279.09,    0.00,    0.81,   19.40,    3.54,    4.36,   12.69
 893,163,   3,  280.14,    0.00,    0.81,   15.70,    3.71,    4.38,   12.87
 894,164,   3,  281.19,    0.00,    0.81,   14.90,    3.85,    4.39,   12.99
 895,165,   3,  282.24,    0.00,    0.81,   15.40,    4.00,    4.40,   13.11
 896,166,   3,  283.28,    0.00,    0.82,   13.00,    4.18,    4.39,   13.11
 897,167,   3,  284.33,    0.00,    0.82,   18.30,    4.42,    4.41,   13.19
 898,168,   3,  285.38,    0.00,    0.82,   16.40,    4.63,    4.42,   13.33
 899,169,   3,  286.43,    0.00,    0.83,   13.30,    4.78,    4.43,   13.33
 900,170,   3,  287.48,    0.00,    0.83,   17.60,    4.96,    4.46,   13.41
 901,171,   3,  289.21,    0.00,    0.83,   20.40,    5.18,    4.50,   13.67
 902,172,   3,  290.94,    0.00,    0.84,   20.60,    5.41,    4.55,   13.95
 903,173,   3,  292.67,    0.00,    0.84,   19.30,    5.63,    4.57,   14.21
 904,174,   3,  294.41,    0.00,    0.85,   17.60,    5.86,    4.58,   14.41
 905,175,   3,  296.14,    0.00,    0.85,   19.10,    6.10,    4.61,   14.60
 906,176,   3,  297.87,    0.00,    0.86,   22.50,    6.39,    4.64,   14.85
 907,177,   3,  299.60,    0.00,    0.86,   23.50,    6.68,    4.68,   15.17
 908,178,   3,  301.33,    0.00,    0.87,   23.10,    6.95,    4.71,   15.48
 909,179,   3,  303.07,    0.00,    0.87,   23.20,    7.20,    4.75,   15.77
 910,180,   3,  304.80,    0.00,    0.88,   22.70,    7.44,    4.79,   16.01
 911,181,   3,  306.53,    0.00,    0.88,   19.80,    7.62,    4.81,   16.18
 912,182,   3,  308.26,    0.00,    0.89,   15.60,    7.81,    4.82,   16.20
 913,183,   3,  309.99,    0.00,    0.89,   15.70,    8.00,    4.84,   16.17
 914,184,   3,  311.72,    0.00,    0.90,   15.50,    8.14,    4.84,   16.15
 915,185,   3,  313.46,    0.00,    0.90,   15.40,    8.29,    4.85,   16.14
 916,186,   3,  315.19,    0.00,    0.91,   13.60,    8.39,    4.85,   16.09
 917,187,   3,  316.92,    0.00,    0.91,   14.50,    8.48,    4.85,   15.98
 918,188,   3,  318.65,    0.00,    0.92,   14.30,    8.56,    4.86,   15.88
 919,189,   3,  320.38,    0.00,    0.92,   14.70,    8.65,    4.87,   15.83
 920,190,   3,  322.11,    0.00,    0.93,   11.90,    8.72,    4.87,   15.77
 921,191,   3,  323.85,    0.00,    0.93,   14.60,    8.79,    4.88,   15.72
 922,192,   3,  325.58,    0.00,    0.94,   12.90,    8.82,    4.90,   15.66
 923,193,   3,  327.31,    0.00,    0.94,   14.20,    8.89,    4.92,   15.59
 924,194,   3,  329.04,    0.00,    0.95,   13.30,    8.97,    4.94,   15.54
 925,195,   3,  330.77,    0.00,    0.95,   13.50,    9.04,    4.97,   15.49
 926,196,   3,  332.51,    0.00,    0.96,   16.00,    9.14,    5.01,   15.48
 927,197,   3,  334.24,    0.00,    0.96,   16.20,    9.23,    5.04,   15.49
 928,198,   3,  335.97,    0.00,    0.97,   17.30,    9.34,    5.08,   15.53
 929,199,   3,  337.70,    0.00,    0.97,   20.00,    9.50,    5.13,   15.66
 930,200,   3,  339.43,    0.00,    0.98,   19.50,    9.66,    5.20,   15.80
 931,201,   3,  341.16,    0.00,    0.98,   20.50,    9.80,    5.27,   15.93
 932,202,   3,  342.90,    0.00,    0.99,   19.50,    9.95,    5.33,   16.04
 933,203,   3,  344.63,    0.00,    0.99,   13.90,   10.06,    5.35,   16.03
 934,204,   3,  346.36,    0.00,    1.00,   14.30,   10.18,    5.37,   15.98
 935,205,   3,  348.09,    0.00,    1.01,   12.80,   10.31,    5.40,   15.94
 936,206,   3,  349.82,    0.00,    1.01,   14.40,   10.43,    5.45,   15.90
 937,207,   3,  351.56,    0.00,    1.01,   15.20,   10.53,    5.48,   15.89
 938,208,   3,  353.29,    0.00,    1.02,   17.20,   10.63,    5.50,   15.93
 939,209,   3,  355.02,    0.00,    1.02,   18.80,   10.76,    5.54,   16.01
 940,210,   3,  356.75,    0.00,    1.03,   16.10,   10.86,    5.57,   16.04
 941,211,   3,  358.48,    0.00,    1.03,   15.60,   10.97,    5.60,   16.02
 942,212,   3,  360.21,    0.00,    1.04,   16.00,   11.09,    5.66,   16.00
 943,213,   3,  361.95,    0.00,    1.04,   16.90,   11.22,    5.70,   16.00
 944,214,   3,  363.68,    0.00,    1.05,   18.10,   11.37,    5.73,   16.06
 945,215,   3,  365.41,    0.00,    1.05,   19.10,   11.49,    5.75,   16.14
 946,216,   3,  367.14,    0.00,    1.06,   17.50,   11.60,    5.78,   16.20
 947,217,   3,  368.87,    0.00,    1.06,   15.90,   11.69,    5.82,   16.22
 948,218,   3,  370.61,    0.00,    1.07,   15.60,   11.75,    5.85,   16.21
 949,219,   3,  372.34,    0.00,    1.07,   19.70,   11.84,    5.89,   16.25
 950,220,   3,  374.07,    0.00,    1.08,   21.70,   11.96,    5.94,   16.37
 951,221,   3,  375.80,    0.00,    1.08,   22.70,   12.08,    6.00,   16.55
 952,222,   3,  377.53,    0.00,    1.09,   18.30,   12.16,    6.05,   16.67
 953,223,   3,  379.26,    0.00,    1.09,   15.80,   12.24,    6.10,   16.70
 954,224,   3,  381.00,    0.00,    1.10,   14.90,   12.29,    6.13,   16.69
 955,225,   3,  382.73,    0.00,    1.10,   19.20,   12.35,    6.18,   16.72
 956,226,   3,  384.46,    0.00,    1.11,   18.60,   12.45,    6.22,   16.79
 957,227,   3,  386.19,    0.00,    1.11,   20.30,   12.57,    6.27,   16.86
 958,228,   3,  387.92,    0.00,    1.12,   21.90,   12.70,    6.32,   16.98
 959,229,   3,  389.66,    0.00,    1.12,   20.30,   12.81,    6.36,   17.10
 960,230,   3,  391.39,    0.00,    1.13,   19.90,   12.91,    6.40,   17.18
 961,231,   3,  393.12,    0.00,    1.13,   20.80,   13.05,    6.44,   17.26
 962,232,   3,  394.85,    0.00,    1.14,   20.90,   13.18,    6.49,   17.36
 963,233,   3,  396.58,    0.00,    1.14,   19.40,   13.30,    6.56,   17.42
 964,234,   3,  398.31,    0.00,    1.15,   19.80,   13.43,    6.63,   17.46
 965,235,   3,  400.05,    0.00,    1.15,   20.60,   13.56,    6.69,   17.51
 966,236,   3,  401.78,    0.00,    1.16,   18.30,   13.66,    6.74,   17.53
 967,237,   3,  403.51,    0.00,    1.16,   15.90,   13.75,    6.79,   17.50
 968,238,   3,  405.24,    0.00,    1.17,   13.20,   13.83,    6.81,   17.42
 969,239,   3,  407.51,    0.00,    1.18,   13.00,   13.91,    6.84,   17.31
 970,240,   3,  409.77,    0.00,    1.18,   12.40,   13.99,    6.89,   17.20
 971,241,   3,  412.03,    0.00,    1.19,   12.10,   14.06,    6.93,   17.07
 972,242,   3,  414.30,    0.00,    1.20,   12.40,   14.12,    6.98,   16.93
 973,243,   3,  416.56,    0.00,    1.20,   13.70,   14.17,    7.04,   16.81
 974,244,   3,  418.82,    0.00,    1.21,   10.80,   14.20,    7.07,   16.68
 975,245,   3,  421.09,    0.00,    1.22,   13.40,   14.25,    7.12,   16.57
 976,246,   3,  423.35,    0.00,    1.22,   11.50,   14.29,    7.15,   16.47
 977,247,   3,  425.61,    0.00,    1.23,   15.90,   14.35,    7.20,   16.38
 978,248,   3,  427.88,    0.00,    1.24,   15.60,   14.45,    7.23,   16.34
 979,249,   3,  430.14,    0.00,    1.24,   14.40,   14.53,    7.26,   16.30
 980,250,   3,  432.41,    0.00,    1.25,   12.70,   14.61,    7.29,   16.24
 981,251,   3,  434.67,    0.00,    1.25,   12.20,   14.69,    7.32,   16.16
 982,252,   3,  436.93,    0.00,    1.26,   14.10,   14.78,    7.37,   16.09
 983,253,   3,  439.20,    0.00,    1.27,   13.00,   14.86,    7.41,   16.02
 984,254,   3,  441.46,    0.00,    1.27,   10.50,   14.91,    7.44,   15.92
 985,255,   3,  443.72,    0.00,    1.28,   10.90,   14.97,    7.46,   15.81
 986,256,   3,  445.99,    0.00,    1.29,   13.20,   15.04,    7.50,   15.72
 987,257,   3,  448.25,    0.00,    1.29,   12.90,   15.11,    7.55,   15.65
 988,258,   3,  450.51,    0.00,    1.30,   14.70,   15.17,    7.58,   15.60
 989,259,   3,  452.78,    0.00,    1.31,   13.70,   15.23,    7.61,   15.55
 990,260,   3,  455.04,    0.00,    1.31,   12.90,   15.28,    7.65,   15.47
 991,261,   3,  457.31,    0.00,    1.32,    9.51,   15.32,    7.67,   15.37
 992,262,   3,  459.57,    0.00,    1.33,   11.10,   15.38,    7.68,   15.27
 993,263,   3,  461.83,    0.00,    1.33,    8.37,   15.42,    7.70,   15.16
 994,264,   3,  464.10,    0.00,    1.34,    8.07,   15.43,    7.70,   15.02
 995,265,   3,  466.36,    0.00,    1.35,   13.40,   15.49,    7.73,   14.91
 996,266,   3,  468.62,    0.00,    1.35,   13.40,   15.50,    7.77,   14.88
 997,267,   3,  470.89,    0.00,    1.36,   12.90,   15.48,    7.83,   14.85
 998,268,   3,  473.15,    0.00,    1.37,   14.40,   15.47,    7.88,   14.82
 999,269,   3,  475.41,    0.00,    1.37,   12.20,   15.43,    7.94,   14.79
1000,270,   3,  477.68,    0.00,    1.38,   14.30,   15.44,    7.98,   14.75
1001,271,   3,  479.94,    0.00,    1.39,   12.70,   15.46,    8.02,   14.70
1002,272,   3,  482.20,    0.00,    1.39,   12.20,   15.47,    8.05,   14.63
1003,273,   3,  484.47,    0.00,    1.40,   12.90,   15.49,    8.09,   14.57
1004,274,   3,  486.73,    0.00,    1.41,   13.20,   15.50,    8.14,   14.52
1005,275,   3,  489.00,    0.00,    1.41,   11.70,   15.49,    8.18,   14.47
1006,276,   3,  491.26,    0.00,    1.42,   13.10,   15.50,    8.23,   14.42
1007,277,   3,  493.52,    0.00,    1.42,   12.70,   15.52,    8.27,   14.38
1008,278,   3,  495.79,    0.00,    1.43,   13.70,   15.54,    8.33,   14.34
1009,279,   3,  498.05,    0.00,    1.44,   14.10,   15.58,    8.38,   14.32
1010,280,   3,  500.31,    0.00,    1.44,   12.90,   15.61,    8.43,   14.29
1011,281,   3,  502.58,    0.00,    1.45,   13.10,   15.62,    8.48,   14.25
1012,282,   3,  504.84,    0.00,    1.46,   12.10,   15.64,    8.54,   14.21
1013,283,   3,  507.10,    0.00,    1.46,   10.30,   15.67,    8.58,   14.15
1014,284,   3,  509.37,    0.00,    1.47,    8.55,   15.65,    8.62,   14.05
1015,285,   3,  511.63,    0.00,    1.48,    7.65,   15.62,    8.66,   13.93
1016,286,   3,  513.89,    0.00,    1.48,    7.19,   15.57,    8.70,   13.80
1017,287,   3,  516.16,    0.00,    1.49,    6.15,   15.52,    8.73,   13.66
1018,288,   3,  518.42,    0.00,    1.50,    6.31,   15.47,    8.80,   13.51
1019,289,   3,  520.69,    0.00,    1.50,    6.52,   15.41,    8.83,   13.38
1020,290,   3,  522.95,    0.00,    1.51,    5.62,   15.33,    8.87,   13.24
1021,291,   3,  525.21,    0.00,    1.52,    6.54,   15.26,    8.90,   13.11
1022,292,   3,  527.48,    0.00,    1.52,    2.31,   15.15,    8.91,   12.95
1023,293,   3,  529.74,    0.00,    1.53,    1.62,   15.02,    8.91,   12.75
1024,294,   3,  532.00,    0.00,    1.54,    0.80,   14.89,    8.91,   12.55
1025,295,   3,  534.27,    0.00,    1.54,    8.47,   14.82,    8.93,   12.40
1026,296,   3,  536.53,    0.00,    1.55,   10.60,   14.77,    8.96,   12.34
1027,297,   3,  538.79,    0.00,    1.56,    3.65,   14.66,    8.98,   12.24
1028,298,   3,  541.06,    0.00,    1.56,    0.89,   14.53,    8.99,   12.06
1029,299,   3,  543.32,    0.00,    1.57,    7.93,   14.47,    9.03,   11.92
1030,300,   3,  545.59,    0.00,    1.58,   10.50,   14.44,    9.09,   11.87
1031,301,   3,  547.85,    0.00,    1.58,    9.36,   14.39,    9.15,   11.83
1032,302,   3,  550.11,    0.00,    1.59,    7.71,   14.36,    9.19,   11.77
1033,303,   3,  552.38,    0.00,    1.59,    5.48,   14.26,    9.26,   11.68
1034,304,   3,  554.64,    0.00,    1.60,    1.63,   14.15,    9.31,   11.53
1035,305,   3,  556.90,    0.00,    1.61,    5.27,   14.09,    9.37,   11.39
1036,306,   3,  559.17,    0.00,    1.61,    9.44,   14.03,    9.44,   11.32
1037,307,   3,  561.43,    0.00,    1.62,   12.80,   13.98,    9.51,   11.32
1038,308,   3,  563.69,    0.00,    1.63,    9.79,   13.90,    9.58,   11.32
1039,309,   3,  565.96,    0.00,    1.63,    5.61,   13.80,    9.64,   11.26
1040,310,   3,  568.22,    0.00,    1.64,    7.16,   13.72,    9.70,   11.18
1041,311,   3,  570.48,    0.00,    1.65,    7.95,   13.64,    9.79,   11.13
1042,312,   3,  572.75,    0.00,    1.65,    7.95,   13.53,    9.86,   11.08
1043,313,   3,  575.01,    0.00,    1.66,    6.25,   13.41,    9.95,   11.02
1044,314,   3,  577.28,    0.00,    1.67,    5.05,   13.27,   10.02,   10.93
1045,315,   3,  579.54,    0.00,    1.67,    3.98,   13.13,   10.09,   10.83
1046,316,   3,  581.80,    0.00,    1.68,    6.07,   13.01,   10.15,   10.73
1047,317,   3,  584.07,    0.00,    1.69,    5.30,   12.90,   10.21,   10.65
1048,318,   3,  586.33,    0.00,    1.69,    6.58,   12.84,   10.25,   10.57
1049,319,   3,  588.59,    0.00,    1.70,    7.00,   12.77,   10.31,   10.51
1050,320,   3,  590.86,    0.00,    1.71,    7.63,   12.71,   10.37,   10.47
1051,321,   3,  593.12,    0.00,    1.71,    9.99,   12.67,   10.43,   10.44
1052,322,   3,  595.38,    0.00,    1.72,    8.66,   12.64,   10.48,   10.43
1053,323,   3,  597.65,    0.00,    1.73,   11.50,   12.62,   10.52,   10.43
1054,324,   3,  599.91,    0.00,    1.73,    5.96,   12.55,   10.53,   10.41
1055,325,   3,  602.18,    0.00,    1.74,   -0.44,   12.44,   10.52,   10.29
1056,326,   3,  604.44,    0.00,    1.75,    1.90,   12.37,   10.52,   10.14
1057,327,   3,  606.70,    0.00,    1.75,    5.53,   12.30,   10.53,   10.05
1058,328,   3,  608.97,    0.00,    1.76,    2.80,   12.23,   10.52,    9.96
1059,329,   3,  611.23,    0.00,    1.76,    2.16,   12.14,   10.50,    9.85
1060,330,   3,  613.49,    0.00,    1.77,    7.45,   12.10,   10.50,    9.78
1061,331,   3,  615.76,    0.00,    1.78,    5.18,   12.04,   10.51,    9.73
1062,332,   3,  618.02,    0.00,    1.78,   -1.01,   11.91,   10.50,    9.62
1063,333,   3,  620.28,    0.00,    1.79,    0.30,   11.79,   10.49,    9.47
1064,334,   3,  622.55,    0.00,    1.80,   -1.28,   11.66,   10.47,    9.32
1065,335,   3,  624.81,    0.00,    1.80,   -0.82,   11.50,   10.46,    9.16
1066,336,   3,  627.08,    0.00,    1.81,    1.63,   11.37,   10.47,    9.03
1067,337,   3,  629.34,    0.00,    1.82,    1.42,   11.23,   10.49,    8.93
1068,338,   3,  631.60,    0.00,    1.82,    2.42,   11.11,   10.49,    8.83
1069,339,   3,  633.87,    0.00,    1.83,    3.24,   11.03,   10.50,    8.74
1070,340,   3,  636.13,    0.00,    1.84,    5.76,   10.97,   10.53,    8.69
1071,341,   3,  638.39,    0.00,    1.84,    7.10,   10.92,   10.56,    8.66
1072,342,   3,  640.66,    0.00,    1.85,    4.73,   10.85,   10.60,    8.63
1073,343,   3,  642.92,    0.00,    1.86,    2.77,   10.76,   10.61,    8.56
1074,344,   3,  645.18,    0.00,    1.86,    1.98,   10.65,   10.61,    8.48
1075,345,   3,  647.45,    0.00,    1.87,    1.87,   10.53,   10.61,    8.39
1076,346,   3,  649.71,    0.00,    1.88,    1.66,   10.42,   10.61,    8.30
1077,347,   3,  651.97,    0.00,    1.88,    4.28,   10.34,   10.62,    8.23
1078,348,   3,  654.24,    0.00,    1.89,    2.65,   10.24,   10.62,    8.17
1079,349,   3,  656.50,    0.00,    1.90,    0.75,   10.12,   10.63,    8.08
1080,350,   3,  658.77,    0.00,    1.90,    5.41,   10.03,   10.65,    8.02
1081,351,   3,  661.03,    0.00,    1.91,    4.84,    9.92,   10.68,    7.99
1082,352,   3,  663.29,    0.00,    1.92,    3.28,    9.82,   10.68,    7.94
1083,353,   3,  665.56,    0.00,    1.92,    4.60,    9.73,   10.69,    7.90
1084,354,   3,  667.82,    0.00,    1.93,    6.02,    9.66,   10.69,    7.87
1085,355,   3,  670.08,    0.00,    1.93,    5.60,    9.56,   10.69,    7.85
1086,356,   3,  672.35,    0.00,    1.94,    6.16,    9.44,   10.69,    7.84
1087,357,   3,  674.61,    0.00,    1.95,    4.42,    9.31,   10.68,    7.81
1088,358,   3,  676.87,    0.00,    1.95,    2.92,    9.20,   10.66,    7.76
1089,359,   3,  679.14,    0.00,    1.96,   -1.91,    9.07,   10.63,    7.67
1090,360,   3,  681.40,    0.00,    1.97,   -0.83,    8.95,   10.61,    7.55
1091,361,   3,  683.67,    0.00,    1.97,   -3.49,    8.78,   10.57,    7.42
1092,362,   3,  685.93,    0.00,    1.98,    3.25,    8.67,   10.54,    7.33
1093,363,   3,  688.19,    0.00,    1.99,    3.42,    8.55,   10.53,    7.28
1094,364,   3,  690.46,    0.00,    1.99,    3.88,    8.42,   10.53,    7.24
1095,365,   3,  692.72,    0.00,    2.00,    1.42,    8.28,   10.53,    7.19
