 Day of sim.,Day of year,Year,Air T,Radiation
 ,,,(deg. C),(W/m2)
 day,doy,year,air_temp,rad
   1,  1,   1,           1.00,          10.40
   2,  2,   1,           0.90,          10.40
   3,  3,   1,          -0.60,          10.40
   4,  4,   1,           0.00,          10.40
   5,  5,   1,          -1.00,          13.90
   6,  6,   1,          -2.00,          16.20
   7,  7,   1,          -0.50,          10.40
   8,  8,   1,           0.00,          10.40
   9,  9,   1,          -2.00,          11.60
  10, 10,   1,          -1.10,          11.60
  11, 11,   1,          -1.00,          12.70
  12, 12,   1,          -2.20,          22.00
  13, 13,   1,          -2.50,          16.20
  14, 14,   1,          -4.40,          13.90
  15, 15,   1,          -9.10,          13.90
  16, 16,   1,          -3.60,          15.00
  17, 17,   1,          -2.60,          13.90
  18, 18,   1,          -1.50,          13.90
  19, 19,   1,          -1.10,          15.00
  20, 20,   1,           0.40,          15.00
  21, 21,   1,           2.80,          15.00
  22, 22,   1,           3.20,          16.20
  23, 23,   1,           3.20,          19.70
  24, 24,   1,          -1.50,          27.80
  25, 25,   1,          -1.00,          17.40
  26, 26,   1,          -3.10,          17.40
  27, 27,   1,          -5.50,          18.50
  28, 28,   1,          -4.80,          18.50
  29, 29,   1,          -4.40,          20.80
  30, 30,   1,         -10.20,          30.10
  31, 31,   1,         -11.20,          52.10
  32, 32,   1,          -8.90,          56.70
  33, 33,   1,          -4.70,          22.00
  34, 34,   1,          -6.90,          26.60
  35, 35,   1,          -9.10,          28.90
  36, 36,   1,          -9.20,          33.60
  37, 37,   1,          -8.70,          47.50
  38, 38,   1,          -9.80,          34.70
  39, 39,   1,          -9.40,          35.90
  40, 40,   1,         -11.00,          60.20
  41, 41,   1,         -11.50,          28.90
  42, 42,   1,         -10.90,          39.40
  43, 43,   1,          -7.90,          34.70
  44, 44,   1,          -5.60,          88.00
  45, 45,   1,          -3.10,          34.70
  46, 46,   1,          -7.10,          92.60
  47, 47,   1,          -6.90,          35.90
  48, 48,   1,          -4.10,          39.40
  49, 49,   1,          -3.50,          35.90
  50, 50,   1,           0.70,          35.90
  51, 51,   1,           2.40,          38.20
  52, 52,   1,           3.80,          39.40
  53, 53,   1,           2.70,          39.40
  54, 54,   1,           2.80,          39.40
  55, 55,   1,           5.30,          40.50
  56, 56,   1,           8.60,          41.70
  57, 57,   1,           6.30,         126.00
  58, 58,   1,           3.40,          93.80
  59, 59,   1,           4.90,          93.80
  60, 60,   1,           3.80,          63.70
  61, 61,   1,           4.20,          84.50
  62, 62,   1,           1.90,         134.00
  63, 63,   1,          -0.80,          99.50
  64, 64,   1,          -2.60,         113.00
  65, 65,   1,           2.00,          63.70
  66, 66,   1,          -0.40,          71.80
  67, 67,   1,          -1.10,         154.00
  68, 68,   1,          -1.60,          56.70
  69, 69,   1,          -5.00,          57.90
  70, 70,   1,          -0.90,          62.50
  71, 71,   1,           2.30,          56.70
  72, 72,   1,           3.10,          70.60
  73, 73,   1,           1.70,          63.70
  74, 74,   1,           1.70,          88.00
  75, 75,   1,           1.00,         124.00
  76, 76,   1,          -0.30,          88.00
  77, 77,   1,          -1.20,          75.20
  78, 78,   1,          -2.10,         115.00
  79, 79,   1,           3.00,          78.70
  80, 80,   1,           3.50,         164.00
  81, 81,   1,           4.80,          81.00
  82, 82,   1,           7.00,         170.00
  83, 83,   1,           6.70,         111.00
  84, 84,   1,           6.30,         155.00
  85, 85,   1,           6.50,         115.00
  86, 86,   1,           6.90,         138.00
  87, 87,   1,           4.30,          84.50
  88, 88,   1,           8.10,          83.30
  89, 89,   1,          10.50,          93.80
  90, 90,   1,           5.90,          91.40
  91, 91,   1,           4.50,         198.00
  92, 92,   1,           4.50,         108.00
  93, 93,   1,           4.70,         170.00
  94, 94,   1,           6.80,         251.00
  95, 95,   1,           1.80,         109.00
  96, 96,   1,           3.80,         153.00
  97, 97,   1,           2.90,         134.00
  98, 98,   1,           2.40,         231.00
  99, 99,   1,           4.20,         109.00
 100,100,   1,           4.60,         272.00
 101,101,   1,           3.60,         167.00
 102,102,   1,           3.60,         102.00
 103,103,   1,           3.00,         161.00
 104,104,   1,           2.30,         222.00
 105,105,   1,           3.10,         251.00
 106,106,   1,           5.60,         302.00
 107,107,   1,           7.20,         236.00
 108,108,   1,           7.60,         319.00
 109,109,   1,           7.60,         330.00
 110,110,   1,           7.90,         328.00
 111,111,   1,           7.40,         237.00
 112,112,   1,           1.60,         115.00
 113,113,   1,           3.80,         190.00
 114,114,   1,           2.50,         155.00
 115,115,   1,           1.40,         127.00
 116,116,   1,           2.20,         124.00
 117,117,   1,           3.90,         231.00
 118,118,   1,           3.70,         140.00
 119,119,   1,           4.10,         141.00
 120,120,   1,           4.30,         270.00
 121,121,   1,           4.20,         171.00
 122,122,   1,           6.00,         189.00
 123,123,   1,           6.00,         211.00
 124,124,   1,           6.20,         157.00
 125,125,   1,           2.80,         131.00
 126,126,   1,           3.00,         131.00
 127,127,   1,           3.30,         141.00
 128,128,   1,           6.40,         258.00
 129,129,   1,           6.10,         148.00
 130,130,   1,          12.40,         174.00
 131,131,   1,          15.60,         250.00
 132,132,   1,          15.90,         411.00
 133,133,   1,          17.80,         366.00
 134,134,   1,          12.40,         171.00
 135,135,   1,           9.90,         148.00
 136,136,   1,          11.10,         166.00
 137,137,   1,          10.90,         170.00
 138,138,   1,          12.00,         250.00
 139,139,   1,          12.70,         256.00
 140,140,   1,          11.80,         225.00
 141,141,   1,          10.80,         212.00
 142,142,   1,          10.60,         199.00
 143,143,   1,           8.60,         186.00
 144,144,   1,           9.10,         157.00
 145,145,   1,          11.50,         176.00
 146,146,   1,           8.90,         149.00
 147,147,   1,           6.30,         150.00
 148,148,   1,          10.60,         263.00
 149,149,   1,          12.60,         395.00
 150,150,   1,          13.60,         451.00
 151,151,   1,          13.90,         241.00
 152,152,   1,          12.90,         301.00
 153,153,   1,          17.00,         422.00
 154,154,   1,          15.40,         418.00
 155,155,   1,          14.60,         376.00
 156,156,   1,          15.80,         330.00
 157,157,   1,          16.70,         268.00
 158,158,   1,          16.00,         208.00
 159,159,   1,          16.00,         246.00
 160,160,   1,          16.50,         222.00
 161,161,   1,          17.20,         384.00
 162,162,   1,          17.40,         417.00
 163,163,   1,          16.20,         326.00
 164,164,   1,          16.80,         400.00
 165,165,   1,          17.40,         352.00
 166,166,   1,          17.00,         435.00
 167,167,   1,          17.40,         362.00
 168,168,   1,          17.20,         242.00
 169,169,   1,          18.40,         294.00
 170,170,   1,          19.40,         420.00
 171,171,   1,          21.80,         421.00
 172,172,   1,          21.20,         368.00
 173,173,   1,          19.20,         363.00
 174,174,   1,          17.40,         258.00
 175,175,   1,          18.80,         293.00
 176,176,   1,          20.40,         326.00
 177,177,   1,          20.70,         338.00
 178,178,   1,          21.10,         353.00
 179,179,   1,          21.40,         358.00
 180,180,   1,          21.80,         330.00
 181,181,   1,          17.90,         229.00
 182,182,   1,          17.10,         242.00
 183,183,   1,          17.80,         314.00
 184,184,   1,          18.00,         318.00
 185,185,   1,          18.30,         322.00
 186,186,   1,          18.00,         193.00
 187,187,   1,          18.70,         236.00
 188,188,   1,          17.10,         192.00
 189,189,   1,          17.50,         305.00
 190,190,   1,          16.20,         206.00
 191,191,   1,          17.90,         307.00
 192,192,   1,          17.00,         262.00
 193,193,   1,          17.30,         248.00
 194,194,   1,          17.50,         306.00
 195,195,   1,          19.10,         342.00
 196,196,   1,          20.60,         278.00
 197,197,   1,          18.50,         260.00
 198,198,   1,          20.20,         379.00
 199,199,   1,          19.60,         291.00
 200,200,   1,          18.00,         290.00
 201,201,   1,          19.20,         242.00
 202,202,   1,          17.90,         308.00
 203,203,   1,          17.20,         252.00
 204,204,   1,          16.20,         376.00
 205,205,   1,          16.60,         369.00
 206,206,   1,          18.20,         366.00
 207,207,   1,          18.20,         314.00
 208,208,   1,          20.50,         293.00
 209,209,   1,          19.00,         217.00
 210,210,   1,          17.20,         208.00
 211,211,   1,          15.80,         220.00
 212,212,   1,          16.80,         214.00
 213,213,   1,          16.70,         208.00
 214,214,   1,          18.70,         378.00
 215,215,   1,          18.90,         157.00
 216,216,   1,          17.00,         248.00
 217,217,   1,          16.00,         293.00
 218,218,   1,          15.90,         207.00
 219,219,   1,          18.70,         157.00
 220,220,   1,          21.40,         307.00
 221,221,   1,          22.30,         346.00
 222,222,   1,          18.50,         337.00
 223,223,   1,          16.50,         373.00
 224,224,   1,          15.70,         337.00
 225,225,   1,          18.30,         263.00
 226,226,   1,          18.70,         267.00
 227,227,   1,          20.70,         273.00
 228,228,   1,          21.90,         343.00
 229,229,   1,          21.00,         336.00
 230,230,   1,          20.00,         260.00
 231,231,   1,          21.10,         236.00
 232,232,   1,          20.50,         293.00
 233,233,   1,          19.40,         171.00
 234,234,   1,          20.20,         190.00
 235,235,   1,          20.40,         155.00
 236,236,   1,          17.60,         171.00
 237,237,   1,          16.20,         146.00
 238,238,   1,          14.30,         244.00
 239,239,   1,          13.90,         160.00
 240,240,   1,          13.40,         228.00
 241,241,   1,          13.10,         166.00
 242,242,   1,          12.60,         117.00
 243,243,   1,          13.80,         149.00
 244,244,   1,          11.00,         160.00
 245,245,   1,          13.90,         243.00
 246,246,   1,          12.70,         115.00
 247,247,   1,          16.10,         105.00
 248,248,   1,          15.60,         102.00
 249,249,   1,          14.40,         201.00
 250,250,   1,          12.80,         162.00
 251,251,   1,          12.60,         218.00
 252,252,   1,          14.30,         131.00
 253,253,   1,          13.30,          91.40
 254,254,   1,          10.80,         252.00
 255,255,   1,          11.70,         164.00
 256,256,   1,          13.10,          84.50
 257,257,   1,          13.30,         193.00
 258,258,   1,          14.90,          84.50
 259,259,   1,          14.50,          79.90
 260,260,   1,          12.60,          81.00
 261,261,   1,           9.70,         171.00
 262,262,   1,          11.30,         199.00
 263,263,   1,           9.50,         221.00
 264,264,   1,           9.10,          98.40
 265,265,   1,          13.70,          99.50
 266,266,   1,          13.00,         120.00
 267,267,   1,          12.90,         146.00
 268,268,   1,          14.40,         113.00
 269,269,   1,          12.40,         130.00
 270,270,   1,          14.40,          79.90
 271,271,   1,          13.50,          93.80
 272,272,   1,          12.90,          76.40
 273,273,   1,          13.20,          61.30
 274,274,   1,          12.70,          90.30
 275,275,   1,          11.70,          60.20
 276,276,   1,          12.90,         113.00
 277,277,   1,          12.80,          63.70
 278,278,   1,          13.50,          55.60
 279,279,   1,          13.90,         134.00
 280,280,   1,          12.80,          53.20
 281,281,   1,          12.90,          75.20
 282,282,   1,          12.10,          56.70
 283,283,   1,          10.80,          62.50
 284,284,   1,           9.30,          52.10
 285,285,   1,           8.30,          99.50
 286,286,   1,           7.90,          56.70
 287,287,   1,           6.20,          59.00
 288,288,   1,           6.50,          57.90
 289,289,   1,           6.70,          61.30
 290,290,   1,           5.70,          63.70
 291,291,   1,           7.00,          86.80
 292,292,   1,           3.70,          56.70
 293,293,   1,           2.20,          89.10
 294,294,   1,           2.20,          40.50
 295,295,   1,           8.60,          38.20
 296,296,   1,          10.70,          34.70
 297,297,   1,           4.00,          39.40
 298,298,   1,           2.50,          33.60
 299,299,   1,           8.40,          33.60
 300,300,   1,          10.70,          32.40
 301,301,   1,           9.40,          35.90
 302,302,   1,           8.30,          34.70
 303,303,   1,           6.70,          56.70
 304,304,   1,           2.40,          37.00
 305,305,   1,           6.00,          27.80
 306,306,   1,           9.50,          26.60
 307,307,   1,          12.70,          25.50
 308,308,   1,           9.70,          32.40
 309,309,   1,           6.30,          34.70
 310,310,   1,           8.00,          50.90
 311,311,   1,           9.60,          33.60
 312,312,   1,           8.80,          23.10
 313,313,   1,           6.50,          24.30
 314,314,   1,           5.70,          25.50
 315,315,   1,           4.80,          22.00
 316,316,   1,           6.70,          19.70
 317,317,   1,           6.10,          19.70
 318,318,   1,           6.70,          19.70
 319,319,   1,           7.30,          19.70
 320,320,   1,           8.10,          17.40
 321,321,   1,          10.00,          17.40
 322,322,   1,           8.70,          19.70
 323,323,   1,          11.80,          16.20
 324,324,   1,           6.00,          16.20
 325,325,   1,           0.60,          35.90
 326,326,   1,           3.00,          15.00
 327,327,   1,           6.60,          32.40
 328,328,   1,           4.10,          39.40
 329,329,   1,           3.70,          13.90
 330,330,   1,           8.00,          12.70
 331,331,   1,           5.30,          13.90
 332,332,   1,           0.00,          28.90
 333,333,   1,           0.40,          12.70
 334,334,   1,          -0.90,          11.60
 335,335,   1,          -0.40,          12.70
 336,336,   1,           1.90,          11.60
 337,337,   1,           2.20,          11.60
 338,338,   1,           3.00,          11.60
 339,339,   1,           3.50,          10.40
 340,340,   1,           6.00,          11.60
 341,341,   1,           7.20,          10.40
 342,342,   1,           4.80,          10.40
 343,343,   1,           2.90,           9.26
 344,344,   1,           2.10,           9.26
 345,345,   1,           2.00,           9.26
 346,346,   1,           2.00,           9.26
 347,347,   1,           4.20,           9.26
 348,348,   1,           2.60,           9.26
 349,349,   1,           0.90,          11.60
 350,350,   1,           5.80,           9.26
 351,351,   1,           4.90,           9.26
 352,352,   1,           4.20,           9.26
 353,353,   1,           5.20,           9.26
 354,354,   1,           5.80,           9.26
 355,355,   1,           5.70,           9.26
 356,356,   1,           5.90,           9.26
 357,357,   1,           4.50,           9.26
 358,358,   1,           3.40,          12.70
 359,359,   1,          -1.10,          24.30
 360,360,   1,          -0.70,           9.26
 361,361,   1,          -2.00,           9.26
 362,362,   1,           3.90,           9.26
 363,363,   1,           3.60,           9.26
 364,364,   1,           4.10,           9.26
 365,365,   1,           1.60,           9.26
 366,  1,   2,           1.00,          10.40
 367,  2,   2,           0.90,          10.40
 368,  3,   2,          -0.60,          10.40
 369,  4,   2,           0.00,          10.40
 370,  5,   2,          -1.00,          13.90
 371,  6,   2,          -2.00,          16.20
 372,  7,   2,          -0.50,          10.40
 373,  8,   2,           0.00,          10.40
 374,  9,   2,          -2.00,          11.60
 375, 10,   2,          -1.10,          11.60
 376, 11,   2,          -1.00,          12.70
 377, 12,   2,          -2.20,          22.00
 378, 13,   2,          -2.50,          16.20
 379, 14,   2,          -4.40,          13.90
 380, 15,   2,          -9.10,          13.90
 381, 16,   2,          -3.60,          15.00
 382, 17,   2,          -2.60,          13.90
 383, 18,   2,          -1.50,          13.90
 384, 19,   2,          -1.10,          15.00
 385, 20,   2,           0.40,          15.00
 386, 21,   2,           2.80,          15.00
 387, 22,   2,           3.20,          16.20
 388, 23,   2,           3.20,          19.70
 389, 24,   2,          -1.50,          27.80
 390, 25,   2,          -1.00,          17.40
 391, 26,   2,          -3.10,          17.40
 392, 27,   2,          -5.50,          18.50
 393, 28,   2,          -4.80,          18.50
 394, 29,   2,          -4.40,          20.80
 395, 30,   2,         -10.20,          30.10
 396, 31,   2,         -11.20,          52.10
 397, 32,   2,          -8.90,          56.70
 398, 33,   2,          -4.70,          22.00
 399, 34,   2,          -6.90,          26.60
 400, 35,   2,          -9.10,          28.90
 401, 36,   2,          -9.20,          33.60
 402, 37,   2,          -8.70,          47.50
 403, 38,   2,          -9.80,          34.70
 404, 39,   2,          -9.40,          35.90
 405, 40,   2,         -11.00,          60.20
 406, 41,   2,         -11.50,          28.90
 407, 42,   2,         -10.90,          39.40
 408, 43,   2,          -7.90,          34.70
 409, 44,   2,          -5.60,          88.00
 410, 45,   2,          -3.10,          34.70
 411, 46,   2,          -7.10,          92.60
 412, 47,   2,          -6.90,          35.90
 413, 48,   2,          -4.10,          39.40
 414, 49,   2,          -3.50,          35.90
 415, 50,   2,           0.70,          35.90
 416, 51,   2,           2.40,          38.20
 417, 52,   2,           3.80,          39.40
 418, 53,   2,           2.70,          39.40
 419, 54,   2,           2.80,          39.40
 420, 55,   2,           5.30,          40.50
 421, 56,   2,           8.60,          41.70
 422, 57,   2,           6.30,         126.00
 423, 58,   2,           3.40,          93.80
 424, 59,   2,           4.90,          93.80
 425, 60,   2,           3.80,          63.70
 426, 61,   2,           4.20,          84.50
 427, 62,   2,           1.90,         134.00
 428, 63,   2,          -0.80,          99.50
 429, 64,   2,          -2.60,         113.00
 430, 65,   2,           2.00,          63.70
 431, 66,   2,          -0.40,          71.80
 432, 67,   2,          -1.10,         154.00
 433, 68,   2,          -1.60,          56.70
 434, 69,   2,          -5.00,          57.90
 435, 70,   2,          -0.90,          62.50
 436, 71,   2,           2.30,          56.70
 437, 72,   2,           3.10,          70.60
 438, 73,   2,           1.70,          63.70
 439, 74,   2,           1.70,          88.00
 440, 75,   2,           1.00,         124.00
 441, 76,   2,          -0.30,          88.00
 442, 77,   2,          -1.20,          75.20
 443, 78,   2,          -2.10,         115.00
 444, 79,   2,           3.00,          78.70
 445, 80,   2,           3.50,         164.00
 446, 81,   2,           4.80,          81.00
 447, 82,   2,           7.00,         170.00
 448, 83,   2,           6.70,         111.00
 449, 84,   2,           6.30,         155.00
 450, 85,   2,           6.50,         115.00
 451, 86,   2,           6.90,         138.00
 452, 87,   2,           4.30,          84.50
 453, 88,   2,           8.10,          83.30
 454, 89,   2,          10.50,          93.80
 455, 90,   2,           5.90,          91.40
 456, 91,   2,           4.50,         198.00
 457, 92,   2,           4.50,         108.00
 458, 93,   2,           4.70,         170.00
 459, 94,   2,           6.80,         251.00
 460, 95,   2,           1.80,         109.00
 461, 96,   2,           3.80,         153.00
 462, 97,   2,           2.90,         134.00
 463, 98,   2,           2.40,         231.00
 464, 99,   2,           4.20,         109.00
 465,100,   2,           4.60,         272.00
 466,101,   2,           3.60,         167.00
 467,102,   2,           3.60,         102.00
 468,103,   2,           3.00,         161.00
 469,104,   2,           2.30,         222.00
 470,105,   2,           3.10,         251.00
 471,106,   2,           5.60,         302.00
 472,107,   2,           7.20,         236.00
 473,108,   2,           7.60,         319.00
 474,109,   2,           7.60,         330.00
 475,110,   2,           7.90,         328.00
 476,111,   2,           7.40,         237.00
 477,112,   2,           1.60,         115.00
 478,113,   2,           3.80,         190.00
 479,114,   2,           2.50,         155.00
 480,115,   2,           1.40,         127.00
 481,116,   2,           2.20,         124.00
 482,117,   2,           3.90,         231.00
 483,118,   2,           3.70,         140.00
 484,119,   2,           4.10,         141.00
 485,120,   2,           4.30,         270.00
 486,121,   2,           4.20,         171.00
 487,122,   2,           6.00,         189.00
 488,123,   2,           6.00,         211.00
 489,124,   2,           6.20,         157.00
 490,125,   2,           2.80,         131.00
 491,126,   2,           3.00,         131.00
 492,127,   2,           3.30,         141.00
 493,128,   2,           6.40,         258.00
 494,129,   2,           6.10,         148.00
 495,130,   2,          12.40,         174.00
 496,131,   2,          15.60,         250.00
 497,132,   2,          15.90,         411.00
 498,133,   2,          17.80,         366.00
 499,134,   2,          12.40,         171.00
 500,135,   2,           9.90,         148.00
 501,136,   2,          11.10,         166.00
 502,137,   2,          10.90,         170.00
 503,138,   2,          12.00,         250.00
 504,139,   2,          12.70,         256.00
 505,140,   2,          11.80,         225.00
 506,141,   2,          10.80,         212.00
 507,142,   2,          10.60,         199.00
 508,143,   2,           8.60,         186.00
 509,144,   2,           9.10,         157.00
 510,145,   2,          11.50,         176.00
 511,146,   2,           8.90,         149.00
 512,147,   2,           6.30,         150.00
 513,148,   2,          10.60,         263.00
 514,149,   2,          12.60,         395.00
 515,150,   2,          13.60,         451.00
 516,151,   2,          13.90,         241.00
 517,152,   2,          12.90,         301.00
 518,153,   2,          17.00,         422.00
 519,154,   2,          15.40,         418.00
 520,155,   2,          14.60,         376.00
 521,156,   2,          15.80,         330.00
 522,157,   2,          16.70,         268.00
 523,158,   2,          16.00,         208.00
 524,159,   2,          16.00,         246.00
 525,160,   2,          16.50,         222.00
 526,161,   2,          17.20,         384.00
 527,162,   2,          17.40,         417.00
 528,163,   2,          16.20,         326.00
 529,164,   2,          16.80,         400.00
 530,165,   2,          17.40,         352.00
 531,166,   2,          17.00,         435.00
 532,167,   2,          17.40,         362.00
 533,168,   2,          17.20,         242.00
 534,169,   2,          18.40,         294.00
 535,170,   2,          19.40,         420.00
 536,171,   2,          21.80,         421.00
 537,172,   2,          21.20,         368.00
 538,173,   2,          19.20,         363.00
 539,174,   2,          17.40,         258.00
 540,175,   2,          18.80,         293.00
 541,176,   2,          20.40,         326.00
 542,177,   2,          20.70,         338.00
 543,178,   2,          21.10,         353.00
 544,179,   2,          21.40,         358.00
 545,180,   2,          21.80,         330.00
 546,181,   2,          17.90,         229.00
 547,182,   2,          17.10,         242.00
 548,183,   2,          17.80,         314.00
 549,184,   2,          18.00,         318.00
 550,185,   2,          18.30,         322.00
 551,186,   2,          18.00,         193.00
 552,187,   2,          18.70,         236.00
 553,188,   2,          17.10,         192.00
 554,189,   2,          17.50,         305.00
 555,190,   2,          16.20,         206.00
 556,191,   2,          17.90,         307.00
 557,192,   2,          17.00,         262.00
 558,193,   2,          17.30,         248.00
 559,194,   2,          17.50,         306.00
 560,195,   2,          19.10,         342.00
 561,196,   2,          20.60,         278.00
 562,197,   2,          18.50,         260.00
 563,198,   2,          20.20,         379.00
 564,199,   2,          19.60,         291.00
 565,200,   2,          18.00,         290.00
 566,201,   2,          19.20,         242.00
 567,202,   2,          17.90,         308.00
 568,203,   2,          17.20,         252.00
 569,204,   2,          16.20,         376.00
 570,205,   2,          16.60,         369.00
 571,206,   2,          18.20,         366.00
 572,207,   2,          18.20,         314.00
 573,208,   2,          20.50,         293.00
 574,209,   2,          19.00,         217.00
 575,210,   2,          17.20,         208.00
 576,211,   2,          15.80,         220.00
 577,212,   2,          16.80,         214.00
 578,213,   2,          16.70,         208.00
 579,214,   2,          18.70,         378.00
 580,215,   2,          18.90,         157.00
 581,216,   2,          17.00,         248.00
 582,217,   2,          16.00,         293.00
 583,218,   2,          15.90,         207.00
 584,219,   2,          18.70,         157.00
 585,220,   2,          21.40,         307.00
 586,221,   2,          22.30,         346.00
 587,222,   2,          18.50,         337.00
 588,223,   2,          16.50,         373.00
 589,224,   2,          15.70,         337.00
 590,225,   2,          18.30,         263.00
 591,226,   2,          18.70,         267.00
 592,227,   2,          20.70,         273.00
 593,228,   2,          21.90,         343.00
 594,229,   2,          21.00,         336.00
 595,230,   2,          20.00,         260.00
 596,231,   2,          21.10,         236.00
 597,232,   2,          20.50,         293.00
 598,233,   2,          19.40,         171.00
 599,234,   2,          20.20,         190.00
 600,235,   2,          20.40,         155.00
 601,236,   2,          17.60,         171.00
 602,237,   2,          16.20,         146.00
 603,238,   2,          14.30,         244.00
 604,239,   2,          13.90,         160.00
 605,240,   2,          13.40,         228.00
 606,241,   2,          13.10,         166.00
 607,242,   2,          12.60,         117.00
 608,243,   2,          13.80,         149.00
 609,244,   2,          11.00,         160.00
 610,245,   2,          13.90,         243.00
 611,246,   2,          12.70,         115.00
 612,247,   2,          16.10,         105.00
 613,248,   2,          15.60,         102.00
 614,249,   2,          14.40,         201.00
 615,250,   2,          12.80,         162.00
 616,251,   2,          12.60,         218.00
 617,252,   2,          14.30,         131.00
 618,253,   2,          13.30,          91.40
 619,254,   2,          10.80,         252.00
 620,255,   2,          11.70,         164.00
 621,256,   2,          13.10,          84.50
 622,257,   2,          13.30,         193.00
 623,258,   2,          14.90,          84.50
 624,259,   2,          14.50,          79.90
 625,260,   2,          12.60,          81.00
 626,261,   2,           9.70,         171.00
 627,262,   2,          11.30,         199.00
 628,263,   2,           9.50,         221.00
 629,264,   2,           9.10,          98.40
 630,265,   2,          13.70,          99.50
 631,266,   2,          13.00,         120.00
 632,267,   2,          12.90,         146.00
 633,268,   2,          14.40,         113.00
 634,269,   2,          12.40,         130.00
 635,270,   2,          14.40,          79.90
 636,271,   2,          13.50,          93.80
 637,272,   2,          12.90,          76.40
 638,273,   2,          13.20,          61.30
 639,274,   2,          12.70,          90.30
 640,275,   2,          11.70,          60.20
 641,276,   2,          12.90,         113.00
 642,277,   2,          12.80,          63.70
 643,278,   2,          13.50,          55.60
 644,279,   2,          13.90,         134.00
 645,280,   2,          12.80,          53.20
 646,281,   2,          12.90,          75.20
 647,282,   2,          12.10,          56.70
 648,283,   2,          10.80,          62.50
 649,284,   2,           9.30,          52.10
 650,285,   2,           8.30,          99.50
 651,286,   2,           7.90,          56.70
 652,287,   2,           6.20,          59.00
 653,288,   2,           6.50,          57.90
 654,289,   2,           6.70,          61.30
 655,290,   2,           5.70,          63.70
 656,291,   2,           7.00,          86.80
 657,292,   2,           3.70,          56.70
 658,293,   2,           2.20,          89.10
 659,294,   2,           2.20,          40.50
 660,295,   2,           8.60,          38.20
 661,296,   2,          10.70,          34.70
 662,297,   2,           4.00,          39.40
 663,298,   2,           2.50,          33.60
 664,299,   2,           8.40,          33.60
 665,300,   2,          10.70,          32.40
 666,301,   2,           9.40,          35.90
 667,302,   2,           8.30,          34.70
 668,303,   2,           6.70,          56.70
 669,304,   2,           2.40,          37.00
 670,305,   2,           6.00,          27.80
 671,306,   2,           9.50,          26.60
 672,307,   2,          12.70,          25.50
 673,308,   2,           9.70,          32.40
 674,309,   2,           6.30,          34.70
 675,310,   2,           8.00,          50.90
 676,311,   2,           9.60,          33.60
 677,312,   2,           8.80,          23.10
 678,313,   2,           6.50,          24.30
 679,314,   2,           5.70,          25.50
 680,315,   2,           4.80,          22.00
 681,316,   2,           6.70,          19.70
 682,317,   2,           6.10,          19.70
 683,318,   2,           6.70,          19.70
 684,319,   2,           7.30,          19.70
 685,320,   2,           8.10,          17.40
 686,321,   2,          10.00,          17.40
 687,322,   2,           8.70,          19.70
 688,323,   2,          11.80,          16.20
 689,324,   2,           6.00,          16.20
 690,325,   2,           0.60,          35.90
 691,326,   2,           3.00,          15.00
 692,327,   2,           6.60,          32.40
 693,328,   2,           4.10,          39.40
 694,329,   2,           3.70,          13.90
 695,330,   2,           8.00,          12.70
 696,331,   2,           5.30,          13.90
 697,332,   2,           0.00,          28.90
 698,333,   2,           0.40,          12.70
 699,334,   2,          -0.90,          11.60
 700,335,   2,          -0.40,          12.70
 701,336,   2,           1.90,          11.60
 702,337,   2,           2.20,          11.60
 703,338,   2,           3.00,          11.60
 704,339,   2,           3.50,          10.40
 705,340,   2,           6.00,          11.60
 706,341,   2,           7.20,          10.40
 707,342,   2,           4.80,          10.40
 708,343,   2,           2.90,           9.26
 709,344,   2,           2.10,           9.26
 710,345,   2,           2.00,           9.26
 711,346,   2,           2.00,           9.26
 712,347,   2,           4.20,           9.26
 713,348,   2,           2.60,           9.26
 714,349,   2,           0.90,          11.60
 715,350,   2,           5.80,           9.26
 716,351,   2,           4.90,           9.26
 717,352,   2,           4.20,           9.26
 718,353,   2,           5.20,           9.26
 719,354,   2,           5.80,           9.26
 720,355,   2,           5.70,           9.26
 721,356,   2,           5.90,           9.26
 722,357,   2,           4.50,           9.26
 723,358,   2,           3.40,          12.70
 724,359,   2,          -1.10,          24.30
 725,360,   2,          -0.70,           9.26
 726,361,   2,          -2.00,           9.26
 727,362,   2,           3.90,           9.26
 728,363,   2,           3.60,           9.26
 729,364,   2,           4.10,           9.26
 730,365,   2,           1.60,           9.26
 731,  1,   3,           1.00,          10.40
 732,  2,   3,           0.90,          10.40
 733,  3,   3,          -0.60,          10.40
 734,  4,   3,           0.00,          10.40
 735,  5,   3,          -1.00,          13.90
 736,  6,   3,          -2.00,          16.20
 737,  7,   3,          -0.50,          10.40
 738,  8,   3,           0.00,          10.40
 739,  9,   3,          -2.00,          11.60
 740, 10,   3,          -1.10,          11.60
 741, 11,   3,          -1.00,          12.70
 742, 12,   3,          -2.20,          22.00
 743, 13,   3,          -2.50,          16.20
 744, 14,   3,          -4.40,          13.90
 745, 15,   3,          -9.10,          13.90
 746, 16,   3,          -3.60,          15.00
 747, 17,   3,          -2.60,          13.90
 748, 18,   3,          -1.50,          13.90
 749, 19,   3,          -1.10,          15.00
 750, 20,   3,           0.40,          15.00
 751, 21,   3,           2.80,          15.00
 752, 22,   3,           3.20,          16.20
 753, 23,   3,           3.20,          19.70
 754, 24,   3,          -1.50,          27.80
 755, 25,   3,          -1.00,          17.40
 756, 26,   3,          -3.10,          17.40
 757, 27,   3,          -5.50,          18.50
 758, 28,   3,          -4.80,          18.50
 759, 29,   3,          -4.40,          20.80
 760, 30,   3,         -10.20,          30.10
 761, 31,   3,         -11.20,          52.10
 762, 32,   3,          -8.90,          56.70
 763, 33,   3,          -4.70,          22.00
 764, 34,   3,          -6.90,          26.60
 765, 35,   3,          -9.10,          28.90
 766, 36,   3,          -9.20,          33.60
 767, 37,   3,          -8.70,          47.50
 768, 38,   3,          -9.80,          34.70
 769, 39,   3,          -9.40,          35.90
 770, 40,   3,         -11.00,          60.20
 771, 41,   3,         -11.50,          28.90
 772, 42,   3,         -10.90,          39.40
 773, 43,   3,          -7.90,          34.70
 774, 44,   3,          -5.60,          88.00
 775, 45,   3,          -3.10,          34.70
 776, 46,   3,          -7.10,          92.60
 777, 47,   3,          -6.90,          35.90
 778, 48,   3,          -4.10,          39.40
 779, 49,   3,          -3.50,          35.90
 780, 50,   3,           0.70,          35.90
 781, 51,   3,           2.40,          38.20
 782, 52,   3,           3.80,          39.40
 783, 53,   3,           2.70,          39.40
 784, 54,   3,           2.80,          39.40
 785, 55,   3,           5.30,          40.50
 786, 56,   3,           8.60,          41.70
 787, 57,   3,           6.30,         126.00
 788, 58,   3,           3.40,          93.80
 789, 59,   3,           4.90,          93.80
 790, 60,   3,           3.80,          63.70
 791, 61,   3,           4.20,          84.50
 792, 62,   3,           1.90,         134.00
 793, 63,   3,          -0.80,          99.50
 794, 64,   3,          -2.60,         113.00
 795, 65,   3,           2.00,          63.70
 796, 66,   3,          -0.40,          71.80
 797, 67,   3,          -1.10,         154.00
 798, 68,   3,          -1.60,          56.70
 799, 69,   3,          -5.00,          57.90
 800, 70,   3,          -0.90,          62.50
 801, 71,   3,           2.30,          56.70
 802, 72,   3,           3.10,          70.60
 803, 73,   3,           1.70,          63.70
 804, 74,   3,           1.70,          88.00
 805, 75,   3,           1.00,         124.00
 806, 76,   3,          -0.30,          88.00
 807, 77,   3,          -1.20,          75.20
 808, 78,   3,          -2.10,         115.00
 809, 79,   3,           3.00,          78.70
 810, 80,   3,           3.50,         164.00
 811, 81,   3,           4.80,          81.00
 812, 82,   3,           7.00,         170.00
 813, 83,   3,           6.70,         111.00
 814, 84,   3,           6.30,         155.00
 815, 85,   3,           6.50,         115.00
 816, 86,   3,           6.90,         138.00
 817, 87,   3,           4.30,          84.50
 818, 88,   3,           8.10,          83.30
 819, 89,   3,          10.50,          93.80
 820, 90,   3,           5.90,          91.40
 821, 91,   3,           4.50,         198.00
 822, 92,   3,           4.50,         108.00
 823, 93,   3,           4.70,         170.00
 824, 94,   3,           6.80,         251.00
 825, 95,   3,           1.80,         109.00
 826, 96,   3,           3.80,         153.00
 827, 97,   3,           2.90,         134.00
 828, 98,   3,           2.40,         231.00
 829, 99,   3,           4.20,         109.00
 830,100,   3,           4.60,         272.00
 831,101,   3,           3.60,         167.00
 832,102,   3,           3.60,         102.00
 833,103,   3,           3.00,         161.00
 834,104,   3,           2.30,         222.00
 835,105,   3,           3.10,         251.00
 836,106,   3,           5.60,         302.00
 837,107,   3,           7.20,         236.00
 838,108,   3,           7.60,         319.00
 839,109,   3,           7.60,         330.00
 840,110,   3,           7.90,         328.00
 841,111,   3,           7.40,         237.00
 842,112,   3,           1.60,         115.00
 843,113,   3,           3.80,         190.00
 844,114,   3,           2.50,         155.00
 845,115,   3,           1.40,         127.00
 846,116,   3,           2.20,         124.00
 847,117,   3,           3.90,         231.00
 848,118,   3,           3.70,         140.00
 849,119,   3,           4.10,         141.00
 850,120,   3,           4.30,         270.00
 851,121,   3,           4.20,         171.00
 852,122,   3,           6.00,         189.00
 853,123,   3,           6.00,         211.00
 854,124,   3,           6.20,         157.00
 855,125,   3,           2.80,         131.00
 856,126,   3,           3.00,         131.00
 857,127,   3,           3.30,         141.00
 858,128,   3,           6.40,         258.00
 859,129,   3,           6.10,         148.00
 860,130,   3,          12.40,         174.00
 861,131,   3,          15.60,         250.00
 862,132,   3,          15.90,         411.00
 863,133,   3,          17.80,         366.00
 864,134,   3,          12.40,         171.00
 865,135,   3,           9.90,         148.00
 866,136,   3,          11.10,         166.00
 867,137,   3,          10.90,         170.00
 868,138,   3,          12.00,         250.00
 869,139,   3,          12.70,         256.00
 870,140,   3,          11.80,         225.00
 871,141,   3,          10.80,         212.00
 872,142,   3,          10.60,         199.00
 873,143,   3,           8.60,         186.00
 874,144,   3,           9.10,         157.00
 875,145,   3,          11.50,         176.00
 876,146,   3,           8.90,         149.00
 877,147,   3,           6.30,         150.00
 878,148,   3,          10.60,         263.00
 879,149,   3,          12.60,         395.00
 880,150,   3,          13.60,         451.00
 881,151,   3,          13.90,         241.00
 882,152,   3,          12.90,         301.00
 883,153,   3,          17.00,         422.00
 884,154,   3,          15.40,         418.00
 885,155,   3,          14.60,         376.00
 886,156,   3,          15.80,         330.00
 887,157,   3,          16.70,         268.00
 888,158,   3,          16.00,         208.00
 889,159,   3,          16.00,         246.00
 890,160,   3,          16.50,         222.00
 891,161,   3,          17.20,         384.00
 892,162,   3,          17.40,         417.00
 893,163,   3,          16.20,         326.00
 894,164,   3,          16.80,         400.00
 895,165,   3,          17.40,         352.00
 896,166,   3,          17.00,         435.00
 897,167,   3,          17.40,         362.00
 898,168,   3,          17.20,         242.00
 899,169,   3,          18.40,         294.00
 900,170,   3,          19.40,         420.00
 901,171,   3,          21.80,         421.00
 902,172,   3,          21.20,         368.00
 903,173,   3,          19.20,         363.00
 904,174,   3,          17.40,         258.00
 905,175,   3,          18.80,         293.00
 906,176,   3,          20.40,         326.00
 907,177,   3,          20.70,         338.00
 908,178,   3,          21.10,         353.00
 909,179,   3,          21.40,         358.00
 910,180,   3,          21.80,         330.00
 911,181,   3,          17.90,         229.00
 912,182,   3,          17.10,         242.00
 913,183,   3,          17.80,         314.00
 914,184,   3,          18.00,         318.00
 915,185,   3,          18.30,         322.00
 916,186,   3,          18.00,         193.00
 917,187,   3,          18.70,         236.00
 918,188,   3,          17.10,         192.00
 919,189,   3,          17.50,         305.00
 920,190,   3,          16.20,         206.00
 921,191,   3,          17.90,         307.00
 922,192,   3,          17.00,         262.00
 923,193,   3,          17.30,         248.00
 924,194,   3,          17.50,         306.00
 925,195,   3,          19.10,         342.00
 926,196,   3,          20.60,         278.00
 927,197,   3,          18.50,         260.00
 928,198,   3,          20.20,         379.00
 929,199,   3,          19.60,         291.00
 930,200,   3,          18.00,         290.00
 931,201,   3,          19.20,         242.00
 932,202,   3,          17.90,         308.00
 933,203,   3,          17.20,         252.00
 934,204,   3,          16.20,         376.00
 935,205,   3,          16.60,         369.00
 936,206,   3,          18.20,         366.00
 937,207,   3,          18.20,         314.00
 938,208,   3,          20.50,         293.00
 939,209,   3,          19.00,         217.00
 940,210,   3,          17.20,         208.00
 941,211,   3,          15.80,         220.00
 942,212,   3,          16.80,         214.00
 943,213,   3,          16.70,         208.00
 944,214,   3,          18.70,         378.00
 945,215,   3,          18.90,         157.00
 946,216,   3,          17.00,         248.00
 947,217,   3,          16.00,         293.00
 948,218,   3,          15.90,         207.00
 949,219,   3,          18.70,         157.00
 950,220,   3,          21.40,         307.00
 951,221,   3,          22.30,         346.00
 952,222,   3,          18.50,         337.00
 953,223,   3,          16.50,         373.00
 954,224,   3,          15.70,         337.00
 955,225,   3,          18.30,         263.00
 956,226,   3,          18.70,         267.00
 957,227,   3,          20.70,         273.00
 958,228,   3,          21.90,         343.00
 959,229,   3,          21.00,         336.00
 960,230,   3,          20.00,         260.00
 961,231,   3,          21.10,         236.00
 962,232,   3,          20.50,         293.00
 963,233,   3,          19.40,         171.00
 964,234,   3,          20.20,         190.00
 965,235,   3,          20.40,         155.00
 966,236,   3,          17.60,         171.00
 967,237,   3,          16.20,         146.00
 968,238,   3,          14.30,         244.00
 969,239,   3,          13.90,         160.00
 970,240,   3,          13.40,         228.00
 971,241,   3,          13.10,         166.00
 972,242,   3,          12.60,         117.00
 973,243,   3,          13.80,         149.00
 974,244,   3,          11.00,         160.00
 975,245,   3,          13.90,         243.00
 976,246,   3,          12.70,         115.00
 977,247,   3,          16.10,         105.00
 978,248,   3,          15.60,         102.00
 979,249,   3,          14.40,         201.00
 980,250,   3,          12.80,         162.00
 981,251,   3,          12.60,         218.00
 982,252,   3,          14.30,         131.00
 983,253,   3,          13.30,          91.40
 984,254,   3,          10.80,         252.00
 985,255,   3,          11.70,         164.00
 986,256,   3,          13.10,          84.50
 987,257,   3,          13.30,         193.00
 988,258,   3,          14.90,          84.50
 989,259,   3,          14.50,          79.90
 990,260,   3,          12.60,          81.00
 991,261,   3,           9.70,         171.00
 992,262,   3,          11.30,         199.00
 993,263,   3,           9.50,         221.00
 994,264,   3,           9.10,          98.40
 995,265,   3,          13.70,          99.50
 996,266,   3,          13.00,         120.00
 997,267,   3,          12.90,         146.00
 998,268,   3,          14.40,         113.00
 999,269,   3,          12.40,         130.00
1000,270,   3,          14.40,          79.90
1001,271,   3,          13.50,          93.80
1002,272,   3,          12.90,          76.40
1003,273,   3,          13.20,          61.30
1004,274,   3,          12.70,          90.30
1005,275,   3,          11.70,          60.20
1006,276,   3,          12.90,         113.00
1007,277,   3,          12.80,          63.70
1008,278,   3,          13.50,          55.60
1009,279,   3,          13.90,         134.00
1010,280,   3,          12.80,          53.20
1011,281,   3,          12.90,          75.20
1012,282,   3,          12.10,          56.70
1013,283,   3,          10.80,          62.50
1014,284,   3,           9.30,          52.10
1015,285,   3,           8.30,          99.50
1016,286,   3,           7.90,          56.70
1017,287,   3,           6.20,          59.00
1018,288,   3,           6.50,          57.90
1019,289,   3,           6.70,          61.30
1020,290,   3,           5.70,          63.70
1021,291,   3,           7.00,          86.80
1022,292,   3,           3.70,          56.70
1023,293,   3,           2.20,          89.10
1024,294,   3,           2.20,          40.50
1025,295,   3,           8.60,          38.20
1026,296,   3,          10.70,          34.70
1027,297,   3,           4.00,          39.40
1028,298,   3,           2.50,          33.60
1029,299,   3,           8.40,          33.60
1030,300,   3,          10.70,          32.40
1031,301,   3,           9.40,          35.90
1032,302,   3,           8.30,          34.70
1033,303,   3,           6.70,          56.70
1034,304,   3,           2.40,          37.00
1035,305,   3,           6.00,          27.80
1036,306,   3,           9.50,          26.60
1037,307,   3,          12.70,          25.50
1038,308,   3,           9.70,          32.40
1039,309,   3,           6.30,          34.70
1040,310,   3,           8.00,          50.90
1041,311,   3,           9.60,          33.60
1042,312,   3,           8.80,          23.10
1043,313,   3,           6.50,          24.30
1044,314,   3,           5.70,          25.50
1045,315,   3,           4.80,          22.00
1046,316,   3,           6.70,          19.70
1047,317,   3,           6.10,          19.70
1048,318,   3,           6.70,          19.70
1049,319,   3,           7.30,          19.70
1050,320,   3,           8.10,          17.40
1051,321,   3,          10.00,          17.40
1052,322,   3,           8.70,          19.70
1053,323,   3,          11.80,          16.20
1054,324,   3,           6.00,          16.20
1055,325,   3,           0.60,          35.90
1056,326,   3,           3.00,          15.00
1057,327,   3,           6.60,          32.40
1058,328,   3,           4.10,          39.40
1059,329,   3,           3.70,          13.90
1060,330,   3,           8.00,          12.70
1061,331,   3,           5.30,          13.90
1062,332,   3,           0.00,          28.90
1063,333,   3,           0.40,          12.70
1064,334,   3,          -0.90,          11.60
1065,335,   3,          -0.40,          12.70
1066,336,   3,           1.90,          11.60
1067,337,   3,           2.20,          11.60
1068,338,   3,           3.00,          11.60
1069,339,   3,           3.50,          10.40
1070,340,   3,           6.00,          11.60
1071,341,   3,           7.20,          10.40
1072,342,   3,           4.80,          10.40
1073,343,   3,           2.90,           9.26
1074,344,   3,           2.10,           9.26
1075,345,   3,           2.00,           9.26
1076,346,   3,           2.00,           9.26
1077,347,   3,           4.20,           9.26
1078,348,   3,           2.60,           9.26
1079,349,   3,           0.90,          11.60
1080,350,   3,           5.80,           9.26
1081,351,   3,           4.90,           9.26
1082,352,   3,           4.20,           9.26
1083,353,   3,           5.20,           9.26
1084,354,   3,           5.80,           9.26
1085,355,   3,           5.70,           9.26
1086,356,   3,           5.90,           9.26
1087,357,   3,           4.50,           9.26
1088,358,   3,           3.40,          12.70
1089,359,   3,          -1.10,          24.30
1090,360,   3,          -0.70,           9.26
1091,361,   3,          -2.00,           9.26
1092,362,   3,           3.90,           9.26
1093,363,   3,           3.60,           9.26
1094,364,   3,           4.10,           9.26
1095,365,   3,           1.60,           9.26
1096,  1,   4,           1.00,          10.40
1097,  2,   4,           0.90,          10.40
1098,  3,   4,          -0.60,          10.40
1099,  4,   4,           0.00,          10.40
1100,  5,   4,          -1.00,          13.90
1101,  6,   4,          -2.00,          16.20
1102,  7,   4,          -0.50,          10.40
1103,  8,   4,           0.00,          10.40
1104,  9,   4,          -2.00,          11.60
1105, 10,   4,          -1.10,          11.60
1106, 11,   4,          -1.00,          12.70
1107, 12,   4,          -2.20,          22.00
1108, 13,   4,          -2.50,          16.20
1109, 14,   4,          -4.40,          13.90
1110, 15,   4,          -9.10,          13.90
1111, 16,   4,          -3.60,          15.00
1112, 17,   4,          -2.60,          13.90
1113, 18,   4,          -1.50,          13.90
1114, 19,   4,          -1.10,          15.00
1115, 20,   4,           0.40,          15.00
1116, 21,   4,           2.80,          15.00
1117, 22,   4,           3.20,          16.20
1118, 23,   4,           3.20,          19.70
1119, 24,   4,          -1.50,          27.80
1120, 25,   4,          -1.00,          17.40
1121, 26,   4,          -3.10,          17.40
1122, 27,   4,          -5.50,          18.50
1123, 28,   4,          -4.80,          18.50
1124, 29,   4,          -4.40,          20.80
1125, 30,   4,         -10.20,          30.10
1126, 31,   4,         -11.20,          52.10
1127, 32,   4,          -8.90,          56.70
1128, 33,   4,          -4.70,          22.00
1129, 34,   4,          -6.90,          26.60
1130, 35,   4,          -9.10,          28.90
1131, 36,   4,          -9.20,          33.60
1132, 37,   4,          -8.70,          47.50
1133, 38,   4,          -9.80,          34.70
1134, 39,   4,          -9.40,          35.90
1135, 40,   4,         -11.00,          60.20
1136, 41,   4,         -11.50,          28.90
1137, 42,   4,         -10.90,          39.40
1138, 43,   4,          -7.90,          34.70
1139, 44,   4,          -5.60,          88.00
1140, 45,   4,          -3.10,          34.70
1141, 46,   4,          -7.10,          92.60
1142, 47,   4,          -6.90,          35.90
1143, 48,   4,          -4.10,          39.40
1144, 49,   4,          -3.50,          35.90
1145, 50,   4,           0.70,          35.90
1146, 51,   4,           2.40,          38.20
1147, 52,   4,           3.80,          39.40
1148, 53,   4,           2.70,          39.40
1149, 54,   4,           2.80,          39.40
1150, 55,   4,           5.30,          40.50
1151, 56,   4,           8.60,          41.70
1152, 57,   4,           6.30,         126.00
1153, 58,   4,           3.40,          93.80
1154, 59,   4,           4.90,          93.80
1155, 60,   4,           3.80,          63.70
1156, 61,   4,           4.20,          84.50
1157, 62,   4,           1.90,         134.00
1158, 63,   4,          -0.80,          99.50
1159, 64,   4,          -2.60,         113.00
1160, 65,   4,           2.00,          63.70
1161, 66,   4,          -0.40,          71.80
1162, 67,   4,          -1.10,         154.00
1163, 68,   4,          -1.60,          56.70
1164, 69,   4,          -5.00,          57.90
1165, 70,   4,          -0.90,          62.50
1166, 71,   4,           2.30,          56.70
1167, 72,   4,           3.10,          70.60
1168, 73,   4,           1.70,          63.70
1169, 74,   4,           1.70,          88.00
1170, 75,   4,           1.00,         124.00
1171, 76,   4,          -0.30,          88.00
1172, 77,   4,          -1.20,          75.20
1173, 78,   4,          -2.10,         115.00
1174, 79,   4,           3.00,          78.70
1175, 80,   4,           3.50,         164.00
1176, 81,   4,           4.80,          81.00
1177, 82,   4,           7.00,         170.00
1178, 83,   4,           6.70,         111.00
1179, 84,   4,           6.30,         155.00
1180, 85,   4,           6.50,         115.00
1181, 86,   4,           6.90,         138.00
1182, 87,   4,           4.30,          84.50
1183, 88,   4,           8.10,          83.30
1184, 89,   4,          10.50,          93.80
1185, 90,   4,           5.90,          91.40
1186, 91,   4,           4.50,         198.00
1187, 92,   4,           4.50,         108.00
1188, 93,   4,           4.70,         170.00
1189, 94,   4,           6.80,         251.00
1190, 95,   4,           1.80,         109.00
1191, 96,   4,           3.80,         153.00
1192, 97,   4,           2.90,         134.00
1193, 98,   4,           2.40,         231.00
1194, 99,   4,           4.20,         109.00
1195,100,   4,           4.60,         272.00
1196,101,   4,           3.60,         167.00
1197,102,   4,           3.60,         102.00
1198,103,   4,           3.00,         161.00
1199,104,   4,           2.30,         222.00
1200,105,   4,           3.10,         251.00
1201,106,   4,           5.60,         302.00
1202,107,   4,           7.20,         236.00
1203,108,   4,           7.60,         319.00
1204,109,   4,           7.60,         330.00
1205,110,   4,           7.90,         328.00
1206,111,   4,           7.40,         237.00
1207,112,   4,           1.60,         115.00
1208,113,   4,           3.80,         190.00
1209,114,   4,           2.50,         155.00
1210,115,   4,           1.40,         127.00
1211,116,   4,           2.20,         124.00
1212,117,   4,           3.90,         231.00
1213,118,   4,           3.70,         140.00
1214,119,   4,           4.10,         141.00
1215,120,   4,           4.30,         270.00
1216,121,   4,           4.20,         171.00
1217,122,   4,           6.00,         189.00
1218,123,   4,           6.00,         211.00
1219,124,   4,           6.20,         157.00
1220,125,   4,           2.80,         131.00
1221,126,   4,           3.00,         131.00
1222,127,   4,           3.30,         141.00
1223,128,   4,           6.40,         258.00
1224,129,   4,           6.10,         148.00
1225,130,   4,          12.40,         174.00
1226,131,   4,          15.60,         250.00
1227,132,   4,          15.90,         411.00
1228,133,   4,          17.80,         366.00
1229,134,   4,          12.40,         171.00
1230,135,   4,           9.90,         148.00
1231,136,   4,          11.10,         166.00
1232,137,   4,          10.90,         170.00
1233,138,   4,          12.00,         250.00
1234,139,   4,          12.70,         256.00
1235,140,   4,          11.80,         225.00
1236,141,   4,          10.80,         212.00
1237,142,   4,          10.60,         199.00
1238,143,   4,           8.60,         186.00
1239,144,   4,           9.10,         157.00
1240,145,   4,          11.50,         176.00
1241,146,   4,           8.90,         149.00
1242,147,   4,           6.30,         150.00
1243,148,   4,          10.60,         263.00
1244,149,   4,          12.60,         395.00
1245,150,   4,          13.60,         451.00
1246,151,   4,          13.90,         241.00
1247,152,   4,          12.90,         301.00
1248,153,   4,          17.00,         422.00
1249,154,   4,          15.40,         418.00
1250,155,   4,          14.60,         376.00
1251,156,   4,          15.80,         330.00
1252,157,   4,          16.70,         268.00
1253,158,   4,          16.00,         208.00
1254,159,   4,          16.00,         246.00
1255,160,   4,          16.50,         222.00
1256,161,   4,          17.20,         384.00
1257,162,   4,          17.40,         417.00
1258,163,   4,          16.20,         326.00
1259,164,   4,          16.80,         400.00
1260,165,   4,          17.40,         352.00
1261,166,   4,          17.00,         435.00
1262,167,   4,          17.40,         362.00
1263,168,   4,          17.20,         242.00
1264,169,   4,          18.40,         294.00
1265,170,   4,          19.40,         420.00
1266,171,   4,          21.80,         421.00
1267,172,   4,          21.20,         368.00
1268,173,   4,          19.20,         363.00
1269,174,   4,          17.40,         258.00
1270,175,   4,          18.80,         293.00
1271,176,   4,          20.40,         326.00
1272,177,   4,          20.70,         338.00
1273,178,   4,          21.10,         353.00
1274,179,   4,          21.40,         358.00
1275,180,   4,          21.80,         330.00
1276,181,   4,          17.90,         229.00
1277,182,   4,          17.10,         242.00
1278,183,   4,          17.80,         314.00
1279,184,   4,          18.00,         318.00
1280,185,   4,          18.30,         322.00
1281,186,   4,          18.00,         193.00
1282,187,   4,          18.70,         236.00
1283,188,   4,          17.10,         192.00
1284,189,   4,          17.50,         305.00
1285,190,   4,          16.20,         206.00
1286,191,   4,          17.90,         307.00
1287,192,   4,          17.00,         262.00
1288,193,   4,          17.30,         248.00
1289,194,   4,          17.50,         306.00
1290,195,   4,          19.10,         342.00
1291,196,   4,          20.60,         278.00
1292,197,   4,          18.50,         260.00
1293,198,   4,          20.20,         379.00
1294,199,   4,          19.60,         291.00
1295,200,   4,          18.00,         290.00
1296,201,   4,          19.20,         242.00
1297,202,   4,          17.90,         308.00
1298,203,   4,          17.20,         252.00
1299,204,   4,          16.20,         376.00
1300,205,   4,          16.60,         369.00
1301,206,   4,          18.20,         366.00
1302,207,   4,          18.20,         314.00
1303,208,   4,          20.50,         293.00
1304,209,   4,          19.00,         217.00
1305,210,   4,          17.20,         208.00
1306,211,   4,          15.80,         220.00
1307,212,   4,          16.80,         214.00
1308,213,   4,          16.70,         208.00
1309,214,   4,          18.70,         378.00
1310,215,   4,          18.90,         157.00
1311,216,   4,          17.00,         248.00
1312,217,   4,          16.00,         293.00
1313,218,   4,          15.90,         207.00
1314,219,   4,          18.70,         157.00
1315,220,   4,          21.40,         307.00
1316,221,   4,          22.30,         346.00
1317,222,   4,          18.50,         337.00
1318,223,   4,          16.50,         373.00
1319,224,   4,          15.70,         337.00
1320,225,   4,          18.30,         263.00
1321,226,   4,          18.70,         267.00
1322,227,   4,          20.70,         273.00
1323,228,   4,          21.90,         343.00
1324,229,   4,          21.00,         336.00
1325,230,   4,          20.00,         260.00
1326,231,   4,          21.10,         236.00
1327,232,   4,          20.50,         293.00
1328,233,   4,          19.40,         171.00
1329,234,   4,          20.20,         190.00
1330,235,   4,          20.40,         155.00
1331,236,   4,          17.60,         171.00
1332,237,   4,          16.20,         146.00
1333,238,   4,          14.30,         244.00
1334,239,   4,          13.90,         160.00
1335,240,   4,          13.40,         228.00
1336,241,   4,          13.10,         166.00
1337,242,   4,          12.60,         117.00
1338,243,   4,          13.80,         149.00
1339,244,   4,          11.00,         160.00
1340,245,   4,          13.90,         243.00
1341,246,   4,          12.70,         115.00
1342,247,   4,          16.10,         105.00
1343,248,   4,          15.60,         102.00
1344,249,   4,          14.40,         201.00
1345,250,   4,          12.80,         162.00
1346,251,   4,          12.60,         218.00
1347,252,   4,          14.30,         131.00
1348,253,   4,          13.30,          91.40
1349,254,   4,          10.80,         252.00
1350,255,   4,          11.70,         164.00
1351,256,   4,          13.10,          84.50
1352,257,   4,          13.30,         193.00
1353,258,   4,          14.90,          84.50
1354,259,   4,          14.50,          79.90
1355,260,   4,          12.60,          81.00
1356,261,   4,           9.70,         171.00
1357,262,   4,          11.30,         199.00
1358,263,   4,           9.50,         221.00
1359,264,   4,           9.10,          98.40
1360,265,   4,          13.70,          99.50
1361,266,   4,          13.00,         120.00
1362,267,   4,          12.90,         146.00
1363,268,   4,          14.40,         113.00
1364,269,   4,          12.40,         130.00
1365,270,   4,          14.40,          79.90
1366,271,   4,          13.50,          93.80
1367,272,   4,          12.90,          76.40
1368,273,   4,          13.20,          61.30
1369,274,   4,          12.70,          90.30
1370,275,   4,          11.70,          60.20
1371,276,   4,          12.90,         113.00
1372,277,   4,          12.80,          63.70
1373,278,   4,          13.50,          55.60
1374,279,   4,          13.90,         134.00
1375,280,   4,          12.80,          53.20
1376,281,   4,          12.90,          75.20
1377,282,   4,          12.10,          56.70
1378,283,   4,          10.80,          62.50
1379,284,   4,           9.30,          52.10
1380,285,   4,           8.30,          99.50
1381,286,   4,           7.90,          56.70
1382,287,   4,           6.20,          59.00
1383,288,   4,           6.50,          57.90
1384,289,   4,           6.70,          61.30
1385,290,   4,           5.70,          63.70
1386,291,   4,           7.00,          86.80
1387,292,   4,           3.70,          56.70
1388,293,   4,           2.20,          89.10
1389,294,   4,           2.20,          40.50
1390,295,   4,           8.60,          38.20
1391,296,   4,          10.70,          34.70
1392,297,   4,           4.00,          39.40
1393,298,   4,           2.50,          33.60
1394,299,   4,           8.40,          33.60
1395,300,   4,          10.70,          32.40
1396,301,   4,           9.40,          35.90
1397,302,   4,           8.30,          34.70
1398,303,   4,           6.70,          56.70
1399,304,   4,           2.40,          37.00
1400,305,   4,           6.00,          27.80
1401,306,   4,           9.50,          26.60
1402,307,   4,          12.70,          25.50
1403,308,   4,           9.70,          32.40
1404,309,   4,           6.30,          34.70
1405,310,   4,           8.00,          50.90
1406,311,   4,           9.60,          33.60
1407,312,   4,           8.80,          23.10
1408,313,   4,           6.50,          24.30
1409,314,   4,           5.70,          25.50
1410,315,   4,           4.80,          22.00
1411,316,   4,           6.70,          19.70
1412,317,   4,           6.10,          19.70
1413,318,   4,           6.70,          19.70
1414,319,   4,           7.30,          19.70
1415,320,   4,           8.10,          17.40
1416,321,   4,          10.00,          17.40
1417,322,   4,           8.70,          19.70
1418,323,   4,          11.80,          16.20
1419,324,   4,           6.00,          16.20
1420,325,   4,           0.60,          35.90
1421,326,   4,           3.00,          15.00
1422,327,   4,           6.60,          32.40
1423,328,   4,           4.10,          39.40
1424,329,   4,           3.70,          13.90
1425,330,   4,           8.00,          12.70
1426,331,   4,           5.30,          13.90
1427,332,   4,           0.00,          28.90
1428,333,   4,           0.40,          12.70
1429,334,   4,          -0.90,          11.60
1430,335,   4,          -0.40,          12.70
1431,336,   4,           1.90,          11.60
1432,337,   4,           2.20,          11.60
1433,338,   4,           3.00,          11.60
1434,339,   4,           3.50,          10.40
1435,340,   4,           6.00,          11.60
1436,341,   4,           7.20,          10.40
1437,342,   4,           4.80,          10.40
1438,343,   4,           2.90,           9.26
1439,344,   4,           2.10,           9.26
1440,345,   4,           2.00,           9.26
1441,346,   4,           2.00,           9.26
1442,347,   4,           4.20,           9.26
1443,348,   4,           2.60,           9.26
1444,349,   4,           0.90,          11.60
1445,350,   4,           5.80,           9.26
1446,351,   4,           4.90,           9.26
1447,352,   4,           4.20,           9.26
1448,353,   4,           5.20,           9.26
1449,354,   4,           5.80,           9.26
1450,355,   4,           5.70,           9.26
1451,356,   4,           5.90,           9.26
1452,357,   4,           4.50,           9.26
1453,358,   4,           3.40,          12.70
1454,359,   4,          -1.10,          24.30
1455,360,   4,          -0.70,           9.26
1456,361,   4,          -2.00,           9.26
1457,362,   4,           3.90,           9.26
1458,363,   4,           3.60,           9.26
1459,364,   4,           4.10,           9.26
1460,365,   4,           1.60,           9.26
1461,  1,   5,           1.00,          10.40
1462,  2,   5,           0.90,          10.40
1463,  3,   5,          -0.60,          10.40
1464,  4,   5,           0.00,          10.40
1465,  5,   5,          -1.00,          13.90
1466,  6,   5,          -2.00,          16.20
1467,  7,   5,          -0.50,          10.40
1468,  8,   5,           0.00,          10.40
1469,  9,   5,          -2.00,          11.60
1470, 10,   5,          -1.10,          11.60
1471, 11,   5,          -1.00,          12.70
1472, 12,   5,          -2.20,          22.00
1473, 13,   5,          -2.50,          16.20
1474, 14,   5,          -4.40,          13.90
1475, 15,   5,          -9.10,          13.90
1476, 16,   5,          -3.60,          15.00
1477, 17,   5,          -2.60,          13.90
1478, 18,   5,          -1.50,          13.90
1479, 19,   5,          -1.10,          15.00
1480, 20,   5,           0.40,          15.00
1481, 21,   5,           2.80,          15.00
1482, 22,   5,           3.20,          16.20
1483, 23,   5,           3.20,          19.70
1484, 24,   5,          -1.50,          27.80
1485, 25,   5,          -1.00,          17.40
1486, 26,   5,          -3.10,          17.40
1487, 27,   5,          -5.50,          18.50
1488, 28,   5,          -4.80,          18.50
1489, 29,   5,          -4.40,          20.80
1490, 30,   5,         -10.20,          30.10
1491, 31,   5,         -11.20,          52.10
1492, 32,   5,          -8.90,          56.70
1493, 33,   5,          -4.70,          22.00
1494, 34,   5,          -6.90,          26.60
1495, 35,   5,          -9.10,          28.90
1496, 36,   5,          -9.20,          33.60
1497, 37,   5,          -8.70,          47.50
1498, 38,   5,          -9.80,          34.70
1499, 39,   5,          -9.40,          35.90
1500, 40,   5,         -11.00,          60.20
1501, 41,   5,         -11.50,          28.90
1502, 42,   5,         -10.90,          39.40
1503, 43,   5,          -7.90,          34.70
1504, 44,   5,          -5.60,          88.00
1505, 45,   5,          -3.10,          34.70
1506, 46,   5,          -7.10,          92.60
1507, 47,   5,          -6.90,          35.90
1508, 48,   5,          -4.10,          39.40
1509, 49,   5,          -3.50,          35.90
1510, 50,   5,           0.70,          35.90
1511, 51,   5,           2.40,          38.20
1512, 52,   5,           3.80,          39.40
1513, 53,   5,           2.70,          39.40
1514, 54,   5,           2.80,          39.40
1515, 55,   5,           5.30,          40.50
1516, 56,   5,           8.60,          41.70
1517, 57,   5,           6.30,         126.00
1518, 58,   5,           3.40,          93.80
1519, 59,   5,           4.90,          93.80
1520, 60,   5,           3.80,          63.70
1521, 61,   5,           4.20,          84.50
1522, 62,   5,           1.90,         134.00
1523, 63,   5,          -0.80,          99.50
1524, 64,   5,          -2.60,         113.00
1525, 65,   5,           2.00,          63.70
1526, 66,   5,          -0.40,          71.80
1527, 67,   5,          -1.10,         154.00
1528, 68,   5,          -1.60,          56.70
1529, 69,   5,          -5.00,          57.90
1530, 70,   5,          -0.90,          62.50
1531, 71,   5,           2.30,          56.70
1532, 72,   5,           3.10,          70.60
1533, 73,   5,           1.70,          63.70
1534, 74,   5,           1.70,          88.00
1535, 75,   5,           1.00,         124.00
1536, 76,   5,          -0.30,          88.00
1537, 77,   5,          -1.20,          75.20
1538, 78,   5,          -2.10,         115.00
1539, 79,   5,           3.00,          78.70
1540, 80,   5,           3.50,         164.00
1541, 81,   5,           4.80,          81.00
1542, 82,   5,           7.00,         170.00
1543, 83,   5,           6.70,         111.00
1544, 84,   5,           6.30,         155.00
1545, 85,   5,           6.50,         115.00
1546, 86,   5,           6.90,         138.00
1547, 87,   5,           4.30,          84.50
1548, 88,   5,           8.10,          83.30
1549, 89,   5,          10.50,          93.80
1550, 90,   5,           5.90,          91.40
1551, 91,   5,           4.50,         198.00
1552, 92,   5,           4.50,         108.00
1553, 93,   5,           4.70,         170.00
1554, 94,   5,           6.80,         251.00
1555, 95,   5,           1.80,         109.00
1556, 96,   5,           3.80,         153.00
1557, 97,   5,           2.90,         134.00
1558, 98,   5,           2.40,         231.00
1559, 99,   5,           4.20,         109.00
1560,100,   5,           4.60,         272.00
1561,101,   5,           3.60,         167.00
1562,102,   5,           3.60,         102.00
1563,103,   5,           3.00,         161.00
1564,104,   5,           2.30,         222.00
1565,105,   5,           3.10,         251.00
1566,106,   5,           5.60,         302.00
1567,107,   5,           7.20,         236.00
1568,108,   5,           7.60,         319.00
1569,109,   5,           7.60,         330.00
1570,110,   5,           7.90,         328.00
1571,111,   5,           7.40,         237.00
1572,112,   5,           1.60,         115.00
1573,113,   5,           3.80,         190.00
1574,114,   5,           2.50,         155.00
1575,115,   5,           1.40,         127.00
1576,116,   5,           2.20,         124.00
1577,117,   5,           3.90,         231.00
1578,118,   5,           3.70,         140.00
1579,119,   5,           4.10,         141.00
1580,120,   5,           4.30,         270.00
1581,121,   5,           4.20,         171.00
1582,122,   5,           6.00,         189.00
1583,123,   5,           6.00,         211.00
1584,124,   5,           6.20,         157.00
1585,125,   5,           2.80,         131.00
1586,126,   5,           3.00,         131.00
1587,127,   5,           3.30,         141.00
1588,128,   5,           6.40,         258.00
1589,129,   5,           6.10,         148.00
1590,130,   5,          12.40,         174.00
1591,131,   5,          15.60,         250.00
1592,132,   5,          15.90,         411.00
1593,133,   5,          17.80,         366.00
1594,134,   5,          12.40,         171.00
1595,135,   5,           9.90,         148.00
1596,136,   5,          11.10,         166.00
1597,137,   5,          10.90,         170.00
1598,138,   5,          12.00,         250.00
1599,139,   5,          12.70,         256.00
1600,140,   5,          11.80,         225.00
1601,141,   5,          10.80,         212.00
1602,142,   5,          10.60,         199.00
1603,143,   5,           8.60,         186.00
1604,144,   5,           9.10,         157.00
1605,145,   5,          11.50,         176.00
1606,146,   5,           8.90,         149.00
1607,147,   5,           6.30,         150.00
1608,148,   5,          10.60,         263.00
1609,149,   5,          12.60,         395.00
1610,150,   5,          13.60,         451.00
1611,151,   5,          13.90,         241.00
1612,152,   5,          12.90,         301.00
1613,153,   5,          17.00,         422.00
1614,154,   5,          15.40,         418.00
1615,155,   5,          14.60,         376.00
1616,156,   5,          15.80,         330.00
1617,157,   5,          16.70,         268.00
1618,158,   5,          16.00,         208.00
1619,159,   5,          16.00,         246.00
1620,160,   5,          16.50,         222.00
1621,161,   5,          17.20,         384.00
1622,162,   5,          17.40,         417.00
1623,163,   5,          16.20,         326.00
1624,164,   5,          16.80,         400.00
1625,165,   5,          17.40,         352.00
1626,166,   5,          17.00,         435.00
1627,167,   5,          17.40,         362.00
1628,168,   5,          17.20,         242.00
1629,169,   5,          18.40,         294.00
1630,170,   5,          19.40,         420.00
1631,171,   5,          21.80,         421.00
1632,172,   5,          21.20,         368.00
1633,173,   5,          19.20,         363.00
1634,174,   5,          17.40,         258.00
1635,175,   5,          18.80,         293.00
1636,176,   5,          20.40,         326.00
1637,177,   5,          20.70,         338.00
1638,178,   5,          21.10,         353.00
1639,179,   5,          21.40,         358.00
1640,180,   5,          21.80,         330.00
1641,181,   5,          17.90,         229.00
1642,182,   5,          17.10,         242.00
1643,183,   5,          17.80,         314.00
1644,184,   5,          18.00,         318.00
1645,185,   5,          18.30,         322.00
1646,186,   5,          18.00,         193.00
1647,187,   5,          18.70,         236.00
1648,188,   5,          17.10,         192.00
1649,189,   5,          17.50,         305.00
1650,190,   5,          16.20,         206.00
1651,191,   5,          17.90,         307.00
1652,192,   5,          17.00,         262.00
1653,193,   5,          17.30,         248.00
1654,194,   5,          17.50,         306.00
1655,195,   5,          19.10,         342.00
1656,196,   5,          20.60,         278.00
1657,197,   5,          18.50,         260.00
1658,198,   5,          20.20,         379.00
1659,199,   5,          19.60,         291.00
1660,200,   5,          18.00,         290.00
1661,201,   5,          19.20,         242.00
1662,202,   5,          17.90,         308.00
1663,203,   5,          17.20,         252.00
1664,204,   5,          16.20,         376.00
1665,205,   5,          16.60,         369.00
1666,206,   5,          18.20,         366.00
1667,207,   5,          18.20,         314.00
1668,208,   5,          20.50,         293.00
1669,209,   5,          19.00,         217.00
1670,210,   5,          17.20,         208.00
1671,211,   5,          15.80,         220.00
1672,212,   5,          16.80,         214.00
1673,213,   5,          16.70,         208.00
1674,214,   5,          18.70,         378.00
1675,215,   5,          18.90,         157.00
1676,216,   5,          17.00,         248.00
1677,217,   5,          16.00,         293.00
1678,218,   5,          15.90,         207.00
1679,219,   5,          18.70,         157.00
1680,220,   5,          21.40,         307.00
1681,221,   5,          22.30,         346.00
1682,222,   5,          18.50,         337.00
1683,223,   5,          16.50,         373.00
1684,224,   5,          15.70,         337.00
1685,225,   5,          18.30,         263.00
1686,226,   5,          18.70,         267.00
1687,227,   5,          20.70,         273.00
1688,228,   5,          21.90,         343.00
1689,229,   5,          21.00,         336.00
1690,230,   5,          20.00,         260.00
1691,231,   5,          21.10,         236.00
1692,232,   5,          20.50,         293.00
1693,233,   5,          19.40,         171.00
1694,234,   5,          20.20,         190.00
1695,235,   5,          20.40,         155.00
1696,236,   5,          17.60,         171.00
1697,237,   5,          16.20,         146.00
1698,238,   5,          14.30,         244.00
1699,239,   5,          13.90,         160.00
1700,240,   5,          13.40,         228.00
1701,241,   5,          13.10,         166.00
1702,242,   5,          12.60,         117.00
1703,243,   5,          13.80,         149.00
1704,244,   5,          11.00,         160.00
1705,245,   5,          13.90,         243.00
1706,246,   5,          12.70,         115.00
1707,247,   5,          16.10,         105.00
1708,248,   5,          15.60,         102.00
1709,249,   5,          14.40,         201.00
1710,250,   5,          12.80,         162.00
1711,251,   5,          12.60,         218.00
1712,252,   5,          14.30,         131.00
1713,253,   5,          13.30,          91.40
1714,254,   5,          10.80,         252.00
1715,255,   5,          11.70,         164.00
1716,256,   5,          13.10,          84.50
1717,257,   5,          13.30,         193.00
1718,258,   5,          14.90,          84.50
1719,259,   5,          14.50,          79.90
1720,260,   5,          12.60,          81.00
1721,261,   5,           9.70,         171.00
1722,262,   5,          11.30,         199.00
1723,263,   5,           9.50,         221.00
1724,264,   5,           9.10,          98.40
1725,265,   5,          13.70,          99.50
1726,266,   5,          13.00,         120.00
1727,267,   5,          12.90,         146.00
1728,268,   5,          14.40,         113.00
1729,269,   5,          12.40,         130.00
1730,270,   5,          14.40,          79.90
1731,271,   5,          13.50,          93.80
1732,272,   5,          12.90,          76.40
1733,273,   5,          13.20,          61.30
1734,274,   5,          12.70,          90.30
1735,275,   5,          11.70,          60.20
1736,276,   5,          12.90,         113.00
1737,277,   5,          12.80,          63.70
1738,278,   5,          13.50,          55.60
1739,279,   5,          13.90,         134.00
1740,280,   5,          12.80,          53.20
1741,281,   5,          12.90,          75.20
1742,282,   5,          12.10,          56.70
1743,283,   5,          10.80,          62.50
1744,284,   5,           9.30,          52.10
1745,285,   5,           8.30,          99.50
1746,286,   5,           7.90,          56.70
1747,287,   5,           6.20,          59.00
1748,288,   5,           6.50,          57.90
1749,289,   5,           6.70,          61.30
1750,290,   5,           5.70,          63.70
1751,291,   5,           7.00,          86.80
1752,292,   5,           3.70,          56.70
1753,293,   5,           2.20,          89.10
1754,294,   5,           2.20,          40.50
1755,295,   5,           8.60,          38.20
1756,296,   5,          10.70,          34.70
1757,297,   5,           4.00,          39.40
1758,298,   5,           2.50,          33.60
1759,299,   5,           8.40,          33.60
1760,300,   5,          10.70,          32.40
1761,301,   5,           9.40,          35.90
1762,302,   5,           8.30,          34.70
1763,303,   5,           6.70,          56.70
1764,304,   5,           2.40,          37.00
1765,305,   5,           6.00,          27.80
1766,306,   5,           9.50,          26.60
1767,307,   5,          12.70,          25.50
1768,308,   5,           9.70,          32.40
1769,309,   5,           6.30,          34.70
1770,310,   5,           8.00,          50.90
1771,311,   5,           9.60,          33.60
1772,312,   5,           8.80,          23.10
1773,313,   5,           6.50,          24.30
1774,314,   5,           5.70,          25.50
1775,315,   5,           4.80,          22.00
1776,316,   5,           6.70,          19.70
1777,317,   5,           6.10,          19.70
1778,318,   5,           6.70,          19.70
1779,319,   5,           7.30,          19.70
1780,320,   5,           8.10,          17.40
1781,321,   5,          10.00,          17.40
1782,322,   5,           8.70,          19.70
1783,323,   5,          11.80,          16.20
1784,324,   5,           6.00,          16.20
1785,325,   5,           0.60,          35.90
1786,326,   5,           3.00,          15.00
1787,327,   5,           6.60,          32.40
1788,328,   5,           4.10,          39.40
1789,329,   5,           3.70,          13.90
1790,330,   5,           8.00,          12.70
1791,331,   5,           5.30,          13.90
1792,332,   5,           0.00,          28.90
1793,333,   5,           0.40,          12.70
1794,334,   5,          -0.90,          11.60
1795,335,   5,          -0.40,          12.70
1796,336,   5,           1.90,          11.60
1797,337,   5,           2.20,          11.60
1798,338,   5,           3.00,          11.60
1799,339,   5,           3.50,          10.40
1800,340,   5,           6.00,          11.60
1801,341,   5,           7.20,          10.40
1802,342,   5,           4.80,          10.40
1803,343,   5,           2.90,           9.26
1804,344,   5,           2.10,           9.26
1805,345,   5,           2.00,           9.26
1806,346,   5,           2.00,           9.26
1807,347,   5,           4.20,           9.26
1808,348,   5,           2.60,           9.26
1809,349,   5,           0.90,          11.60
1810,350,   5,           5.80,           9.26
1811,351,   5,           4.90,           9.26
1812,352,   5,           4.20,           9.26
1813,353,   5,           5.20,           9.26
1814,354,   5,           5.80,           9.26
1815,355,   5,           5.70,           9.26
1816,356,   5,           5.90,           9.26
1817,357,   5,           4.50,           9.26
1818,358,   5,           3.40,          12.70
1819,359,   5,          -1.10,          24.30
1820,360,   5,          -0.70,           9.26
1821,361,   5,          -2.00,           9.26
1822,362,   5,           3.90,           9.26
1823,363,   5,           3.60,           9.26
1824,364,   5,           4.10,           9.26
1825,365,   5,           1.60,           9.26
